seed,todos_ok,n_ok,se_puro_ok,se_m4_ok,s_puro_ok,s_m4_ok,ll_se_puro,ll_se_m4,ll_s_puro,ll_s_m4,ab_se_puro,ab_se_m4,ab_s_puro,ab_s_m4
42,FALSE,2,TRUE,TRUE,FALSE,FALSE,1767.6458623455278,1767.6458623455278,1244.7357411288813,1244.7357411288813,0.9897209361033849,0.9897209361033849,0.9848942425748052,0.9848942425748052
123,FALSE,2,TRUE,TRUE,FALSE,FALSE,1588.0276081864272,1588.0276081864272,1303.5541466160848,1303.5541466160848,0.991560137342221,0.991560137342221,0.979536329376739,0.979536329376739
1709,FALSE,0,FALSE,FALSE,FALSE,FALSE,1620.697182495411,1620.697182495411,1222.3376197618256,1222.3376197618256,0.9867377709457992,0.9867377709457992,0.9897249521387037,0.9897249521387037
1999,FALSE,0,FALSE,FALSE,FALSE,FALSE,1677.4470625518904,1677.4470625518904,1276.5012386301332,1276.5012386301332,0.9851984386009549,0.9851984386009549,0.9919876874188795,0.9919876874188795
2026,FALSE,0,FALSE,FALSE,FALSE,FALSE,1734.9196768797933,1734.9196768797933,1256.6305762543554,1256.6305762543554,0.9862256166630208,0.9862256166630208,0.9821243971726896,0.9821243971726896
2683,FALSE,0,FALSE,FALSE,FALSE,FALSE,1642.011043879065,1642.011043879065,1258.729670068873,1258.729670068873,0.9898163479660539,0.9898163479660539,0.9815354551938804,0.9815354551938804
2963,FALSE,2,TRUE,TRUE,FALSE,FALSE,1583.9179228668686,1583.9179228668686,1241.971154316076,1241.971154316076,0.9856842333917445,0.9856842333917445,0.985417489168947,0.985417489168947
4139,FALSE,0,FALSE,FALSE,FALSE,FALSE,1585.9438492777053,1585.9438492777053,1240.9984781602616,1240.9984781602616,0.9837718345515569,0.9837718345515569,0.9862471853540067,0.9862471853540067
6389,FALSE,2,TRUE,TRUE,FALSE,FALSE,1584.4792155221498,1584.4792155221498,1227.208689365554,1227.208689365554,0.9881189387950249,0.9881189387950249,0.9861655656364855,0.9861655656364855
2147483647,FALSE,2,TRUE,TRUE,FALSE,FALSE,1561.6521350134706,1561.6521350134706,1262.7837183579168,1262.7837183579168,0.9838631866411645,0.9838631866411645,0.9854218213689564,0.9854218213689564
7079,FALSE,2,TRUE,TRUE,FALSE,FALSE,1573.1521501804189,1573.1521501804189,1251.4773489478025,1251.4773489478025,0.9859019939716863,0.9859019939716863,0.9858087169313855,0.9858087169313855
524287,FALSE,0,FALSE,FALSE,FALSE,FALSE,1593.3151662379735,1593.3151662379735,1313.2570516630278,1313.2570516630278,0.9896659970344052,0.9896659970344052,0.9848595079823321,0.9848595079823321
4280869,FALSE,0,FALSE,FALSE,FALSE,FALSE,1617.1314424375155,1617.1314424375155,1299.963911396837,1299.963911396837,0.9902153953367303,0.9902153953367303,0.9875774663892152,0.9875774663892152
2929340,FALSE,0,FALSE,FALSE,FALSE,FALSE,1594.6036680495372,1594.6036680495372,1253.0885098048523,1253.0885098048523,0.9883929330367565,0.9883929330367565,0.9919011211331444,0.9919011211331444
7097760,FALSE,0,FALSE,FALSE,FALSE,FALSE,1639.3377827790546,1639.3377827790546,1239.6598236012346,1239.6598236012346,0.9804180279527819,0.9804180279527819,0.996686574291861,0.996686574291861
6823546,FALSE,0,FALSE,FALSE,FALSE,FALSE,1674.5700648340976,1674.5700648340976,1281.710247647427,1281.710247647427,0.9869201195283536,0.9869201195283536,0.9787811728840015,0.9787811728840015
1868811,FALSE,2,TRUE,TRUE,FALSE,FALSE,1584.8959165947467,1584.8959165947467,1217.8850970461333,1217.8850970461333,0.978692268057834,0.978692268057834,0.9839943889813111,0.9839943889813111
1038237,FALSE,2,TRUE,TRUE,FALSE,FALSE,1579.99014884098,1579.99014884098,1233.6910716031393,1233.6910716031393,0.987845511322072,0.987845511322072,0.9893643124306434,0.9893643124306434
4054268,FALSE,0,FALSE,FALSE,FALSE,FALSE,1663.8819943492958,1663.8819943492958,1235.3671373709,1235.3671373709,0.982116904730198,0.982116904730198,0.9940486942807394,0.9940486942807394
9259938,FALSE,0,FALSE,FALSE,FALSE,FALSE,1604.851510282207,1604.851510282207,1252.4712580804037,1252.4712580804037,0.9844631990738311,0.9844631990738311,0.9865136456353877,0.9865136456353877
1645740,FALSE,0,FALSE,FALSE,FALSE,FALSE,1671.5534104542414,1671.5534104542414,1278.8742731610148,1278.8742731610148,0.9853050964830864,0.9853050964830864,0.9868028370107097,0.9868028370107097
3266970,FALSE,2,TRUE,TRUE,FALSE,FALSE,1562.4228472454672,1562.4228472454672,1240.1819921936467,1240.1819921936467,0.9812628187578192,0.9812628187578192,0.9864925095324468,0.9864925095324468
2050773,FALSE,2,TRUE,TRUE,FALSE,FALSE,1847.328924606465,1847.328924606465,1242.765401474727,1242.765401474727,0.9831185752784419,0.9831185752784419,0.9868136432436865,0.9868136432436865
8442059,FALSE,0,FALSE,FALSE,FALSE,FALSE,1621.6175166208086,1621.6175166208086,1259.470657741513,1259.470657741513,0.9878273884079886,0.9878273884079886,0.9858937052273393,0.9858937052273393
2229609,FALSE,2,TRUE,TRUE,FALSE,FALSE,1771.3487596312832,1771.3487596312832,1220.8671925779681,1220.8671925779681,0.9911564716027427,0.9911564716027427,0.9832551248466915,0.9832551248466915
1833264,FALSE,2,TRUE,TRUE,FALSE,FALSE,1572.3044376316052,1572.3044376316052,1317.3448523334084,1317.3448523334084,0.9814713671535938,0.9814713671535938,0.990817560643269,0.990817560643269
7596308,FALSE,0,FALSE,FALSE,FALSE,FALSE,1602.4763405898645,1602.4763405898645,1245.0921329994078,1245.0921329994078,0.9886494380051598,0.9886494380051598,0.9913107037126798,0.9913107037126798
6899580,FALSE,0,FALSE,FALSE,FALSE,FALSE,1661.2747157933193,1661.2747157933193,1285.0406469658224,1285.0406469658224,0.9910089248511391,0.9910089248511391,0.9977322420066843,0.9977322420066843
8627847,FALSE,0,FALSE,FALSE,FALSE,FALSE,1611.5033022830055,1611.5033022830055,1252.1941260744954,1252.1941260744954,0.9847725042070286,0.9847725042070286,0.9879160644873568,0.9879160644873568
1585442,FALSE,0,FALSE,FALSE,FALSE,FALSE,1622.5335668626262,1622.5335668626262,1261.5319450578781,1261.5319450578781,0.9937067735937428,0.9937067735937428,0.9884479080537737,0.9884479080537737
3173686,FALSE,0,FALSE,FALSE,FALSE,FALSE,1700.5264184680318,1700.5264184680318,1265.8193480651016,1265.8193480651016,0.9863886273410005,0.9863886273410005,0.988545060342453,0.988545060342453
5874609,FALSE,0,FALSE,FALSE,FALSE,FALSE,1588.8435545134073,1588.8435545134073,1279.6397096476728,1279.6397096476728,0.9851603736867673,0.9851603736867673,0.9894241704048994,0.9894241704048994
8573081,FALSE,0,FALSE,FALSE,FALSE,FALSE,1635.3667677541684,1635.3667677541684,1231.3190565211617,1231.3190565211617,0.9794105031935794,0.9794105031935794,0.9860832063600293,0.9860832063600293
1264009,FALSE,0,FALSE,FALSE,FALSE,FALSE,1636.4055794248695,1636.4055794248695,1293.9601166055213,1293.9601166055213,0.9840482829574386,0.9840482829574386,0.9944501018119891,0.9944501018119891
7485548,FALSE,0,FALSE,FALSE,FALSE,FALSE,1616.209637624215,1616.209637624215,1254.118123638181,1254.118123638181,0.9777691706833133,0.9777691706833133,0.9876138579842069,0.9876138579842069
278224,TRUE,4,TRUE,TRUE,TRUE,TRUE,1552.8084156014468,1552.8084156014468,1406.9438131512854,1406.9438131512854,0.9864219216543589,0.9864219216543589,0.986859893048893,0.986859893048893
8717443,FALSE,0,FALSE,FALSE,FALSE,FALSE,1612.9373250909728,1612.9373250909728,1284.7897710951652,1284.7897710951652,0.9851945439003493,0.9851945439003493,0.9861250665051078,0.9861250665051078
9993121,FALSE,0,FALSE,FALSE,FALSE,FALSE,1655.948073105809,1655.948073105809,1220.182219843761,1220.182219843761,0.985841067681769,0.985841067681769,0.9834571051324582,0.9834571051324582
4778173,FALSE,0,FALSE,FALSE,FALSE,FALSE,1684.2211894542422,1684.2211894542422,1227.2176705546644,1227.2176705546644,0.9937597018430555,0.9937597018430555,0.9915638912326938,0.9915638912326938
133661,FALSE,0,FALSE,FALSE,FALSE,FALSE,1693.6720913936358,1693.6720913936358,1286.877235881612,1286.877235881612,0.9871826644788071,0.9871826644788071,0.98617502313205,0.98617502313205
8072939,FALSE,0,FALSE,FALSE,FALSE,FALSE,1707.8643347676573,1707.8643347676573,1256.718303712179,1256.718303712179,0.9840827782086203,0.9840827782086203,0.9885487858000435,0.9885487858000435
1278397,FALSE,0,FALSE,FALSE,FALSE,FALSE,1602.426386400219,1602.426386400219,1225.6222114673672,1225.6222114673672,0.9916121076091506,0.9916121076091506,0.9892493209384372,0.9892493209384372
5083664,FALSE,0,FALSE,FALSE,FALSE,FALSE,1652.9527377387471,1652.9527377387471,1330.1620612458705,1330.1620612458705,0.9875995108298945,0.9875995108298945,0.9897596277045555,0.9897596277045555
2337710,FALSE,0,FALSE,FALSE,FALSE,FALSE,1610.0945494167718,1610.0945494167718,1250.0807585826633,1250.0807585826633,0.981173661988724,0.981173661988724,0.9861604756511495,0.9861604756511495
4772628,FALSE,0,FALSE,FALSE,FALSE,FALSE,1635.6985665251977,1635.6985665251977,1219.9935524912942,1219.9935524912942,0.9833080442391322,0.9833080442391322,0.9863180124809057,0.9863180124809057
8048018,FALSE,0,FALSE,FALSE,FALSE,FALSE,1593.6357425579574,1593.6357425579574,1299.2741291786654,1299.2741291786654,0.986046973216663,0.986046973216663,0.9828310551409731,0.9828310551409731
6987426,FALSE,0,FALSE,FALSE,FALSE,FALSE,1688.4296784490007,1688.4296784490007,1285.9355317197226,1285.9355317197226,0.9870833247775788,0.9870833247775788,0.9881458406077659,0.9881458406077659
9574028,FALSE,0,FALSE,FALSE,FALSE,FALSE,1591.7414403758949,1591.7414403758949,1222.510839958875,1222.510839958875,0.9787995552946687,0.9787995552946687,0.9887360923633653,0.9887360923633653
6826768,FALSE,0,FALSE,FALSE,FALSE,FALSE,1712.0609911711763,1712.0609911711763,1308.5383824700543,1308.5383824700543,0.9909852474328305,0.9909852474328305,0.9874073912144539,0.9874073912144539
1974043,FALSE,2,TRUE,TRUE,FALSE,FALSE,1562.6349565366477,1562.6349565366477,1242.8227975875666,1242.8227975875666,0.985253140496915,0.985253140496915,0.9869713670069384,0.9869713670069384
7341056,FALSE,0,FALSE,FALSE,FALSE,FALSE,1641.2062026832473,1641.2062026832473,1371.0332623467343,1371.0332623467343,0.9829554131791833,0.9829554131791833,0.9836606729422592,0.9836606729422592
3866317,FALSE,0,FALSE,FALSE,FALSE,FALSE,1642.375035180015,1642.375035180015,1300.8690883624884,1300.8690883624884,0.9869611734070637,0.9869611734070637,0.9853823710208317,0.9853823710208317
3714552,FALSE,0,FALSE,FALSE,FALSE,FALSE,1609.5215417394277,1609.5215417394277,1282.407505543917,1282.407505543917,0.9896876782252955,0.9896876782252955,0.9825048478500513,0.9825048478500513
4396967,FALSE,0,FALSE,FALSE,FALSE,FALSE,1636.2922353842573,1636.2922353842573,1247.6922037259415,1247.6922037259415,0.9849405676640456,0.9849405676640456,0.9882076219214255,0.9882076219214255
6134206,FALSE,0,FALSE,FALSE,FALSE,FALSE,1691.9960503324241,1691.9960503324241,1277.8830877590851,1277.8830877590851,0.9432209978586907,0.9432209978586907,0.9877463342775145,0.9877463342775145
882379,FALSE,0,FALSE,FALSE,FALSE,FALSE,1644.743803253847,1644.743803253847,1263.9007514355978,1263.9007514355978,0.9758132774274958,0.9758132774274958,0.9853477517345548,0.9853477517345548
9597274,FALSE,0,FALSE,FALSE,FALSE,FALSE,1665.9782474352146,1665.9782474352146,1231.3717079331286,1231.3717079331286,0.9899467122335155,0.9899467122335155,0.9864721439645341,0.9864721439645341
2174577,FALSE,2,TRUE,TRUE,FALSE,FALSE,1757.7290979040977,1757.7290979040977,1268.75673204839,1268.75673204839,0.9921979922688515,0.9921979922688515,0.9875565006449424,0.9875565006449424
4260715,FALSE,0,FALSE,FALSE,FALSE,FALSE,1694.8022125895882,1694.8022125895882,1284.3187737682256,1284.3187737682256,0.9867912621963376,0.9867912621963376,0.9862822889301759,0.9862822889301759
6145142,FALSE,2,TRUE,TRUE,FALSE,FALSE,1559.5352881992562,1559.5352881992562,1244.9878892612371,1244.9878892612371,0.9813536323211863,0.9813536323211863,0.9910801423753979,0.9910801423753979
6474861,FALSE,2,FALSE,FALSE,TRUE,TRUE,1608.674564278067,1608.674564278067,1275.1402296742108,1275.1402296742108,0.9838450396398345,0.9838450396398345,0.9871790098479676,0.9871790098479676
2400058,FALSE,0,FALSE,FALSE,FALSE,FALSE,1704.9946246545296,1704.9946246545296,1279.286377791001,1279.286377791001,0.9878513251478129,0.9878513251478129,0.9895146539713677,0.9895146539713677
2384732,FALSE,2,TRUE,TRUE,FALSE,FALSE,1574.320408663304,1574.320408663304,1262.729823487279,1262.729823487279,0.9876490306287669,0.9876490306287669,0.9912464161670091,0.9912464161670091
7393399,FALSE,2,TRUE,TRUE,FALSE,FALSE,1562.8812261775313,1562.8812261775313,1291.8364395271124,1291.8364395271124,0.9846404649578501,0.9846404649578501,0.9874717698460277,0.9874717698460277
3646229,FALSE,0,FALSE,FALSE,FALSE,FALSE,1642.356051694583,1642.356051694583,1280.0059057146611,1280.0059057146611,0.9938954949875185,0.9938954949875185,0.9872875960499041,0.9872875960499041
2026921,FALSE,0,FALSE,FALSE,FALSE,FALSE,1726.9239095502849,1726.9239095502849,1230.23901073342,1230.23901073342,0.9862586724829505,0.9862586724829505,0.9862007756829704,0.9862007756829704
1425045,FALSE,0,FALSE,FALSE,FALSE,FALSE,1653.2822165939424,1653.2822165939424,1234.1380237216872,1234.1380237216872,0.982943380350782,0.982943380350782,0.9880603964773187,0.9880603964773187
9567874,FALSE,0,FALSE,FALSE,FALSE,FALSE,1632.9735382454749,1632.9735382454749,1228.8774432402708,1228.8774432402708,0.986395255872986,0.986395255872986,0.991968820202535,0.991968820202535
835146,FALSE,0,FALSE,FALSE,FALSE,FALSE,1706.5159810260204,1706.5159810260204,1255.875162180018,1255.875162180018,0.9833561051729527,0.9833561051729527,0.9830556426997528,0.9830556426997528
4202547,FALSE,2,TRUE,TRUE,FALSE,FALSE,1563.8513689553592,1563.8513689553592,1274.6068802041868,1274.6068802041868,0.9808779581213963,0.9808779581213963,0.9879134866126549,0.9879134866126549
3216569,FALSE,2,TRUE,TRUE,FALSE,FALSE,1602.9111435478185,1602.9111435478185,1294.9993787898911,1294.9993787898911,0.9877639671838355,0.9877639671838355,0.9860822478909987,0.9860822478909987
8391464,FALSE,0,FALSE,FALSE,FALSE,FALSE,1646.7560569918214,1646.7560569918214,1241.475297480995,1241.475297480995,0.9905695332825645,0.9905695332825645,0.9872081793913967,0.9872081793913967
1043050,FALSE,0,FALSE,FALSE,FALSE,FALSE,1652.4959156393732,1652.4959156393732,1263.0731060789678,1263.0731060789678,0.9869813264108264,0.9869813264108264,0.9796208016444131,0.9796208016444131
8652741,FALSE,0,FALSE,FALSE,FALSE,FALSE,1619.6667200316,1619.6667200316,1266.9886421312528,1266.9886421312528,0.9821976876860895,0.9821976876860895,0.9910034086105042,0.9910034086105042
9051815,FALSE,0,FALSE,FALSE,FALSE,FALSE,1689.5876252587957,1689.5876252587957,1268.4915810926461,1268.4915810926461,0.9867459121309581,0.9867459121309581,0.9850406913307691,0.9850406913307691
2435,FALSE,0,FALSE,FALSE,FALSE,FALSE,1683.4514966373647,1683.4514966373647,1285.0369424828136,1285.0369424828136,0.9854887041977223,0.9854887041977223,0.9851435872790879,0.9851435872790879
5756553,FALSE,0,FALSE,FALSE,FALSE,FALSE,1662.2260827783807,1662.2260827783807,1306.6452740809657,1306.6452740809657,0.9827151960179262,0.9827151960179262,0.9847967609953149,0.9847967609953149
6022263,FALSE,0,FALSE,FALSE,FALSE,FALSE,1742.4754709586878,1742.4754709586878,1223.1679884494483,1223.1679884494483,0.986153947040534,0.986153947040534,0.9871809312280616,0.9871809312280616
3896181,FALSE,0,FALSE,FALSE,FALSE,FALSE,1587.428760478464,1587.428760478464,1228.6188901174528,1228.6188901174528,0.9856537405122445,0.9856537405122445,0.9883954349963311,0.9883954349963311
8638106,FALSE,0,FALSE,FALSE,FALSE,FALSE,1625.7338254520864,1625.7338254520864,1223.302304043985,1223.302304043985,0.9885282145297379,0.9885282145297379,0.9955491155462908,0.9955491155462908
1216152,FALSE,0,FALSE,FALSE,FALSE,FALSE,1613.6771577238678,1613.6771577238678,1240.3016274357446,1240.3016274357446,0.9823420863566291,0.9823420863566291,0.9875456513080147,0.9875456513080147
914853,FALSE,0,FALSE,FALSE,FALSE,FALSE,1714.1054117837884,1714.1054117837884,1234.263005536215,1234.263005536215,0.9899255074208424,0.9899255074208424,0.9819246888323524,0.9819246888323524
1604296,FALSE,0,FALSE,FALSE,FALSE,FALSE,1598.5743356238402,1598.5743356238402,1307.8909196027407,1307.8909196027407,0.9834653468055309,0.9834653468055309,0.9911342003168924,0.9911342003168924
4531265,FALSE,0,FALSE,FALSE,FALSE,FALSE,1620.5974252680562,1620.5974252680562,1364.1974545703001,1364.1974545703001,0.98205985628475,0.98205985628475,0.983593528158455,0.983593528158455
6156236,FALSE,2,TRUE,TRUE,FALSE,FALSE,1792.5062573761204,1792.5062573761204,1235.983004591933,1235.983004591933,0.9905392954556215,0.9905392954556215,0.9878151194390867,0.9878151194390867
3738153,FALSE,0,FALSE,FALSE,FALSE,FALSE,1631.4157917065859,1631.4157917065859,1239.4528802886302,1239.4528802886302,0.9949918841918872,0.9949918841918872,0.987633958180189,0.987633958180189
616551,FALSE,0,FALSE,FALSE,FALSE,FALSE,1629.471581427271,1629.471581427271,1228.8640885495606,1228.8640885495606,0.9837021423802615,0.9837021423802615,0.9845720512834676,0.9845720512834676
576332,FALSE,0,FALSE,FALSE,FALSE,FALSE,1633.841826252583,1633.841826252583,1301.3543291908913,1301.3543291908913,0.9926326938510367,0.9926326938510367,0.9864554916362741,0.9864554916362741
3834420,FALSE,0,FALSE,FALSE,FALSE,FALSE,1620.4397091663016,1620.4397091663016,1215.7787491058639,1215.7787491058639,0.981852881764632,0.981852881764632,0.9905131876795886,0.9905131876795886
3172860,FALSE,2,TRUE,TRUE,FALSE,FALSE,1955.1953904485913,1955.1953904485913,1270.0823273070998,1270.0823273070998,0.9879136971368568,0.9879136971368568,0.9867850292695104,0.9867850292695104
8196069,FALSE,0,FALSE,FALSE,FALSE,FALSE,1610.8848183409764,1610.8848183409764,1249.7954040190202,1249.7954040190202,0.9910735619564669,0.9910735619564669,0.9868754621000053,0.9868754621000053
562457,FALSE,0,FALSE,FALSE,FALSE,FALSE,1575.976355836162,1575.976355836162,1240.6454550536703,1240.6454550536703,0.986692299226231,0.986692299226231,0.9841595158422504,0.9841595158422504
6225140,FALSE,0,FALSE,FALSE,FALSE,FALSE,1705.245823377779,1705.245823377779,1287.0966645419212,1287.0966645419212,0.988094014272045,0.988094014272045,0.9884910413112908,0.9884910413112908
1643724,FALSE,0,FALSE,FALSE,FALSE,FALSE,1675.6981888620219,1675.6981888620219,1255.3311321699161,1255.3311321699161,0.9869244971780536,0.9869244971780536,0.9835783276820991,0.9835783276820991
7016093,FALSE,0,FALSE,FALSE,FALSE,FALSE,1613.1168952579872,1613.1168952579872,1243.0329006030258,1243.0329006030258,0.9859897864132602,0.9859897864132602,0.9839090962507505,0.9839090962507505
8812298,FALSE,2,TRUE,TRUE,FALSE,FALSE,1580.4331029188513,1580.4331029188513,1311.9577018187958,1311.9577018187958,0.9865386229647914,0.9865386229647914,0.9899794359005712,0.9899794359005712
3510411,FALSE,0,FALSE,FALSE,FALSE,FALSE,1572.4061483675785,1572.4061483675785,1230.4537384580776,1230.4537384580776,0.9795919585196313,0.9795919585196313,0.9876699322694712,0.9876699322694712
8346978,FALSE,0,FALSE,FALSE,FALSE,FALSE,1690.9937229689035,1690.9937229689035,1262.7977217812947,1262.7977217812947,0.9832608394542615,0.9832608394542615,0.988219527697999,0.988219527697999
6556116,FALSE,0,FALSE,FALSE,FALSE,FALSE,1579.407496960245,1579.407496960245,1261.4742199631319,1261.4742199631319,0.9825246130586044,0.9825246130586044,0.9873095546294808,0.9873095546294808
8838072,FALSE,0,FALSE,FALSE,FALSE,FALSE,1576.55099278776,1576.55099278776,1270.0528064088212,1270.0528064088212,0.987123720408533,0.987123720408533,0.987200832445145,0.987200832445145
6929530,FALSE,0,FALSE,FALSE,FALSE,FALSE,1609.380778040944,1609.380778040944,1258.0584537895534,1258.0584537895534,0.9847000360135052,0.9847000360135052,0.9903861862425798,0.9903861862425798
1466899,FALSE,0,FALSE,FALSE,FALSE,FALSE,1629.6429998961612,1629.6429998961612,1350.256206995226,1350.256206995226,0.9839306297183503,0.9839306297183503,0.9908698936005035,0.9908698936005035
7024730,FALSE,0,FALSE,FALSE,FALSE,FALSE,1718.7876684326,1718.7876684326,1223.9287933339901,1223.9287933339901,0.9870968968392644,0.9870968968392644,0.9875979090215292,0.9875979090215292
9089995,TRUE,4,TRUE,TRUE,TRUE,TRUE,1752.2713143781025,1752.2713143781025,1389.3144576981356,1389.3144576981356,0.9834362996676844,0.9834362996676844,0.9982906708461597,0.9982906708461597
6768103,FALSE,0,FALSE,FALSE,FALSE,FALSE,1699.3017952548082,1699.3017952548082,1261.7136707900563,1261.7136707900563,0.9888989109472237,0.9888989109472237,0.9911018070338906,0.9911018070338906
416343,FALSE,0,FALSE,FALSE,FALSE,FALSE,1719.3777508557605,1719.3777508557605,1231.733298958766,1231.733298958766,0.985632042287597,0.985632042287597,0.9869472381688018,0.9869472381688018
4198363,FALSE,0,FALSE,FALSE,FALSE,FALSE,1669.3179538548789,1669.3179538548789,1310.5918659574058,1310.5918659574058,0.9891792898407336,0.9891792898407336,0.9897814591221258,0.9897814591221258
7146567,FALSE,0,FALSE,FALSE,FALSE,FALSE,1654.2154038852339,1654.2154038852339,1277.983205777024,1277.983205777024,0.9806388677909044,0.9806388677909044,0.9830048836874098,0.9830048836874098
8365396,FALSE,0,FALSE,FALSE,FALSE,FALSE,1584.44193726392,1584.44193726392,1288.0796470076834,1288.0796470076834,0.991465770443123,0.991465770443123,0.9864955265982599,0.9864955265982599
9135395,FALSE,0,FALSE,FALSE,FALSE,FALSE,1710.8517936162514,1710.8517936162514,1277.8383310738939,1277.8383310738939,0.987198033854203,0.987198033854203,0.9854054845168451,0.9854054845168451
930020,FALSE,0,FALSE,FALSE,FALSE,FALSE,1689.2764171958238,1689.2764171958238,1286.8687779525187,1286.8687779525187,0.9878307530868915,0.9878307530868915,0.9881365170051171,0.9881365170051171
7273041,FALSE,2,TRUE,TRUE,FALSE,FALSE,1738.5558427743251,1738.5558427743251,1233.1505812140713,1233.1505812140713,0.982706205502907,0.982706205502907,0.9850029760079453,0.9850029760079453
6809921,FALSE,0,FALSE,FALSE,FALSE,FALSE,1679.1845967704057,1679.1845967704057,1298.3589025506867,1298.3589025506867,0.99709743373573,0.99709743373573,0.9867515624195798,0.9867515624195798
3316323,FALSE,0,FALSE,FALSE,FALSE,FALSE,1696.4914920405834,1696.4914920405834,1267.3924081434886,1267.3924081434886,0.9842343655802325,0.9842343655802325,0.9831378418529312,0.9831378418529312
745921,FALSE,0,FALSE,FALSE,FALSE,FALSE,1625.1924922071703,1625.1924922071703,1318.8306872512785,1318.8306872512785,0.9825308757376586,0.9825308757376586,0.9870475795160858,0.9870475795160858
5015403,FALSE,0,FALSE,FALSE,FALSE,FALSE,1731.4622807402434,1731.4622807402434,1227.0857219828408,1227.0857219828408,0.9847357943549842,0.9847357943549842,0.9820190036305048,0.9820190036305048
9815655,FALSE,0,FALSE,FALSE,FALSE,FALSE,1629.3903433968824,1629.3903433968824,1264.0600524586014,1264.0600524586014,0.9823693909346508,0.9823693909346508,0.9887605251139014,0.9887605251139014
4510483,FALSE,0,FALSE,FALSE,FALSE,FALSE,1688.18888010293,1688.18888010293,1264.8939921640447,1264.8939921640447,0.9920712551608514,0.9920712551608514,0.9924016058706104,0.9924016058706104
4305807,FALSE,0,FALSE,FALSE,FALSE,FALSE,1610.2763755631129,1610.2763755631129,1321.021911574638,1321.021911574638,0.9872065100095712,0.9872065100095712,0.9875683242167647,0.9875683242167647
9351238,FALSE,0,FALSE,FALSE,FALSE,FALSE,1656.1806661161593,1656.1806661161593,1258.584490388538,1258.584490388538,0.9837222560938572,0.9837222560938572,0.9988600405468944,0.9988600405468944
2681234,FALSE,0,FALSE,FALSE,FALSE,FALSE,1727.9367149936197,1727.9367149936197,1281.0346347676546,1281.0346347676546,0.9818205420981391,0.9818205420981391,0.9920010570975131,0.9920010570975131
2819730,FALSE,0,FALSE,FALSE,FALSE,FALSE,1664.9333453737518,1664.9333453737518,1313.648407169332,1313.648407169332,0.9863016292171981,0.9863016292171981,0.9889632301450628,0.9889632301450628
6032694,FALSE,0,FALSE,FALSE,FALSE,FALSE,1701.3798184846182,1701.3798184846182,1250.4280204530326,1250.4280204530326,0.9881079904222533,0.9881079904222533,0.9880689341279947,0.9880689341279947
1058349,FALSE,0,FALSE,FALSE,FALSE,FALSE,1602.4186707943343,1602.4186707943343,1316.8491743971574,1316.8491743971574,0.9866406022437484,0.9866406022437484,0.9853997337928967,0.9853997337928967
2969402,FALSE,0,FALSE,FALSE,FALSE,FALSE,1664.8384605150356,1664.8384605150356,1231.026614385353,1231.026614385353,0.9824985566602504,0.9824985566602504,0.9859878705165321,0.9859878705165321
5218787,FALSE,0,FALSE,FALSE,FALSE,FALSE,1659.578151716638,1659.578151716638,1341.0588340159034,1341.0588340159034,0.9877961178251954,0.9877961178251954,0.9917487329995098,0.9917487329995098
6237419,FALSE,0,FALSE,FALSE,FALSE,FALSE,1602.6717207795082,1602.6717207795082,1239.3657381952821,1239.3657381952821,0.9811999333349032,0.9811999333349032,0.9857019027325963,0.9857019027325963
3859733,FALSE,2,FALSE,FALSE,TRUE,TRUE,1685.5216127945425,1685.5216127945425,1422.2045093519243,1422.2045093519243,0.9812206004036197,0.9812206004036197,0.9930590230180991,0.9930590230180991
3793617,FALSE,2,TRUE,TRUE,FALSE,FALSE,1591.0898460419528,1591.0898460419528,1242.73498066305,1242.73498066305,0.9801757489884366,0.9801757489884366,0.9806443586858218,0.9806443586858218
9135780,FALSE,2,FALSE,FALSE,TRUE,TRUE,1614.781348033392,1614.781348033392,1419.1933575382468,1419.1933575382468,0.9896942101324607,0.9896942101324607,0.9929173485583456,0.9929173485583456
4706771,FALSE,0,FALSE,FALSE,FALSE,FALSE,1744.4566097210416,1744.4566097210416,1216.102910835129,1216.102910835129,0.9881937869435266,0.9881937869435266,0.9891512543714027,0.9891512543714027
5569661,FALSE,0,FALSE,FALSE,FALSE,FALSE,1636.153951829072,1636.153951829072,1255.393827160458,1255.393827160458,0.9882819936601461,0.9882819936601461,0.9831228395573779,0.9831228395573779
6487071,FALSE,0,FALSE,FALSE,FALSE,FALSE,1597.2784402246996,1597.2784402246996,1223.6835293383247,1223.6835293383247,0.9834327318437212,0.9834327318437212,0.9896352496619231,0.9896352496619231
453292,FALSE,0,FALSE,FALSE,FALSE,FALSE,1631.6735634909571,1631.6735634909571,1263.4701011109244,1263.4701011109244,0.9812721149948691,0.9812721149948691,0.9901672661313415,0.9901672661313415
8514099,FALSE,0,FALSE,FALSE,FALSE,FALSE,1583.2898525153194,1583.2898525153194,1264.2426958902233,1264.2426958902233,0.9867137971543891,0.9867137971543891,0.9855748114864042,0.9855748114864042
2001678,FALSE,2,TRUE,TRUE,FALSE,FALSE,1574.5415793878703,1574.5415793878703,1286.3091759815893,1286.3091759815893,0.9865564631449045,0.9865564631449045,0.9846636785827397,0.9846636785827397
8353887,FALSE,2,TRUE,TRUE,FALSE,FALSE,1584.3623271032636,1584.3623271032636,1249.2168352004637,1249.2168352004637,0.9846195630185088,0.9846195630185088,0.9886214963310632,0.9886214963310632
3523532,FALSE,0,FALSE,FALSE,FALSE,FALSE,1611.2883348136156,1611.2883348136156,1231.126902916355,1231.126902916355,0.9893285084975316,0.9893285084975316,0.9922127499420715,0.9922127499420715
6112952,FALSE,0,FALSE,FALSE,FALSE,FALSE,1606.345574696754,1606.345574696754,1228.0805449167144,1228.0805449167144,0.9846115971347584,0.9846115971347584,0.9836304549033282,0.9836304549033282
4746148,FALSE,2,TRUE,TRUE,FALSE,FALSE,1569.3238775860011,1569.3238775860011,1346.9358956228502,1346.9358956228502,0.986467437455868,0.986467437455868,0.9908388808082804,0.9908388808082804
2536702,FALSE,0,FALSE,FALSE,FALSE,FALSE,1602.6118300237445,1602.6118300237445,1263.887076598995,1263.887076598995,0.9852175238414602,0.9852175238414602,0.9884517151493118,0.9884517151493118
2477392,FALSE,2,TRUE,TRUE,FALSE,FALSE,1570.3944079318376,1570.3944079318376,1245.8229782869012,1245.8229782869012,0.987090187882915,0.987090187882915,0.9920884198499327,0.9920884198499327
3753142,FALSE,2,FALSE,FALSE,TRUE,TRUE,1592.235956183675,1592.235956183675,1315.8478102649217,1315.8478102649217,0.9825156445668304,0.9825156445668304,0.9897423672474481,0.9897423672474481
1793912,FALSE,0,FALSE,FALSE,FALSE,FALSE,1596.6092341739563,1596.6092341739563,1257.1635887422872,1257.1635887422872,0.9858010346884266,0.9858010346884266,0.9882266035924007,0.9882266035924007
8601905,FALSE,0,FALSE,FALSE,FALSE,FALSE,1594.3667217207262,1594.3667217207262,1305.0535663320936,1305.0535663320936,0.982824758903212,0.982824758903212,0.9854885235858932,0.9854885235858932
9714738,FALSE,0,FALSE,FALSE,FALSE,FALSE,1643.3712901280926,1643.3712901280926,1236.247041371435,1236.247041371435,0.9857439137987156,0.9857439137987156,0.9910578978091253,0.9910578978091253
575518,FALSE,0,FALSE,FALSE,FALSE,FALSE,1625.2297326837715,1625.2297326837715,1258.867946566367,1258.867946566367,0.9869121151928888,0.9869121151928888,0.9870022451160507,0.9870022451160507
2325405,FALSE,2,TRUE,TRUE,FALSE,FALSE,1564.3085314766115,1564.3085314766115,1237.8430202873517,1237.8430202873517,0.978939622313489,0.978939622313489,0.9863100746165184,0.9863100746165184
7171788,FALSE,2,TRUE,TRUE,FALSE,FALSE,1577.3780257541457,1577.3780257541457,1340.428776483681,1340.428776483681,0.9875029913123015,0.9875029913123015,0.9869023019621187,0.9869023019621187
8514145,FALSE,0,FALSE,FALSE,FALSE,FALSE,1720.7693114309343,1720.7693114309343,1214.1089902907324,1214.1089902907324,0.9859639571129951,0.9859639571129951,0.9905615552768795,0.9905615552768795
4246339,FALSE,0,FALSE,FALSE,FALSE,FALSE,1609.6065687404518,1609.6065687404518,1277.4484269125908,1277.4484269125908,0.9864668955365088,0.9864668955365088,0.9890934149234183,0.9890934149234183
777351,FALSE,2,TRUE,TRUE,FALSE,FALSE,1560.4832279166444,1560.4832279166444,1271.3541374846138,1271.3541374846138,0.9827359373928182,0.9827359373928182,0.987188314882386,0.987188314882386
8772362,FALSE,2,TRUE,TRUE,FALSE,FALSE,1799.5057633537554,1799.5057633537554,1242.6391514243148,1242.6391514243148,0.9783656471682551,0.9783656471682551,0.9881814880013322,0.9881814880013322
9686435,FALSE,2,TRUE,TRUE,FALSE,FALSE,1554.505383905666,1554.505383905666,1260.0519355445279,1260.0519355445279,0.9875897539031295,0.9875897539031295,0.984589439237455,0.984589439237455
4616028,FALSE,2,TRUE,TRUE,FALSE,FALSE,1776.1744985924877,1776.1744985924877,1218.7670159571467,1218.7670159571467,0.9868570610396458,0.9868570610396458,0.9912419802028527,0.9912419802028527
8670572,FALSE,0,FALSE,FALSE,FALSE,FALSE,1628.1884361076488,1628.1884361076488,1250.9022905390643,1250.9022905390643,0.988583793230214,0.988583793230214,0.9894996750984634,0.9894996750984634
7527149,FALSE,2,TRUE,TRUE,FALSE,FALSE,1580.7509812920096,1580.7509812920096,1276.571683221336,1276.571683221336,0.9832656125929294,0.9832656125929294,0.9910369521652729,0.9910369521652729
907025,FALSE,0,FALSE,FALSE,FALSE,FALSE,1652.7712538551227,1652.7712538551227,1381.7372591980438,1381.7372591980438,0.9861285990613358,0.9861285990613358,0.9862473326043122,0.9862473326043122
9958640,FALSE,2,TRUE,TRUE,FALSE,FALSE,1571.7509459876394,1571.7509459876394,1229.4145750882858,1229.4145750882858,0.9858782371761635,0.9858782371761635,0.9846600295143885,0.9846600295143885
9081712,FALSE,0,FALSE,FALSE,FALSE,FALSE,1598.5715114857055,1598.5715114857055,1225.6931735065073,1225.6931735065073,0.9864065687505397,0.9864065687505397,0.9867591057322256,0.9867591057322256
6963487,FALSE,0,FALSE,FALSE,FALSE,FALSE,1620.7801701918506,1620.7801701918506,1244.464162510711,1244.464162510711,0.9902949017068143,0.9902949017068143,0.9889461860584424,0.9889461860584424
8510287,FALSE,0,FALSE,FALSE,FALSE,FALSE,1663.7301067733354,1663.7301067733354,1295.9066629967865,1295.9066629967865,0.9845203854243532,0.9845203854243532,0.9948172155640733,0.9948172155640733
1874794,FALSE,0,FALSE,FALSE,FALSE,FALSE,1597.3790024958257,1597.3790024958257,1215.0038206331826,1215.0038206331826,0.9913223878997308,0.9913223878997308,0.9833679089354618,0.9833679089354618
5573091,FALSE,0,FALSE,FALSE,FALSE,FALSE,1671.8706504550773,1671.8706504550773,1276.237550342477,1276.237550342477,0.9836989923977972,0.9836989923977972,0.9919098901468854,0.9919098901468854
9588282,FALSE,2,TRUE,TRUE,FALSE,FALSE,1550.3529436050223,1550.3529436050223,1269.5478032236601,1269.5478032236601,0.9873182850352824,0.9873182850352824,0.9847693315397941,0.9847693315397941
9472253,FALSE,2,TRUE,TRUE,FALSE,FALSE,1568.0523685133212,1568.0523685133212,1294.0274018982223,1294.0274018982223,0.980014879852191,0.980014879852191,0.9925229617243352,0.9925229617243352
8881778,FALSE,0,FALSE,FALSE,FALSE,FALSE,1707.5573612800956,1707.5573612800956,1232.5099848941006,1232.5099848941006,0.9796241747028351,0.9796241747028351,0.9947335777970663,0.9947335777970663
2301176,FALSE,2,TRUE,TRUE,FALSE,FALSE,1761.2601895450343,1761.2601895450343,1243.1548029534888,1243.1548029534888,0.9855907700690988,0.9855907700690988,0.9921970864392485,0.9921970864392485
5743163,FALSE,2,TRUE,TRUE,FALSE,FALSE,1614.0310736716992,1614.0310736716992,1227.9668053979435,1227.9668053979435,0.9852523811917004,0.9852523811917004,0.9959357655643876,0.9959357655643876
1804620,FALSE,0,FALSE,FALSE,FALSE,FALSE,1696.583528748443,1696.583528748443,1262.9422444388201,1262.9422444388201,0.9882781587267465,0.9882781587267465,0.987224256442133,0.987224256442133
8120259,FALSE,0,FALSE,FALSE,FALSE,FALSE,1683.320220542102,1683.320220542102,1261.0428550230981,1261.0428550230981,0.9833551699481059,0.9833551699481059,0.9885829281285952,0.9885829281285952
6130713,FALSE,0,FALSE,FALSE,FALSE,FALSE,1718.524659677721,1718.524659677721,1240.8531969836504,1240.8531969836504,0.9863068505354912,0.9863068505354912,0.9841502987384083,0.9841502987384083
3770359,TRUE,4,TRUE,TRUE,TRUE,TRUE,1556.7958938053969,1556.7958938053969,1315.4476116144012,1315.4476116144012,0.9860550491096343,0.9860550491096343,0.9882236654166219,0.9882236654166219
4301350,FALSE,0,FALSE,FALSE,FALSE,FALSE,1617.5348708303393,1617.5348708303393,1236.9235396408717,1236.9235396408717,0.9880210009693055,0.9880210009693055,0.9877355187085033,0.9877355187085033
8804968,FALSE,0,FALSE,FALSE,FALSE,FALSE,1659.405107769518,1659.405107769518,1282.4355591772742,1282.4355591772742,0.9832911871433095,0.9832911871433095,0.9858551988388459,0.9858551988388459
1846536,FALSE,0,FALSE,FALSE,FALSE,FALSE,1592.8863110305754,1592.8863110305754,1243.2653760247922,1243.2653760247922,0.9872012471827003,0.9872012471827003,0.9889740082322686,0.9889740082322686
9292828,FALSE,2,TRUE,TRUE,FALSE,FALSE,1810.766648224937,1810.766648224937,1288.7054131324887,1288.7054131324887,0.984433454649803,0.984433454649803,0.9940547409645397,0.9940547409645397
615549,FALSE,0,FALSE,FALSE,FALSE,FALSE,1606.3705810480226,1606.3705810480226,1286.5629267797945,1286.5629267797945,0.9830697939691495,0.9830697939691495,0.9853749869078696,0.9853749869078696
9024193,FALSE,2,TRUE,TRUE,FALSE,FALSE,1587.1818713979399,1587.1818713979399,1282.9089838783375,1282.9089838783375,0.9850346103649305,0.9850346103649305,0.9899864950943148,0.9899864950943148
7799059,FALSE,0,FALSE,FALSE,FALSE,FALSE,1665.3887954042198,1665.3887954042198,1245.0143742881023,1245.0143742881023,0.9870149058721662,0.9870149058721662,0.9857879595012933,0.9857879595012933
715235,FALSE,0,FALSE,FALSE,FALSE,FALSE,1598.5922700099106,1598.5922700099106,1266.052894981076,1266.052894981076,0.9915971457328359,0.9915971457328359,0.985178024856325,0.985178024856325
7972981,FALSE,2,TRUE,TRUE,FALSE,FALSE,1558.265924218384,1558.265924218384,1346.9848253322089,1346.9848253322089,0.9763791998153221,0.9763791998153221,0.9858703779417337,0.9858703779417337
1226830,FALSE,0,FALSE,FALSE,FALSE,FALSE,1664.5214157374141,1664.5214157374141,1261.3847764277277,1261.3847764277277,0.9849517684639906,0.9849517684639906,0.989448968820602,0.989448968820602
7095594,FALSE,0,FALSE,FALSE,FALSE,FALSE,1609.2652349826262,1609.2652349826262,1282.2442375134012,1282.2442375134012,0.987296005213236,0.987296005213236,0.9914530642499454,0.9914530642499454
6600963,FALSE,0,FALSE,FALSE,FALSE,FALSE,1605.1375078000435,1605.1375078000435,1222.6963369539126,1222.6963369539126,0.9933853189600251,0.9933853189600251,0.9853859607550234,0.9853859607550234
4848251,FALSE,0,FALSE,FALSE,FALSE,FALSE,1585.1927239170097,1585.1927239170097,1344.9734481177954,1344.9734481177954,0.9860764316782427,0.9860764316782427,0.9882917783847641,0.9882917783847641
4481489,FALSE,0,FALSE,FALSE,FALSE,FALSE,1617.0683879075098,1617.0683879075098,1264.2738150189764,1264.2738150189764,0.9764340451967743,0.9764340451967743,0.992939607840081,0.992939607840081
439800,FALSE,2,TRUE,TRUE,FALSE,FALSE,1583.3619217508287,1583.3619217508287,1218.8655626256495,1218.8655626256495,0.9801333375293673,0.9801333375293673,0.983392834336304,0.983392834336304
4527141,FALSE,0,FALSE,FALSE,FALSE,FALSE,1647.7503321683994,1647.7503321683994,1281.4243053972639,1281.4243053972639,0.9851789944762802,0.9851789944762802,0.9855862094635351,0.9855862094635351
3458232,FALSE,0,FALSE,FALSE,FALSE,FALSE,1635.9959975628562,1635.9959975628562,1219.5943011761913,1219.5943011761913,0.9863984846564603,0.9863984846564603,0.9940137315938317,0.9940137315938317
9535811,FALSE,2,TRUE,TRUE,FALSE,FALSE,1585.0420333024667,1585.0420333024667,1329.1095518395014,1329.1095518395014,0.9763696185331818,0.9763696185331818,0.9864716146782219,0.9864716146782219
3142110,FALSE,2,TRUE,TRUE,FALSE,FALSE,1567.6944441907658,1567.6944441907658,1321.088660799682,1321.088660799682,0.9860981924391166,0.9860981924391166,0.98482575456961,0.98482575456961
8723105,FALSE,0,FALSE,FALSE,FALSE,FALSE,1623.7396097245087,1623.7396097245087,1234.477689777279,1234.477689777279,0.9899517364856134,0.9899517364856134,0.9866894002742975,0.9866894002742975
4624266,FALSE,2,TRUE,TRUE,FALSE,FALSE,1585.801493323898,1585.801493323898,1231.5869107251744,1231.5869107251744,0.9828058904941142,0.9828058904941142,0.9876244757627117,0.9876244757627117
6686694,FALSE,0,FALSE,FALSE,FALSE,FALSE,1667.8952052272998,1667.8952052272998,1283.3394473468115,1283.3394473468115,0.9792432091827719,0.9792432091827719,0.9930877296775005,0.9930877296775005
2069519,FALSE,2,TRUE,TRUE,FALSE,FALSE,1822.4313132368113,1822.4313132368113,1299.4622349926647,1299.4622349926647,0.9928799217508889,0.9928799217508889,0.9871824427743489,0.9871824427743489
8499437,FALSE,0,FALSE,FALSE,FALSE,FALSE,1712.730402575693,1712.730402575693,1253.8872739191977,1253.8872739191977,0.984628297324453,0.984628297324453,0.9854114400633959,0.9854114400633959
9552298,FALSE,2,TRUE,TRUE,FALSE,FALSE,1586.819310948961,1586.819310948961,1294.2618226460963,1294.2618226460963,0.9824929963685433,0.9824929963685433,0.9876017451420792,0.9876017451420792
9018785,FALSE,0,FALSE,FALSE,FALSE,FALSE,1660.183743890864,1660.183743890864,1296.2904966232682,1296.2904966232682,0.9855711232385884,0.9855711232385884,0.9851222969419703,0.9851222969419703
1607579,FALSE,0,FALSE,FALSE,FALSE,FALSE,1646.5252867412164,1646.5252867412164,1229.048475661853,1229.048475661853,0.9815646465765149,0.9815646465765149,0.9859489529786569,0.9859489529786569
2788572,FALSE,2,TRUE,TRUE,FALSE,FALSE,1565.5064840731843,1565.5064840731843,1250.6456729432145,1250.6456729432145,0.981802367286063,0.981802367286063,0.9859413819491095,0.9859413819491095
4878988,FALSE,0,FALSE,FALSE,FALSE,FALSE,1589.1820886116693,1589.1820886116693,1265.5078318695482,1265.5078318695482,0.9875476619425798,0.9875476619425798,0.9838088084084167,0.9838088084084167
9978590,FALSE,2,TRUE,TRUE,FALSE,FALSE,1567.6484437480894,1567.6484437480894,1242.849625667077,1242.849625667077,0.9869604640475952,0.9869604640475952,0.9882207042478237,0.9882207042478237
4226,FALSE,2,TRUE,TRUE,FALSE,FALSE,1753.534282501688,1753.534282501688,1257.4618497369327,1257.4618497369327,0.9878294198615305,0.9878294198615305,0.9902781361130683,0.9902781361130683
5460101,FALSE,0,FALSE,FALSE,FALSE,FALSE,1627.5473483211447,1627.5473483211447,1261.5818780780926,1261.5818780780926,0.9803347710342113,0.9803347710342113,0.9927985083603383,0.9927985083603383
1716429,FALSE,0,FALSE,FALSE,FALSE,FALSE,1603.1821009029982,1603.1821009029982,1224.3934411406597,1224.3934411406597,0.9827288479323751,0.9827288479323751,0.9863418902890081,0.9863418902890081
4321266,FALSE,0,FALSE,FALSE,FALSE,FALSE,1665.645066492588,1665.645066492588,1270.3383404869758,1270.3383404869758,0.9744718478285328,0.9744718478285328,0.9912647346942752,0.9912647346942752
1116117,FALSE,0,FALSE,FALSE,FALSE,FALSE,1637.8940098542646,1637.8940098542646,1250.3743048485137,1250.3743048485137,0.9837358314751573,0.9837358314751573,0.9947200754550642,0.9947200754550642
6199953,FALSE,0,FALSE,FALSE,FALSE,FALSE,1617.375104161416,1617.375104161416,1258.9577360565759,1258.9577360565759,0.9816879860541897,0.9816879860541897,0.9879305001185875,0.9879305001185875
8462439,FALSE,2,TRUE,TRUE,FALSE,FALSE,1772.2921350082943,1772.2921350082943,1242.8828701105836,1242.8828701105836,0.9934892132205116,0.9934892132205116,0.9866274390712299,0.9866274390712299
6772085,FALSE,0,FALSE,FALSE,FALSE,FALSE,1606.6816878087748,1606.6816878087748,1266.5494086598821,1266.5494086598821,0.9858046116445727,0.9858046116445727,0.9834004441317509,0.9834004441317509
4934196,FALSE,2,TRUE,TRUE,FALSE,FALSE,1602.21058331312,1602.21058331312,1223.2473494126002,1223.2473494126002,0.9891919540295631,0.9891919540295631,0.986300562165424,0.986300562165424
3136542,FALSE,0,FALSE,FALSE,FALSE,FALSE,1670.070602811431,1670.070602811431,1253.458685798101,1253.458685798101,0.9924213820117022,0.9924213820117022,0.9947437451201373,0.9947437451201373
6057040,FALSE,0,FALSE,FALSE,FALSE,FALSE,1622.3243767170525,1622.3243767170525,1281.9209354106101,1281.9209354106101,0.9858039694087682,0.9858039694087682,0.993240045762717,0.993240045762717
4405332,FALSE,0,FALSE,FALSE,FALSE,FALSE,1614.9339971175355,1614.9339971175355,1279.8935017552576,1279.8935017552576,0.9824459218173791,0.9824459218173791,0.992004860722865,0.992004860722865
9876758,FALSE,0,FALSE,FALSE,FALSE,FALSE,1584.0412702950634,1584.0412702950634,1300.1224611058492,1300.1224611058492,0.9808216289534659,0.9808216289534659,0.9851952591600571,0.9851952591600571
3225452,FALSE,0,FALSE,FALSE,FALSE,FALSE,1594.495719301159,1594.495719301159,1337.8309118934922,1337.8309118934922,0.9785538129075951,0.9785538129075951,0.9836952314064361,0.9836952314064361
7797775,FALSE,0,FALSE,FALSE,FALSE,FALSE,1666.2732502687402,1666.2732502687402,1251.354623817726,1251.354623817726,0.9795617756872055,0.9795617756872055,0.9931017426540718,0.9931017426540718
1123679,FALSE,0,FALSE,FALSE,FALSE,FALSE,1693.8102113318955,1693.8102113318955,1261.5117784830552,1261.5117784830552,0.9848412798100886,0.9848412798100886,0.9864884626667275,0.9864884626667275
6367935,FALSE,2,FALSE,FALSE,TRUE,TRUE,1631.7653832849462,1631.7653832849462,1410.4548607813783,1410.4548607813783,0.9871015075636697,0.9871015075636697,0.9871422509235072,0.9871422509235072
6937172,FALSE,0,FALSE,FALSE,FALSE,FALSE,1597.9640139261137,1597.9640139261137,1257.2842633900805,1257.2842633900805,0.9815718562000358,0.9815718562000358,0.985200960187919,0.985200960187919
1320598,FALSE,0,FALSE,FALSE,FALSE,FALSE,1657.3326505124803,1657.3326505124803,1297.3191476695738,1297.3191476695738,0.9767297888618602,0.9767297888618602,0.9806358451735351,0.9806358451735351
641446,FALSE,0,FALSE,FALSE,FALSE,FALSE,1688.829815142684,1688.829815142684,1350.4978227909003,1350.4978227909003,0.9846618097750076,0.9846618097750076,0.9862753805446584,0.9862753805446584
108334,FALSE,2,TRUE,TRUE,FALSE,FALSE,1799.5438804002192,1799.5438804002192,1240.0296496375802,1240.0296496375802,0.983996799632728,0.983996799632728,0.9804984891204067,0.9804984891204067
6061574,FALSE,0,FALSE,FALSE,FALSE,FALSE,1647.0971844715766,1647.0971844715766,1246.214739136169,1246.214739136169,0.9791250483376275,0.9791250483376275,0.9882949993019687,0.9882949993019687
7279251,FALSE,0,FALSE,FALSE,FALSE,FALSE,1675.9457579676614,1675.9457579676614,1236.8140019235316,1236.8140019235316,0.9831610889858342,0.9831610889858342,0.9867583949261742,0.9867583949261742
2408176,FALSE,0,FALSE,FALSE,FALSE,FALSE,1744.9379869131042,1744.9379869131042,1240.185285793361,1240.185285793361,0.9886581139546871,0.9886581139546871,0.9883686077603056,0.9883686077603056
4294861,FALSE,0,FALSE,FALSE,FALSE,FALSE,1593.2872950768856,1593.2872950768856,1301.522694487074,1301.522694487074,0.980201720380441,0.980201720380441,0.9854678076467787,0.9854678076467787
2717965,FALSE,0,FALSE,FALSE,FALSE,FALSE,1593.5885212044138,1593.5885212044138,1340.3246094771396,1340.3246094771396,0.9853576175439989,0.9853576175439989,0.982127402211388,0.982127402211388
5274139,FALSE,0,FALSE,FALSE,FALSE,FALSE,1624.6332004346575,1624.6332004346575,1250.5737228935627,1250.5737228935627,0.9856805331281837,0.9856805331281837,0.9849542373173281,0.9849542373173281
8753213,FALSE,0,FALSE,FALSE,FALSE,FALSE,1616.887575723452,1616.887575723452,1236.9893907310684,1236.9893907310684,0.9904482390102309,0.9904482390102309,0.9858879320795844,0.9858879320795844
7795859,FALSE,0,FALSE,FALSE,FALSE,FALSE,1599.4134885085787,1599.4134885085787,1252.9901431359483,1252.9901431359483,0.984892561287541,0.984892561287541,0.9847305055297928,0.9847305055297928
8002596,FALSE,0,FALSE,FALSE,FALSE,FALSE,1597.0523235383375,1597.0523235383375,1302.1144649096816,1302.1144649096816,0.9792045989642867,0.9792045989642867,0.9852831923485696,0.9852831923485696
7561087,TRUE,4,TRUE,TRUE,TRUE,TRUE,1757.2352159196992,1757.2352159196992,1378.4665565897617,1378.4665565897617,0.9902197257146432,0.9902197257146432,0.9913952828503475,0.9913952828503475
5743754,FALSE,0,FALSE,FALSE,FALSE,FALSE,1613.2091966822134,1613.2091966822134,1236.6465034690336,1236.6465034690336,0.9919892929033122,0.9919892929033122,0.9862853483427908,0.9862853483427908
333806,FALSE,0,FALSE,FALSE,FALSE,FALSE,1622.2519859637946,1622.2519859637946,1220.848008569568,1220.848008569568,0.9701292509857322,0.9701292509857322,0.9901940356332,0.9901940356332
6829078,FALSE,0,FALSE,FALSE,FALSE,FALSE,1613.4302949767184,1613.4302949767184,1310.4158786551934,1310.4158786551934,0.9881825634756288,0.9881825634756288,0.9909235357081159,0.9909235357081159
3026249,FALSE,0,FALSE,FALSE,FALSE,FALSE,1635.9053509271905,1635.9053509271905,1294.3091152982242,1294.3091152982242,0.9943386604232943,0.9943386604232943,0.9934190471987687,0.9934190471987687
4689304,FALSE,0,FALSE,FALSE,FALSE,FALSE,1586.2463329977513,1586.2463329977513,1289.2856673920076,1289.2856673920076,0.9809762001965114,0.9809762001965114,0.9903418857434638,0.9903418857434638
1339430,FALSE,0,FALSE,FALSE,FALSE,FALSE,1644.227736392924,1644.227736392924,1289.4267574248772,1289.4267574248772,0.983585648338406,0.983585648338406,0.9913618233386908,0.9913618233386908
674849,FALSE,0,FALSE,FALSE,FALSE,FALSE,1668.6445710121877,1668.6445710121877,1288.7079108942273,1288.7079108942273,0.9842089962071356,0.9842089962071356,0.9864067972653051,0.9864067972653051
5342055,FALSE,0,FALSE,FALSE,FALSE,FALSE,1600.7272729038848,1600.7272729038848,1319.2390339034416,1319.2390339034416,0.9832615602444449,0.9832615602444449,0.9889947601613848,0.9889947601613848
5997302,FALSE,0,FALSE,FALSE,FALSE,FALSE,1615.9410916660586,1615.9410916660586,1277.2164489670404,1277.2164489670404,0.9847025629361698,0.9847025629361698,0.9851658079194793,0.9851658079194793
7558409,FALSE,0,FALSE,FALSE,FALSE,FALSE,1651.7950743886438,1651.7950743886438,1292.8553319687687,1292.8553319687687,0.9958794075904058,0.9958794075904058,0.9893134471873328,0.9893134471873328
4096055,FALSE,2,FALSE,FALSE,TRUE,TRUE,1663.3526270055045,1663.3526270055045,1422.1065205289367,1422.1065205289367,0.9863558239451634,0.9863558239451634,0.9867263187276315,0.9867263187276315
4211976,FALSE,0,FALSE,FALSE,FALSE,FALSE,1730.336483268295,1730.336483268295,1247.124833926932,1247.124833926932,0.9804045037456475,0.9804045037456475,0.9938793037743383,0.9938793037743383
2895502,FALSE,2,TRUE,TRUE,FALSE,FALSE,1560.3615595483557,1560.3615595483557,1237.9737785042275,1237.9737785042275,0.9823465676443843,0.9823465676443843,0.99094645845375,0.99094645845375
3570804,FALSE,2,TRUE,TRUE,FALSE,FALSE,1582.1075843009974,1582.1075843009974,1242.0988770642489,1242.0988770642489,0.9906702815807248,0.9906702815807248,0.9858758799207543,0.9858758799207543
4248618,FALSE,0,FALSE,FALSE,FALSE,FALSE,1596.2233140207443,1596.2233140207443,1226.7851065171512,1226.7851065171512,0.9862234038987922,0.9862234038987922,0.9851543165622403,0.9851543165622403
2712358,FALSE,2,TRUE,TRUE,FALSE,FALSE,1568.5373233649198,1568.5373233649198,1287.237966748954,1287.237966748954,0.9815338004415608,0.9815338004415608,0.9859081249164465,0.9859081249164465
8724153,FALSE,2,TRUE,TRUE,FALSE,FALSE,1770.5016367329795,1770.5016367329795,1287.4645604470497,1287.4645604470497,0.9890083865607262,0.9890083865607262,0.9854182757098365,0.9854182757098365
8674602,FALSE,2,TRUE,TRUE,FALSE,FALSE,1753.280962060445,1753.280962060445,1253.7568947774344,1253.7568947774344,0.9909707540768133,0.9909707540768133,0.9864680311192149,0.9864680311192149
4628302,FALSE,0,FALSE,FALSE,FALSE,FALSE,1645.1252267448651,1645.1252267448651,1276.7521834163342,1276.7521834163342,0.9836478250715148,0.9836478250715148,0.988943413302207,0.988943413302207
2788278,FALSE,0,FALSE,FALSE,FALSE,FALSE,1639.023506479465,1639.023506479465,1265.9095618174963,1265.9095618174963,0.9884858317501151,0.9884858317501151,0.9864200175840863,0.9864200175840863
6938466,FALSE,0,FALSE,FALSE,FALSE,FALSE,1742.8855367161023,1742.8855367161023,1260.8534756223107,1260.8534756223107,0.9876452141637091,0.9876452141637091,0.9836997216134813,0.9836997216134813
3055950,FALSE,0,FALSE,FALSE,FALSE,FALSE,1663.1815002345536,1663.1815002345536,1276.7176110388777,1276.7176110388777,0.9915906855117088,0.9915906855117088,0.9893973185417428,0.9893973185417428
354097,FALSE,2,FALSE,FALSE,TRUE,TRUE,1586.2343084869917,1586.2343084869917,1296.2796067897916,1296.2796067897916,0.987303806369939,0.987303806369939,0.9961474682360834,0.9961474682360834
3487945,FALSE,0,FALSE,FALSE,FALSE,FALSE,1628.3799469203382,1628.3799469203382,1324.6312059992183,1324.6312059992183,0.9899123320534259,0.9899123320534259,0.9840258424423186,0.9840258424423186
9280587,FALSE,0,FALSE,FALSE,FALSE,FALSE,1599.2310201373693,1599.2310201373693,1283.1566325713627,1283.1566325713627,0.9918013332448443,0.9918013332448443,0.9873906032029666,0.9873906032029666
3569526,FALSE,2,TRUE,TRUE,FALSE,FALSE,1573.1832796553915,1573.1832796553915,1308.4366918908327,1308.4366918908327,0.9854828497185286,0.9854828497185286,0.986789166690034,0.986789166690034
113574,FALSE,2,TRUE,TRUE,FALSE,FALSE,1578.7896922409482,1578.7896922409482,1222.0227856854792,1222.0227856854792,0.9781576797434866,0.9781576797434866,0.9873278441089567,0.9873278441089567
5539540,FALSE,2,TRUE,TRUE,FALSE,FALSE,1749.0493566925147,1749.0493566925147,1224.5541837195783,1224.5541837195783,0.9869607381638489,0.9869607381638489,0.9886481260937316,0.9886481260937316
3043877,FALSE,0,FALSE,FALSE,FALSE,FALSE,1628.8701558276002,1628.8701558276002,1254.338980123858,1254.338980123858,0.9855794826139935,0.9855794826139935,0.988663683349486,0.988663683349486
3926140,FALSE,0,FALSE,FALSE,FALSE,FALSE,1673.7935198681496,1673.7935198681496,1290.78744744439,1290.78744744439,0.9816764833999836,0.9816764833999836,0.9868396228746993,0.9868396228746993
2517379,TRUE,4,TRUE,TRUE,TRUE,TRUE,1579.0242893021739,1579.0242893021739,1417.2237316476242,1417.2237316476242,0.9809132358610129,0.9809132358610129,0.9889034222263107,0.9889034222263107
5478354,FALSE,0,FALSE,FALSE,FALSE,FALSE,1616.3443726449548,1616.3443726449548,1305.0819945672283,1305.0819945672283,0.9822874369513112,0.9822874369513112,0.9871046192357321,0.9871046192357321
3831696,FALSE,0,FALSE,FALSE,FALSE,FALSE,1685.4775149357554,1685.4775149357554,1232.3605757726455,1232.3605757726455,0.9846058002018969,0.9846058002018969,0.9844440157299188,0.9844440157299188
6126597,FALSE,0,FALSE,FALSE,FALSE,FALSE,1641.0068962253501,1641.0068962253501,1287.4555138043709,1287.4555138043709,0.9864726023559378,0.9864726023559378,0.9945309614849208,0.9945309614849208
2339378,FALSE,0,FALSE,FALSE,FALSE,FALSE,1650.8132466317734,1650.8132466317734,1312.3271530372672,1312.3271530372672,0.9854976878675565,0.9854976878675565,0.989007190126627,0.989007190126627
104193,FALSE,0,FALSE,FALSE,FALSE,FALSE,1655.041901463518,1655.041901463518,1262.3628742875476,1262.3628742875476,0.9883920811721287,0.9883920811721287,0.9965066914013669,0.9965066914013669
3983616,FALSE,2,TRUE,TRUE,FALSE,FALSE,1578.264335907902,1578.264335907902,1215.4457795022342,1215.4457795022342,0.9848136555586333,0.9848136555586333,0.9860672600428211,0.9860672600428211
656045,FALSE,2,FALSE,FALSE,TRUE,TRUE,1590.2394694754576,1590.2394694754576,1325.6242535319532,1325.6242535319532,0.9775301349168873,0.9775301349168873,0.9883140704300959,0.9883140704300959
3754592,FALSE,0,FALSE,FALSE,FALSE,FALSE,1601.863981088963,1601.863981088963,1291.4093090925214,1291.4093090925214,0.99071718965972,0.99071718965972,0.9838834482452669,0.9838834482452669
919237,FALSE,2,TRUE,TRUE,FALSE,FALSE,1584.7435178836238,1584.7435178836238,1218.1474896458342,1218.1474896458342,0.9781779898662983,0.9781779898662983,0.9883757006335587,0.9883757006335587
4973463,FALSE,0,FALSE,FALSE,FALSE,FALSE,1629.4721464022512,1629.4721464022512,1248.126381794428,1248.126381794428,0.9905550199945716,0.9905550199945716,0.9946239539474684,0.9946239539474684
6387283,FALSE,0,FALSE,FALSE,FALSE,FALSE,1674.4823031626115,1674.4823031626115,1367.331441439067,1367.331441439067,0.9810749794332774,0.9810749794332774,0.9885104201463155,0.9885104201463155
9165747,FALSE,0,FALSE,FALSE,FALSE,FALSE,1648.5559509139339,1648.5559509139339,1323.6465318442079,1323.6465318442079,0.9964309148614681,0.9964309148614681,0.9883220427259715,0.9883220427259715
9896527,FALSE,2,TRUE,TRUE,FALSE,FALSE,1571.3934130555126,1571.3934130555126,1305.5972134306944,1305.5972134306944,0.9805125295984046,0.9805125295984046,0.9875992430461369,0.9875992430461369
1647151,TRUE,4,TRUE,TRUE,TRUE,TRUE,1570.8782458464855,1570.8782458464855,1412.3657807110017,1412.3657807110017,0.9874459782331263,0.9874459782331263,0.9869625789756613,0.9869625789756613
6525467,FALSE,0,FALSE,FALSE,FALSE,FALSE,1604.438195948126,1604.438195948126,1298.1006150243186,1298.1006150243186,0.9829551603684505,0.9829551603684505,0.9870556797962746,0.9870556797962746
5460492,FALSE,0,FALSE,FALSE,FALSE,FALSE,1621.901135818799,1621.901135818799,1389.7051804287485,1389.7051804287485,0.9840319296814565,0.9840319296814565,0.9898800457190262,0.9898800457190262
2709185,FALSE,0,FALSE,FALSE,FALSE,FALSE,1698.187492516018,1698.187492516018,1252.4837125730776,1252.4837125730776,0.9830055995247511,0.9830055995247511,0.9883855910427678,0.9883855910427678
3571392,FALSE,2,TRUE,TRUE,FALSE,FALSE,1701.517545661536,1701.517545661536,1323.599545470018,1323.599545470018,0.988315779381795,0.988315779381795,0.9871543671408325,0.9871543671408325
1477375,FALSE,0,FALSE,FALSE,FALSE,FALSE,1598.2970796557574,1598.2970796557574,1328.4895025795824,1328.4895025795824,0.9800603711012464,0.9800603711012464,0.9898686543205103,0.9898686543205103
4081315,FALSE,0,FALSE,FALSE,FALSE,FALSE,1627.3255482954103,1627.3255482954103,1311.20579585504,1311.20579585504,0.9821779472732823,0.9821779472732823,0.986823207313019,0.986823207313019
2614767,FALSE,2,TRUE,TRUE,FALSE,FALSE,1757.5764283101612,1757.5764283101612,1283.5533352606508,1283.5533352606508,0.9830449405621514,0.9830449405621514,0.991964032561707,0.991964032561707
6395801,FALSE,0,FALSE,FALSE,FALSE,FALSE,1586.6854769631918,1586.6854769631918,1265.9253015166464,1265.9253015166464,0.983919576276683,0.983919576276683,0.9899013033311135,0.9899013033311135
9285581,FALSE,0,FALSE,FALSE,FALSE,FALSE,1639.550353650263,1639.550353650263,1282.1238074939536,1282.1238074939536,0.9877821148024317,0.9877821148024317,0.9870326447265806,0.9870326447265806
7919067,FALSE,0,FALSE,FALSE,FALSE,FALSE,1608.0492231853125,1608.0492231853125,1270.793874651968,1270.793874651968,0.9837495192925495,0.9837495192925495,0.9858721077608374,0.9858721077608374
4846667,FALSE,0,FALSE,FALSE,FALSE,FALSE,1605.0504706412803,1605.0504706412803,1305.384094443857,1305.384094443857,0.9906681762328604,0.9906681762328604,0.9839777109794252,0.9839777109794252
6466324,FALSE,0,FALSE,FALSE,FALSE,FALSE,1623.1746242387935,1623.1746242387935,1235.9720467997863,1235.9720467997863,0.9834542207106982,0.9834542207106982,0.9780999079319688,0.9780999079319688
8284596,FALSE,2,TRUE,TRUE,FALSE,FALSE,1598.4117774992305,1598.4117774992305,1233.266067434121,1233.266067434121,0.9860499465279804,0.9860499465279804,0.9888378583323242,0.9888378583323242
3543019,FALSE,2,TRUE,TRUE,FALSE,FALSE,1767.351206743087,1767.351206743087,1238.2553443923314,1238.2553443923314,0.9873961222835931,0.9873961222835931,0.9898077232612045,0.9898077232612045
8371488,FALSE,0,FALSE,FALSE,FALSE,FALSE,1602.6747981140209,1602.6747981140209,1230.8169580661822,1230.8169580661822,0.9900277351484272,0.9900277351484272,0.987435620232705,0.987435620232705
8627581,FALSE,2,TRUE,TRUE,FALSE,FALSE,1569.926086478914,1569.926086478914,1307.2864385645028,1307.2864385645028,0.988975199731976,0.988975199731976,0.9837179180052517,0.9837179180052517
7124414,FALSE,0,FALSE,FALSE,FALSE,FALSE,1661.1865111256009,1661.1865111256009,1237.1211478298999,1237.1211478298999,0.9922029175326154,0.9922029175326154,0.983908479208819,0.983908479208819
8044094,FALSE,0,FALSE,FALSE,FALSE,FALSE,1659.5011768778961,1659.5011768778961,1294.1822012151636,1294.1822012151636,0.9843972766312739,0.9843972766312739,0.9910713770511184,0.9910713770511184
2977612,FALSE,0,FALSE,FALSE,FALSE,FALSE,1614.1211009375559,1614.1211009375559,1232.530627010215,1232.530627010215,0.9861996185592883,0.9861996185592883,0.9825346146866958,0.9825346146866958
1620049,FALSE,0,FALSE,FALSE,FALSE,FALSE,1693.3735343216765,1693.3735343216765,1390.0813446922755,1390.0813446922755,0.9871615252213684,0.9871615252213684,0.9879276634104259,0.9879276634104259
2079405,FALSE,2,TRUE,TRUE,FALSE,FALSE,1818.3761384984698,1818.3761384984698,1306.1703355328589,1306.1703355328589,0.9825859414942887,0.9825859414942887,0.9865354430832824,0.9865354430832824
6307607,FALSE,0,FALSE,FALSE,FALSE,FALSE,1598.6346346388407,1598.6346346388407,1272.8436956490048,1272.8436956490048,0.9871408671075677,0.9871408671075677,0.9878546165026048,0.9878546165026048
220884,FALSE,2,TRUE,TRUE,FALSE,FALSE,1758.7456896065241,1758.7456896065241,1270.9776570620354,1270.9776570620354,0.9867827712902493,0.9867827712902493,0.9870436543024093,0.9870436543024093
2140744,FALSE,0,FALSE,FALSE,FALSE,FALSE,1622.8812917382472,1622.8812917382472,1236.6530553391647,1236.6530553391647,0.9822889463139317,0.9822889463139317,0.9800281374572413,0.9800281374572413
4531695,FALSE,0,FALSE,FALSE,FALSE,FALSE,1603.5680413371683,1603.5680413371683,1254.669421441822,1254.669421441822,0.9878987313420361,0.9878987313420361,0.9934520690984177,0.9934520690984177
882758,FALSE,0,FALSE,FALSE,FALSE,FALSE,1632.323475815871,1632.323475815871,1265.2793237457058,1265.2793237457058,0.986936718326681,0.986936718326681,0.9853727650417553,0.9853727650417553
5581565,FALSE,0,FALSE,FALSE,FALSE,FALSE,1610.2340165091448,1610.2340165091448,1297.0111458402819,1297.0111458402819,0.986751339701886,0.986751339701886,0.9889655675236654,0.9889655675236654
4667780,FALSE,0,FALSE,FALSE,FALSE,FALSE,1668.4672414324154,1668.4672414324154,1262.871639309625,1262.871639309625,0.9831495325244957,0.9831495325244957,0.989030479195429,0.989030479195429
6152344,FALSE,0,FALSE,FALSE,FALSE,FALSE,1609.124297896007,1609.124297896007,1267.0077449762591,1267.0077449762591,0.9876379274637562,0.9876379274637562,0.9852626765149638,0.9852626765149638
3988066,FALSE,0,FALSE,FALSE,FALSE,FALSE,1632.87127509492,1632.87127509492,1280.1042716780519,1280.1042716780519,0.990327403486053,0.990327403486053,0.9845494758493912,0.9845494758493912
3794945,FALSE,2,TRUE,TRUE,FALSE,FALSE,1808.164446764771,1808.164446764771,1246.9602904238768,1246.9602904238768,0.986444601936413,0.986444601936413,0.9897273466637522,0.9897273466637522
8569263,FALSE,0,FALSE,FALSE,FALSE,FALSE,1736.505104733682,1736.505104733682,1229.2186461653182,1229.2186461653182,0.9844872385282886,0.9844872385282886,0.9886831670507465,0.9886831670507465
5813445,FALSE,0,FALSE,FALSE,FALSE,FALSE,1605.6285323798174,1605.6285323798174,1292.4221287647063,1292.4221287647063,0.9840679116425631,0.9840679116425631,0.9879830001931885,0.9879830001931885
4441654,FALSE,0,FALSE,FALSE,FALSE,FALSE,1733.2129116856677,1733.2129116856677,1242.2392503134333,1242.2392503134333,0.9860615522697757,0.9860615522697757,0.9876125821806594,0.9876125821806594
8008054,FALSE,2,TRUE,TRUE,FALSE,FALSE,1585.234351044035,1585.234351044035,1252.7663009753778,1252.7663009753778,0.9834199178720645,0.9834199178720645,0.9924340550433928,0.9924340550433928
5447651,FALSE,2,TRUE,TRUE,FALSE,FALSE,1564.5271394314639,1564.5271394314639,1278.0739237029557,1278.0739237029557,0.9863834108867426,0.9863834108867426,0.9887198596434102,0.9887198596434102
3208602,FALSE,0,FALSE,FALSE,FALSE,FALSE,1727.3173490270797,1727.3173490270797,1348.9380731502456,1348.9380731502456,0.9853822951161619,0.9853822951161619,0.9834111223582889,0.9834111223582889
9233262,FALSE,0,FALSE,FALSE,FALSE,FALSE,1678.3903749911958,1678.3903749911958,1300.3106906373741,1300.3106906373741,0.9840293888827378,0.9840293888827378,0.9831783897655012,0.9831783897655012
4707661,TRUE,4,TRUE,TRUE,TRUE,TRUE,1573.3943383264157,1573.3943383264157,1419.062717207565,1419.062717207565,0.9870904179561302,0.9870904179561302,0.9863130390529677,0.9863130390529677
9253412,FALSE,0,FALSE,FALSE,FALSE,FALSE,1663.14251554196,1663.14251554196,1226.5050850137832,1226.5050850137832,0.9842051771371478,0.9842051771371478,0.9851844232714293,0.9851844232714293
8704757,FALSE,0,FALSE,FALSE,FALSE,FALSE,1684.333087220966,1684.333087220966,1240.9897436726255,1240.9897436726255,0.987702595001522,0.987702595001522,0.9880136905721016,0.9880136905721016
3635780,FALSE,0,FALSE,FALSE,FALSE,FALSE,1614.619232498679,1614.619232498679,1247.6288042612186,1247.6288042612186,0.9808915768617359,0.9808915768617359,0.9833796417265489,0.9833796417265489
1488461,FALSE,0,FALSE,FALSE,FALSE,FALSE,1615.1414992731982,1615.1414992731982,1248.4207479144088,1248.4207479144088,0.982514631355395,0.982514631355395,0.9889949946673908,0.9889949946673908
192517,FALSE,0,FALSE,FALSE,FALSE,FALSE,1593.1226049004952,1593.1226049004952,1264.1196101676558,1264.1196101676558,0.9842345771345338,0.9842345771345338,0.9863897694508739,0.9863897694508739
4442204,FALSE,0,FALSE,FALSE,FALSE,FALSE,1594.7121341965826,1594.7121341965826,1267.2385617004682,1267.2385617004682,0.9863890730596774,0.9863890730596774,0.9848593581902355,0.9848593581902355
6270354,FALSE,0,FALSE,FALSE,FALSE,FALSE,1590.9322498198485,1590.9322498198485,1247.9151242684256,1247.9151242684256,0.9867873043135938,0.9867873043135938,0.9877466812904911,0.9877466812904911
6499089,FALSE,0,FALSE,FALSE,FALSE,FALSE,1630.0207186298944,1630.0207186298944,1331.1454375170993,1331.1454375170993,0.9773834741853994,0.9773834741853994,0.9895163865989156,0.9895163865989156
3805707,FALSE,0,FALSE,FALSE,FALSE,FALSE,1624.4264405621757,1624.4264405621757,1330.2393164027894,1330.2393164027894,0.9754679644991848,0.9754679644991848,0.987830294523748,0.987830294523748
7370637,FALSE,0,FALSE,FALSE,FALSE,FALSE,1647.5097284118742,1647.5097284118742,1315.5514174849134,1315.5514174849134,0.9837808421958693,0.9837808421958693,0.997832368893444,0.997832368893444
4942677,FALSE,0,FALSE,FALSE,FALSE,FALSE,1705.4182761087063,1705.4182761087063,1227.1260529319643,1227.1260529319643,0.9862298523848627,0.9862298523848627,0.9861439711324749,0.9861439711324749
2687710,FALSE,2,TRUE,TRUE,FALSE,FALSE,1574.875313928151,1574.875313928151,1336.8169486587283,1336.8169486587283,0.9818139050312724,0.9818139050312724,0.9870648497699662,0.9870648497699662
108084,FALSE,2,TRUE,TRUE,FALSE,FALSE,1581.7837284174152,1581.7837284174152,1230.2562218603848,1230.2562218603848,0.9872590408249943,0.9872590408249943,0.9840161803072347,0.9840161803072347
6052246,FALSE,0,FALSE,FALSE,FALSE,FALSE,1607.013521932881,1607.013521932881,1324.6859796637452,1324.6859796637452,0.9918321897256274,0.9918321897256274,0.9895735277623452,0.9895735277623452
6298004,FALSE,2,TRUE,TRUE,FALSE,FALSE,1567.9052412440042,1567.9052412440042,1289.0997667207594,1289.0997667207594,0.9887267422674579,0.9887267422674579,0.987490385111073,0.987490385111073
7149611,FALSE,2,TRUE,TRUE,FALSE,FALSE,1576.5388111194354,1576.5388111194354,1286.8765910042946,1286.8765910042946,0.9859620928259625,0.9859620928259625,0.988848807123514,0.988848807123514
289680,FALSE,0,FALSE,FALSE,FALSE,FALSE,1696.5434741063707,1696.5434741063707,1304.7086870814853,1304.7086870814853,0.9882523414482359,0.9882523414482359,0.9882419357766188,0.9882419357766188
9533201,FALSE,2,TRUE,TRUE,FALSE,FALSE,1805.9450840614436,1805.9450840614436,1265.0112635005585,1265.0112635005585,0.9905151517040846,0.9905151517040846,0.9859340109413756,0.9859340109413756
497338,FALSE,0,FALSE,FALSE,FALSE,FALSE,1608.7319862426054,1608.7319862426054,1225.967221670412,1225.967221670412,0.9879200186113429,0.9879200186113429,0.9848428549894604,0.9848428549894604
7131539,FALSE,0,FALSE,FALSE,FALSE,FALSE,1593.380857965499,1593.380857965499,1274.6000157609312,1274.6000157609312,0.9894268199143523,0.9894268199143523,0.9926083296835004,0.9926083296835004
9008263,FALSE,0,FALSE,FALSE,FALSE,FALSE,1632.8267042528037,1632.8267042528037,1315.6547676754146,1315.6547676754146,0.971210627577411,0.971210627577411,0.9844895230286077,0.9844895230286077
2627919,FALSE,2,TRUE,TRUE,FALSE,FALSE,1587.971447102479,1587.971447102479,1259.272548870206,1259.272548870206,0.9806605395374892,0.9806605395374892,0.987921531010092,0.987921531010092
848882,FALSE,2,TRUE,TRUE,FALSE,FALSE,1566.6111131014788,1566.6111131014788,1328.127058707951,1328.127058707951,0.9875779851937001,0.9875779851937001,0.9860930768968845,0.9860930768968845
8850825,FALSE,0,FALSE,FALSE,FALSE,FALSE,1717.5359324948915,1717.5359324948915,1264.8707962887634,1264.8707962887634,0.9873266110494808,0.9873266110494808,0.9894145804361332,0.9894145804361332
2416171,FALSE,0,FALSE,FALSE,FALSE,FALSE,1637.6404315526129,1637.6404315526129,1261.487111368003,1261.487111368003,0.9858304778116566,0.9858304778116566,0.9897204247306708,0.9897204247306708
8724009,FALSE,0,FALSE,FALSE,FALSE,FALSE,1646.487092371072,1646.487092371072,1264.2559756136209,1264.2559756136209,0.9861941682804859,0.9861941682804859,0.9927313135596922,0.9927313135596922
2671373,FALSE,0,FALSE,FALSE,FALSE,FALSE,1700.4207077732183,1700.4207077732183,1252.3436678033045,1252.3436678033045,0.9855737026147957,0.9855737026147957,0.9873580377673228,0.9873580377673228
9301444,FALSE,2,TRUE,TRUE,FALSE,FALSE,1564.6632135640716,1564.6632135640716,1305.5005269699082,1305.5005269699082,0.9822724263501116,0.9822724263501116,0.9879430066923113,0.9879430066923113
9484140,FALSE,0,FALSE,FALSE,FALSE,FALSE,1655.8461663311987,1655.8461663311987,1304.8420970834786,1304.8420970834786,0.9821565965617898,0.9821565965617898,0.9895475372432916,0.9895475372432916
180154,FALSE,2,TRUE,TRUE,FALSE,FALSE,1791.0403503925381,1791.0403503925381,1267.836870729477,1267.836870729477,0.993371853577564,0.993371853577564,0.9891808585788233,0.9891808585788233
9235111,TRUE,4,TRUE,TRUE,TRUE,TRUE,1778.1837335028945,1778.1837335028945,1518.9073678697441,1518.9073678697441,0.9798381908234366,0.9798381908234366,0.9849739839556506,0.9849739839556506
9198059,FALSE,0,FALSE,FALSE,FALSE,FALSE,1638.939878694275,1638.939878694275,1247.434985192426,1247.434985192426,0.9839649525467825,0.9839649525467825,0.9888791186842835,0.9888791186842835
3508102,FALSE,0,FALSE,FALSE,FALSE,FALSE,1587.4973601663366,1587.4973601663366,1286.8978200415706,1286.8978200415706,0.9824487457777556,0.9824487457777556,0.9854709092712364,0.9854709092712364
6711591,FALSE,2,TRUE,TRUE,FALSE,FALSE,1549.3004173965992,1549.3004173965992,1245.458044765493,1245.458044765493,0.9887367977515842,0.9887367977515842,0.9935416709010865,0.9935416709010865
1929924,FALSE,0,FALSE,FALSE,FALSE,FALSE,1595.1477643216085,1595.1477643216085,1254.9331918121854,1254.9331918121854,0.989972514400898,0.989972514400898,0.985130269925599,0.985130269925599
1767127,FALSE,0,FALSE,FALSE,FALSE,FALSE,1691.616271545257,1691.616271545257,1266.6108148606,1266.6108148606,0.9868000379152222,0.9868000379152222,0.9864440256622262,0.9864440256622262
6792812,FALSE,2,TRUE,TRUE,FALSE,FALSE,1575.572604935044,1575.572604935044,1256.5549025351415,1256.5549025351415,0.9865174980561147,0.9865174980561147,0.9895541410605491,0.9895541410605491
1276803,FALSE,0,FALSE,FALSE,FALSE,FALSE,1643.3018496478524,1643.3018496478524,1233.774309016947,1233.774309016947,0.9862690217189437,0.9862690217189437,0.9900621498250352,0.9900621498250352
226033,FALSE,0,FALSE,FALSE,FALSE,FALSE,1651.9893619269792,1651.9893619269792,1312.8577873986515,1312.8577873986515,0.9790559515666709,0.9790559515666709,0.9880546331972173,0.9880546331972173
6466889,FALSE,0,FALSE,FALSE,FALSE,FALSE,1597.0691723344091,1597.0691723344091,1365.684143096489,1365.684143096489,0.9910937853543231,0.9910937853543231,0.9922240975078771,0.9922240975078771
346925,FALSE,0,FALSE,FALSE,FALSE,FALSE,1599.477854955689,1599.477854955689,1285.134859005336,1285.134859005336,0.9837962807343867,0.9837962807343867,0.9869435845285693,0.9869435845285693
8432606,FALSE,0,FALSE,FALSE,FALSE,FALSE,1675.7844042067172,1675.7844042067172,1259.7286534448178,1259.7286534448178,0.9868069105862072,0.9868069105862072,0.9889934798226903,0.9889934798226903
3522330,FALSE,0,FALSE,FALSE,FALSE,FALSE,1612.151769915398,1612.151769915398,1237.8516690776976,1237.8516690776976,0.9983170582185942,0.9983170582185942,0.987025104019008,0.987025104019008
3756991,FALSE,0,FALSE,FALSE,FALSE,FALSE,1620.7088662687902,1620.7088662687902,1281.024334927073,1281.024334927073,0.9839360669280188,0.9839360669280188,0.9908520213331039,0.9908520213331039
8164981,FALSE,2,FALSE,FALSE,TRUE,TRUE,1645.363989395647,1645.363989395647,1406.7860490255377,1406.7860490255377,0.9899035153708262,0.9899035153708262,0.9860844139310263,0.9860844139310263
1901622,FALSE,2,TRUE,TRUE,FALSE,FALSE,1574.0639287104186,1574.0639287104186,1361.9760536203082,1361.9760536203082,0.9987877780053331,0.9987877780053331,0.987284437489829,0.987284437489829
5854376,FALSE,0,FALSE,FALSE,FALSE,FALSE,1658.3340177246782,1658.3340177246782,1265.2263398024345,1265.2263398024345,0.9931511979788978,0.9931511979788978,0.9878217842760959,0.9878217842760959
5070268,FALSE,0,FALSE,FALSE,FALSE,FALSE,1626.1814028704666,1626.1814028704666,1275.4111563247989,1275.4111563247989,0.9886876786925166,0.9886876786925166,0.9856630579104503,0.9856630579104503
7999332,FALSE,2,TRUE,TRUE,FALSE,FALSE,1572.4464481843984,1572.4464481843984,1320.5665292864776,1320.5665292864776,0.9884883289257647,0.9884883289257647,0.9930928771783224,0.9930928771783224
3111963,FALSE,2,TRUE,TRUE,FALSE,FALSE,1589.345867214687,1589.345867214687,1230.435725170611,1230.435725170611,0.9930466591480969,0.9930466591480969,0.9857912634722348,0.9857912634722348
1403004,FALSE,2,TRUE,TRUE,FALSE,FALSE,1598.3973499185279,1598.3973499185279,1372.270284335732,1372.270284335732,0.9815765457432362,0.9815765457432362,0.9916780998671589,0.9916780998671589
4263350,FALSE,0,FALSE,FALSE,FALSE,FALSE,1612.190769399655,1612.190769399655,1267.3111374537657,1267.3111374537657,0.986161878034614,0.986161878034614,0.992489877033308,0.992489877033308
1889634,FALSE,2,TRUE,TRUE,FALSE,FALSE,1805.354611469501,1805.354611469501,1222.982950867841,1222.982950867841,0.9875293990077593,0.9875293990077593,0.9896397406566292,0.9896397406566292
4369847,FALSE,2,FALSE,FALSE,TRUE,TRUE,1648.9225271327925,1648.9225271327925,1471.675891877642,1471.675891877642,0.9966844977621168,0.9966844977621168,0.9879256220532292,0.9879256220532292
9233001,FALSE,0,FALSE,FALSE,FALSE,FALSE,1600.1228333066779,1600.1228333066779,1253.4617934953349,1253.4617934953349,0.9941486489299014,0.9941486489299014,0.9876760302734908,0.9876760302734908
9467553,FALSE,0,FALSE,FALSE,FALSE,FALSE,1755.381445687837,1755.381445687837,1315.8412467343078,1315.8412467343078,0.982313719436191,0.982313719436191,0.9861906548674443,0.9861906548674443
2784592,FALSE,0,FALSE,FALSE,FALSE,FALSE,1570.6284552097125,1570.6284552097125,1250.915706119688,1250.915706119688,0.9845033320584556,0.9845033320584556,0.9891385707001747,0.9891385707001747
7794002,FALSE,2,TRUE,TRUE,FALSE,FALSE,1578.5904006317141,1578.5904006317141,1247.0867287353942,1247.0867287353942,0.9846441229023323,0.9846441229023323,0.9876219974548975,0.9876219974548975
7541906,FALSE,0,FALSE,FALSE,FALSE,FALSE,1616.6318210196096,1616.6318210196096,1285.431739496827,1285.431739496827,0.9852222251807047,0.9852222251807047,0.983673106101058,0.983673106101058
5158416,FALSE,0,FALSE,FALSE,FALSE,FALSE,1640.8827469379194,1640.8827469379194,1342.2932241335357,1342.2932241335357,0.9879275687148544,0.9879275687148544,0.9892346106397799,0.9892346106397799
1956510,TRUE,4,TRUE,TRUE,TRUE,TRUE,1771.1763774744857,1771.1763774744857,1453.4924365428883,1453.4924365428883,0.986143958832242,0.986143958832242,0.9850475898984618,0.9850475898984618
8788881,FALSE,0,FALSE,FALSE,FALSE,FALSE,1661.1016075035445,1661.1016075035445,1285.5790331360959,1285.5790331360959,0.9891893879600029,0.9891893879600029,0.9872304345581374,0.9872304345581374
566861,FALSE,2,FALSE,FALSE,TRUE,TRUE,1674.8550581081552,1674.8550581081552,1303.9202663266026,1303.9202663266026,0.9836832771795911,0.9836832771795911,0.990386197886576,0.990386197886576
1721260,FALSE,0,FALSE,FALSE,FALSE,FALSE,1679.9398990201237,1679.9398990201237,1364.7783500254388,1364.7783500254388,0.9863911355941415,0.9863911355941415,0.9863309744755615,0.9863309744755615
8942620,FALSE,0,FALSE,FALSE,FALSE,FALSE,1632.6512653125292,1632.6512653125292,1321.6342883481752,1321.6342883481752,0.9803406971129777,0.9803406971129777,0.988296096696837,0.988296096696837
3696316,FALSE,0,FALSE,FALSE,FALSE,FALSE,1660.2411419542739,1660.2411419542739,1246.4253996815787,1246.4253996815787,0.9876573267226593,0.9876573267226593,0.9892016472554583,0.9892016472554583
9538759,FALSE,0,FALSE,FALSE,FALSE,FALSE,1582.9275000986088,1582.9275000986088,1251.9532360378128,1251.9532360378128,0.9765311355074098,0.9765311355074098,0.9844718892664033,0.9844718892664033
8946832,FALSE,0,FALSE,FALSE,FALSE,FALSE,1583.56762566764,1583.56762566764,1325.4851419026675,1325.4851419026675,0.9895899864001645,0.9895899864001645,0.9872046717078846,0.9872046717078846
6445748,FALSE,0,FALSE,FALSE,FALSE,FALSE,1611.934449932732,1611.934449932732,1252.7247018065436,1252.7247018065436,0.9855329435781636,0.9855329435781636,0.9964967955880095,0.9964967955880095
1883878,FALSE,2,TRUE,TRUE,FALSE,FALSE,1583.780407622586,1583.780407622586,1304.9822496599302,1304.9822496599302,0.9885507206933393,0.9885507206933393,0.9880527634237644,0.9880527634237644
6273331,FALSE,0,FALSE,FALSE,FALSE,FALSE,1671.2436966820435,1671.2436966820435,1228.5109577466508,1228.5109577466508,0.9854242042684663,0.9854242042684663,0.9833990965582208,0.9833990965582208
9931693,FALSE,0,FALSE,FALSE,FALSE,FALSE,1608.6952108993132,1608.6952108993132,1294.8841083677278,1294.8841083677278,0.986751782103525,0.986751782103525,0.9821773914054629,0.9821773914054629
8275224,FALSE,2,TRUE,TRUE,FALSE,FALSE,1583.5240807530304,1583.5240807530304,1295.69730943541,1295.69730943541,0.9853851938532465,0.9853851938532465,0.987417785905428,0.987417785905428
970950,FALSE,0,FALSE,FALSE,FALSE,FALSE,1689.351057238925,1689.351057238925,1311.9134037972535,1311.9134037972535,0.9888235526390576,0.9888235526390576,0.99336980520864,0.99336980520864
9035645,FALSE,2,TRUE,TRUE,FALSE,FALSE,1565.3502580545078,1565.3502580545078,1248.263691805592,1248.263691805592,0.9882935881042297,0.9882935881042297,0.9963099962163946,0.9963099962163946
8219036,FALSE,0,FALSE,FALSE,FALSE,FALSE,1635.0343754852229,1635.0343754852229,1229.359328229795,1229.359328229795,0.9841626285517705,0.9841626285517705,0.9878477477063127,0.9878477477063127
4779443,FALSE,0,FALSE,FALSE,FALSE,FALSE,1595.3273609588207,1595.3273609588207,1229.6077991706013,1229.6077991706013,0.9817322247454267,0.9817322247454267,0.9904663782853405,0.9904663782853405
4475277,FALSE,0,FALSE,FALSE,FALSE,FALSE,1691.9192076416086,1691.9192076416086,1260.648447599787,1260.648447599787,0.9902064195519202,0.9902064195519202,0.9940868772168695,0.9940868772168695
6576462,FALSE,0,FALSE,FALSE,FALSE,FALSE,1647.102104455826,1647.102104455826,1254.479870651564,1254.479870651564,0.9787455433196404,0.9787455433196404,0.9870284486191522,0.9870284486191522
4097071,FALSE,2,TRUE,TRUE,FALSE,FALSE,1568.489769514193,1568.489769514193,1283.2911280624191,1283.2911280624191,0.9870275153521452,0.9870275153521452,0.9861074550156761,0.9861074550156761
1733414,FALSE,0,FALSE,FALSE,FALSE,FALSE,1594.0830726623537,1594.0830726623537,1305.2523822477795,1305.2523822477795,0.985459705023044,0.985459705023044,0.9904483396965995,0.9904483396965995
9094629,FALSE,0,FALSE,FALSE,FALSE,FALSE,1610.894128395958,1610.894128395958,1353.9576169310333,1353.9576169310333,0.9810458455492841,0.9810458455492841,0.9899646737418809,0.9899646737418809
5806888,FALSE,2,TRUE,TRUE,FALSE,FALSE,1591.1089610129202,1591.1089610129202,1259.2108380070115,1259.2108380070115,0.9838352375972699,0.9838352375972699,0.9889138429388642,0.9889138429388642
323306,FALSE,0,FALSE,FALSE,FALSE,FALSE,1615.7588640937033,1615.7588640937033,1237.6661504107403,1237.6661504107403,0.9774396374384455,0.9774396374384455,0.9915739146121287,0.9915739146121287
8652044,FALSE,0,FALSE,FALSE,FALSE,FALSE,1652.9156400027268,1652.9156400027268,1371.5282083901125,1371.5282083901125,0.9885331402687009,0.9885331402687009,0.9851532631220647,0.9851532631220647
2259041,FALSE,0,FALSE,FALSE,FALSE,FALSE,1610.1808701232585,1610.1808701232585,1275.6428072675196,1275.6428072675196,0.9855725379623059,0.9855725379623059,0.989484789484071,0.989484789484071
8813374,FALSE,0,FALSE,FALSE,FALSE,FALSE,1591.9406307185457,1591.9406307185457,1273.0641702675948,1273.0641702675948,0.9887227549766737,0.9887227549766737,0.9908253206523121,0.9908253206523121
7827272,FALSE,2,TRUE,TRUE,FALSE,FALSE,1741.973878440713,1741.973878440713,1278.3511535968848,1278.3511535968848,0.9881753618174836,0.9881753618174836,0.9865988182723033,0.9865988182723033
65650,FALSE,0,FALSE,FALSE,FALSE,FALSE,1710.2290129920818,1710.2290129920818,1264.806136048654,1264.806136048654,0.9884654514976335,0.9884654514976335,0.984429743608762,0.984429743608762
4351327,FALSE,0,FALSE,FALSE,FALSE,FALSE,1591.0105858654902,1591.0105858654902,1252.8395523766512,1252.8395523766512,0.9849410431801069,0.9849410431801069,0.9937022739079553,0.9937022739079553
4535213,FALSE,0,FALSE,FALSE,FALSE,FALSE,1691.7374624994088,1691.7374624994088,1288.0284242555158,1288.0284242555158,0.9849665228738849,0.9849665228738849,0.9893806394528457,0.9893806394528457
3320707,FALSE,0,FALSE,FALSE,FALSE,FALSE,1600.1537870462353,1600.1537870462353,1291.5232296259264,1291.5232296259264,0.9799851726538208,0.9799851726538208,0.98677740787275,0.98677740787275
7558645,FALSE,0,FALSE,FALSE,FALSE,FALSE,1684.516869146313,1684.516869146313,1315.3044996769047,1315.3044996769047,0.9862577527259697,0.9862577527259697,0.993222591437686,0.993222591437686
5565625,FALSE,0,FALSE,FALSE,FALSE,FALSE,1667.5739101604308,1667.5739101604308,1392.0719618122823,1392.0719618122823,0.9837812356690279,0.9837812356690279,0.9941778418713677,0.9941778418713677
7731311,FALSE,0,FALSE,FALSE,FALSE,FALSE,1633.1611366271925,1633.1611366271925,1286.6936033502368,1286.6936033502368,0.9823009246434057,0.9823009246434057,0.986925093745739,0.986925093745739
978559,FALSE,0,FALSE,FALSE,FALSE,FALSE,1595.0661257762479,1595.0661257762479,1301.3679850461558,1301.3679850461558,0.9825101182893118,0.9825101182893118,0.9873649934970296,0.9873649934970296
9387673,FALSE,0,FALSE,FALSE,FALSE,FALSE,1575.1679658486364,1575.1679658486364,1291.2228458436814,1291.2228458436814,0.985375283541928,0.985375283541928,0.9884285594242463,0.9884285594242463
1074313,FALSE,0,FALSE,FALSE,FALSE,FALSE,1657.501942045848,1657.501942045848,1244.4617528762217,1244.4617528762217,0.9888816276732892,0.9888816276732892,0.9857712821742695,0.9857712821742695
6293012,FALSE,2,TRUE,TRUE,FALSE,FALSE,1760.4876790210449,1760.4876790210449,1230.5564957086601,1230.5564957086601,0.9826819645706544,0.9826819645706544,0.9831343278249499,0.9831343278249499
383384,FALSE,0,FALSE,FALSE,FALSE,FALSE,1679.0858362607898,1679.0858362607898,1232.7186752929647,1232.7186752929647,0.9829078440115894,0.9829078440115894,0.9865237140830472,0.9865237140830472
1777900,FALSE,0,FALSE,FALSE,FALSE,FALSE,1657.297805994105,1657.297805994105,1257.344245019695,1257.344245019695,0.979790140262415,0.979790140262415,0.9901063577303276,0.9901063577303276
1786072,FALSE,0,FALSE,FALSE,FALSE,FALSE,1643.9023689760577,1643.9023689760577,1230.5240984317566,1230.5240984317566,0.9887183134120441,0.9887183134120441,0.9907555488438524,0.9907555488438524
97634,FALSE,0,FALSE,FALSE,FALSE,FALSE,1619.6798754913946,1619.6798754913946,1368.0865568814554,1368.0865568814554,0.98146730950097,0.98146730950097,0.9909387492420654,0.9909387492420654
1216486,FALSE,2,TRUE,TRUE,FALSE,FALSE,1570.4993393404404,1570.4993393404404,1253.782127710045,1253.782127710045,0.9902721396853569,0.9902721396853569,0.9835848393314278,0.9835848393314278
4508702,FALSE,0,FALSE,FALSE,FALSE,FALSE,1644.524378358974,1644.524378358974,1255.87217133929,1255.87217133929,0.9913418555688964,0.9913418555688964,0.9983748951502218,0.9983748951502218
1328947,FALSE,0,FALSE,FALSE,FALSE,FALSE,1647.0282398290403,1647.0282398290403,1325.666174991485,1325.666174991485,0.991671067816305,0.991671067816305,0.9959890675482649,0.9959890675482649
357994,FALSE,0,FALSE,FALSE,FALSE,FALSE,1614.569365756119,1614.569365756119,1303.310293883499,1303.310293883499,0.9892336355544807,0.9892336355544807,0.9863690773418902,0.9863690773418902
3631591,FALSE,0,FALSE,FALSE,FALSE,FALSE,1664.0922542692147,1664.0922542692147,1239.987284586242,1239.987284586242,0.9909994471176967,0.9909994471176967,0.9811753573384401,0.9811753573384401
7291757,FALSE,2,TRUE,TRUE,FALSE,FALSE,1573.2533491587217,1573.2533491587217,1333.04048552182,1333.04048552182,0.9832350216708449,0.9832350216708449,0.9861079801366932,0.9861079801366932
8083250,FALSE,0,FALSE,FALSE,FALSE,FALSE,1736.7566573011309,1736.7566573011309,1290.4435441459016,1290.4435441459016,0.9896499721185417,0.9896499721185417,0.9873083629049253,0.9873083629049253
4285933,FALSE,0,FALSE,FALSE,FALSE,FALSE,1699.8411964675472,1699.8411964675472,1276.4963462126777,1276.4963462126777,0.9841318175928845,0.9841318175928845,0.9835364140332457,0.9835364140332457
4729137,FALSE,0,FALSE,FALSE,FALSE,FALSE,1608.7689789884748,1608.7689789884748,1231.3211574788734,1231.3211574788734,0.9845606478421496,0.9845606478421496,0.9872731407094871,0.9872731407094871
9932029,FALSE,0,FALSE,FALSE,FALSE,FALSE,1563.5132906323577,1563.5132906323577,1243.0892011601284,1243.0892011601284,0.9834709491789444,0.9834709491789444,0.9886248767777741,0.9886248767777741
9903941,FALSE,0,FALSE,FALSE,FALSE,FALSE,1603.248088215189,1603.248088215189,1287.5238017732486,1287.5238017732486,0.9808745872022743,0.9808745872022743,0.9825505453495824,0.9825505453495824
6408407,FALSE,0,FALSE,FALSE,FALSE,FALSE,1578.8550508797737,1578.8550508797737,1218.0483421018077,1218.0483421018077,0.9855830068300216,0.9855830068300216,0.9885223143801627,0.9885223143801627
1775949,FALSE,0,FALSE,FALSE,FALSE,FALSE,1567.7036926385106,1567.7036926385106,1251.2519391148858,1251.2519391148858,0.9822536902626551,0.9822536902626551,0.9868031506977146,0.9868031506977146
35117,FALSE,0,FALSE,FALSE,FALSE,FALSE,1603.6780798057914,1603.6780798057914,1265.731339170999,1265.731339170999,0.9786945485743275,0.9786945485743275,0.9876818300753532,0.9876818300753532
2361643,FALSE,0,FALSE,FALSE,FALSE,FALSE,1711.4114748015872,1711.4114748015872,1235.5151153775398,1235.5151153775398,0.9806698683096315,0.9806698683096315,0.9953262502131239,0.9953262502131239
5546365,FALSE,2,TRUE,TRUE,FALSE,FALSE,1770.4931277242995,1770.4931277242995,1280.7166426141882,1280.7166426141882,0.9876102896984846,0.9876102896984846,0.9840156896242778,0.9840156896242778
7128409,FALSE,2,TRUE,TRUE,FALSE,FALSE,1557.300279676648,1557.300279676648,1362.9454256698443,1362.9454256698443,0.9867005592832605,0.9867005592832605,0.9866475880481953,0.9866475880481953
6181126,FALSE,2,TRUE,TRUE,FALSE,FALSE,1755.3070092187613,1755.3070092187613,1249.9430977446639,1249.9430977446639,0.9840609212482516,0.9840609212482516,0.9892492722126646,0.9892492722126646
4594028,FALSE,0,FALSE,FALSE,FALSE,FALSE,1591.8299187286377,1591.8299187286377,1216.8518658432836,1216.8518658432836,0.9830305606209032,0.9830305606209032,0.9938321596229966,0.9938321596229966
5242490,FALSE,0,FALSE,FALSE,FALSE,FALSE,1608.069599667379,1608.069599667379,1243.8745472914356,1243.8745472914356,0.9843259365043695,0.9843259365043695,0.9884751694896723,0.9884751694896723
8302612,FALSE,0,FALSE,FALSE,FALSE,FALSE,1639.236045422081,1639.236045422081,1268.322016844499,1268.322016844499,0.9893646246523694,0.9893646246523694,0.9870129271879906,0.9870129271879906
1947183,FALSE,0,FALSE,FALSE,FALSE,FALSE,1592.722207792413,1592.722207792413,1265.943256547855,1265.943256547855,0.9844893242658629,0.9844893242658629,0.9846969919224344,0.9846969919224344
3809619,FALSE,2,TRUE,TRUE,FALSE,FALSE,1915.1726606298578,1915.1726606298578,1243.1934730000096,1243.1934730000096,0.990648677485522,0.990648677485522,0.9849154212193043,0.9849154212193043
3022869,FALSE,0,FALSE,FALSE,FALSE,FALSE,1665.4863740719156,1665.4863740719156,1223.5937247392733,1223.5937247392733,0.9862949923405601,0.9862949923405601,0.9854993141088101,0.9854993141088101
3508109,FALSE,0,FALSE,FALSE,FALSE,FALSE,1656.0258068957621,1656.0258068957621,1224.9534541451183,1224.9534541451183,0.9851715091421581,0.9851715091421581,0.9845848734557185,0.9845848734557185
5342039,FALSE,0,FALSE,FALSE,FALSE,FALSE,1660.0825797580023,1660.0825797580023,1251.769991216951,1251.769991216951,0.9850969251037045,0.9850969251037045,0.9855544077396814,0.9855544077396814
7831858,FALSE,0,FALSE,FALSE,FALSE,FALSE,1583.2439547662227,1583.2439547662227,1247.5958180283103,1247.5958180283103,0.9861197006443555,0.9861197006443555,0.9880613748013686,0.9880613748013686
6075879,FALSE,0,FALSE,FALSE,FALSE,FALSE,1659.7118575844531,1659.7118575844531,1242.700650197141,1242.700650197141,0.9850803948379071,0.9850803948379071,0.9856706797223329,0.9856706797223329
7440153,FALSE,2,TRUE,TRUE,FALSE,FALSE,1756.468123834603,1756.468123834603,1296.169959261929,1296.169959261929,0.9829303555336166,0.9829303555336166,0.9936739316378657,0.9936739316378657
5749494,FALSE,2,TRUE,TRUE,FALSE,FALSE,1577.1467506495424,1577.1467506495424,1246.0901023905906,1246.0901023905906,0.9898888477388772,0.9898888477388772,0.9818343645935148,0.9818343645935148
6196081,FALSE,2,TRUE,TRUE,FALSE,FALSE,1577.7894069890226,1577.7894069890226,1297.0372110709473,1297.0372110709473,0.9877666216324246,0.9877666216324246,0.9893058592356072,0.9893058592356072
4265146,FALSE,0,FALSE,FALSE,FALSE,FALSE,1656.2005581174406,1656.2005581174406,1233.6466950139165,1233.6466950139165,0.9844454536169578,0.9844454536169578,0.9877312210652318,0.9877312210652318
3822886,FALSE,0,FALSE,FALSE,FALSE,FALSE,1701.526547060968,1701.526547060968,1265.4586580510488,1265.4586580510488,0.989784446474872,0.989784446474872,0.9909954300419536,0.9909954300419536
1825445,FALSE,0,FALSE,FALSE,FALSE,FALSE,1669.4435936663142,1669.4435936663142,1305.5151780885626,1305.5151780885626,0.9853388027697642,0.9853388027697642,0.9882037020493323,0.9882037020493323
9611327,FALSE,0,FALSE,FALSE,FALSE,FALSE,1569.6566939289326,1569.6566939289326,1305.9398192788747,1305.9398192788747,0.9884473794019341,0.9884473794019341,0.9885145898799599,0.9885145898799599
1310925,FALSE,0,FALSE,FALSE,FALSE,FALSE,1662.9069675353633,1662.9069675353633,1256.2317152040769,1256.2317152040769,0.9854807055349879,0.9854807055349879,0.9906048543108388,0.9906048543108388
7598413,FALSE,0,FALSE,FALSE,FALSE,FALSE,1597.5226953200956,1597.5226953200956,1237.8036928550398,1237.8036928550398,0.976737839201218,0.976737839201218,0.9897467245379086,0.9897467245379086
215896,FALSE,0,FALSE,FALSE,FALSE,FALSE,1719.471263126651,1719.471263126651,1229.1520679783475,1229.1520679783475,0.9839078577390514,0.9839078577390514,0.9863260424484673,0.9863260424484673
7195105,FALSE,2,TRUE,TRUE,FALSE,FALSE,1561.3463787628452,1561.3463787628452,1274.207705116045,1274.207705116045,0.9932648930257361,0.9932648930257361,0.9911161355547752,0.9911161355547752
1698847,FALSE,2,TRUE,TRUE,FALSE,FALSE,1764.1811455171028,1764.1811455171028,1349.7084083470909,1349.7084083470909,0.9850418397927672,0.9850418397927672,0.9939157557294227,0.9939157557294227
1690984,FALSE,0,FALSE,FALSE,FALSE,FALSE,1677.6198365327741,1677.6198365327741,1223.4651111302294,1223.4651111302294,0.9818030890500568,0.9818030890500568,0.988304086087935,0.988304086087935
7619257,FALSE,0,FALSE,FALSE,FALSE,FALSE,1728.363315999141,1728.363315999141,1230.56037035253,1230.56037035253,0.9860389912027421,0.9860389912027421,0.9868861606528223,0.9868861606528223
5687598,FALSE,0,FALSE,FALSE,FALSE,FALSE,1619.371217276412,1619.371217276412,1360.804157903403,1360.804157903403,0.9962691004084808,0.9962691004084808,0.9873895197029997,0.9873895197029997
4890540,FALSE,2,TRUE,TRUE,FALSE,FALSE,1576.4439897628217,1576.4439897628217,1222.3986626054318,1222.3986626054318,0.9835831191025683,0.9835831191025683,0.9879677354000316,0.9879677354000316
7586708,FALSE,0,FALSE,FALSE,FALSE,FALSE,1600.6396823849173,1600.6396823849173,1275.456630451499,1275.456630451499,0.9851602891177583,0.9851602891177583,0.9828603208941968,0.9828603208941968
5030091,FALSE,0,FALSE,FALSE,FALSE,FALSE,1623.7619324867553,1623.7619324867553,1229.0122778606922,1229.0122778606922,0.9892846167239305,0.9892846167239305,0.9828005872930478,0.9828005872930478
5400706,FALSE,2,TRUE,TRUE,FALSE,FALSE,1556.3511085835416,1556.3511085835416,1294.5579549675547,1294.5579549675547,0.987302290811443,0.987302290811443,0.9892815026413473,0.9892815026413473
9338911,FALSE,0,FALSE,FALSE,FALSE,FALSE,1590.8457923968197,1590.8457923968197,1263.576598023587,1263.576598023587,0.9834373706143127,0.9834373706143127,0.988568475467703,0.988568475467703
1550164,FALSE,0,FALSE,FALSE,FALSE,FALSE,1629.5161820116184,1629.5161820116184,1227.4731860918573,1227.4731860918573,0.9829784689511766,0.9829784689511766,0.9852756497533568,0.9852756497533568
5436876,FALSE,0,FALSE,FALSE,FALSE,FALSE,1614.3596898615185,1614.3596898615185,1218.901602946237,1218.901602946237,0.9899380994044975,0.9899380994044975,0.9885267250872409,0.9885267250872409
8501364,FALSE,0,FALSE,FALSE,FALSE,FALSE,1653.6056835065203,1653.6056835065203,1376.7713754028468,1376.7713754028468,0.981296119131425,0.981296119131425,0.9851373597991743,0.9851373597991743
9883656,FALSE,0,FALSE,FALSE,FALSE,FALSE,1613.9701482523606,1613.9701482523606,1254.6569190110965,1254.6569190110965,0.9878738976960886,0.9878738976960886,0.9882587020773893,0.9882587020773893
9499882,FALSE,0,FALSE,FALSE,FALSE,FALSE,1625.0222027641282,1625.0222027641282,1249.206623480296,1249.206623480296,0.9892687296685553,0.9892687296685553,0.987466904400232,0.987466904400232
8890115,FALSE,0,FALSE,FALSE,FALSE,FALSE,1587.8407606726287,1587.8407606726287,1292.265258721274,1292.265258721274,0.9825862157437832,0.9825862157437832,0.9922497952776799,0.9922497952776799
5954171,FALSE,2,TRUE,TRUE,FALSE,FALSE,1584.8552690135048,1584.8552690135048,1265.7386634804677,1265.7386634804677,0.9868501941760116,0.9868501941760116,0.9864417134295381,0.9864417134295381
4142291,FALSE,0,FALSE,FALSE,FALSE,FALSE,1617.5994580456504,1617.5994580456504,1351.1280268537744,1351.1280268537744,0.9834455706154586,0.9834455706154586,0.9879026050113366,0.9879026050113366
3399002,TRUE,4,TRUE,TRUE,TRUE,TRUE,1563.7392635700328,1563.7392635700328,1419.2599652125148,1419.2599652125148,0.9866099837035509,0.9866099837035509,0.983997495244486,0.983997495244486
810574,FALSE,0,FALSE,FALSE,FALSE,FALSE,1605.20270717115,1605.20270717115,1322.6224693043112,1322.6224693043112,0.9811866706188302,0.9811866706188302,0.9835612708779191,0.9835612708779191
8913150,FALSE,0,FALSE,FALSE,FALSE,FALSE,1661.0586306939008,1661.0586306939008,1249.2550111953726,1249.2550111953726,0.9868649892632002,0.9868649892632002,0.9900604200390171,0.9900604200390171
9784692,FALSE,2,TRUE,TRUE,FALSE,FALSE,1581.088898213246,1581.088898213246,1230.0288846824417,1230.0288846824417,0.9811961965649056,0.9811961965649056,0.9873858456859554,0.9873858456859554
7797031,FALSE,0,FALSE,FALSE,FALSE,FALSE,1685.1980319683587,1685.1980319683587,1366.8325814031032,1366.8325814031032,0.9880648397040944,0.9880648397040944,0.9909272969170482,0.9909272969170482
7923280,FALSE,0,FALSE,FALSE,FALSE,FALSE,1593.7496925089142,1593.7496925089142,1273.0470314385427,1273.0470314385427,0.9887074714334059,0.9887074714334059,0.9827145222794992,0.9827145222794992
2287961,FALSE,0,FALSE,FALSE,FALSE,FALSE,1693.9180817500855,1693.9180817500855,1271.8421831967285,1271.8421831967285,0.9826225862430004,0.9826225862430004,0.9889049442930744,0.9889049442930744
4558934,FALSE,0,FALSE,FALSE,FALSE,FALSE,1646.8776536407197,1646.8776536407197,1304.1640733660074,1304.1640733660074,0.988576337334828,0.988576337334828,0.9897269681474747,0.9897269681474747
9932470,FALSE,0,FALSE,FALSE,FALSE,FALSE,1598.5604618285,1598.5604618285,1316.6122958236094,1316.6122958236094,0.9953848353288703,0.9953848353288703,0.9862145154335241,0.9862145154335241
8886835,FALSE,0,FALSE,FALSE,FALSE,FALSE,1580.564179776856,1580.564179776856,1322.0864652808327,1322.0864652808327,0.9872195328371498,0.9872195328371498,0.9927920592723517,0.9927920592723517
5509714,FALSE,2,TRUE,TRUE,FALSE,FALSE,1576.9667672933952,1576.9667672933952,1322.3227406536291,1322.3227406536291,0.9884020455881692,0.9884020455881692,0.9818931298083583,0.9818931298083583
5852906,FALSE,0,FALSE,FALSE,FALSE,FALSE,1584.2350235869476,1584.2350235869476,1220.6775608270004,1220.6775608270004,0.9814796403703215,0.9814796403703215,0.9889389798097334,0.9889389798097334
8519086,FALSE,0,FALSE,FALSE,FALSE,FALSE,1626.5950234922939,1626.5950234922939,1256.990854537297,1256.990854537297,0.9836880950595104,0.9836880950595104,0.9888782951877072,0.9888782951877072
5828078,FALSE,2,TRUE,TRUE,FALSE,FALSE,1819.625439338887,1819.625439338887,1341.401353864888,1341.401353864888,0.9815328880133107,0.9815328880133107,0.9880454545364694,0.9880454545364694
3245586,FALSE,0,FALSE,FALSE,FALSE,FALSE,1669.4514685925376,1669.4514685925376,1221.086439511745,1221.086439511745,0.9859422789121013,0.9859422789121013,0.9910431428284014,0.9910431428284014
9283454,FALSE,0,FALSE,FALSE,FALSE,FALSE,1648.2060878306272,1648.2060878306272,1282.0991982456144,1282.0991982456144,0.9930416531242615,0.9930416531242615,0.9885323986989284,0.9885323986989284
4552714,FALSE,0,FALSE,FALSE,FALSE,FALSE,1650.934711329887,1650.934711329887,1266.5067614553197,1266.5067614553197,0.9820342097009027,0.9820342097009027,0.9846098936143354,0.9846098936143354
1035698,FALSE,2,TRUE,TRUE,FALSE,FALSE,1574.703216876688,1574.703216876688,1286.640208779463,1286.640208779463,0.9921000987977245,0.9921000987977245,0.983685830780852,0.983685830780852
2382923,FALSE,2,TRUE,TRUE,FALSE,FALSE,1571.468110427493,1571.468110427493,1264.03357370964,1264.03357370964,0.9913052071822054,0.9913052071822054,0.9880534833161339,0.9880534833161339
1068019,FALSE,0,FALSE,FALSE,FALSE,FALSE,1600.5669424831776,1600.5669424831776,1276.9570300582998,1276.9570300582998,0.9870033904136513,0.9870033904136513,0.9902349450354043,0.9902349450354043
9612562,FALSE,0,FALSE,FALSE,FALSE,FALSE,1603.122717070591,1603.122717070591,1396.587828530568,1396.587828530568,0.9903842724289348,0.9903842724289348,0.9856893199072992,0.9856893199072992
3327048,FALSE,0,FALSE,FALSE,FALSE,FALSE,1621.3739928462655,1621.3739928462655,1248.7885748804024,1248.7885748804024,0.9869501575952772,0.9869501575952772,0.9971908570239385,0.9971908570239385
8883004,FALSE,0,FALSE,FALSE,FALSE,FALSE,1611.5661138209746,1611.5661138209746,1304.732763728265,1304.732763728265,0.9883320527205297,0.9883320527205297,0.9860200431078154,0.9860200431078154
6622486,FALSE,0,FALSE,FALSE,FALSE,FALSE,1648.710713162589,1648.710713162589,1254.3669786100866,1254.3669786100866,0.9829781068772976,0.9829781068772976,0.9845575774567092,0.9845575774567092
1727183,FALSE,0,FALSE,FALSE,FALSE,FALSE,1601.7363724226095,1601.7363724226095,1380.9724756309233,1380.9724756309233,0.9828083596991759,0.9828083596991759,0.987365434451897,0.987365434451897
9243638,FALSE,0,FALSE,FALSE,FALSE,FALSE,1609.4796812711527,1609.4796812711527,1302.8624433363266,1302.8624433363266,0.989117752043794,0.989117752043794,0.9890368360213069,0.9890368360213069
9053890,FALSE,0,FALSE,FALSE,FALSE,FALSE,1605.1701987254582,1605.1701987254582,1303.5176581323344,1303.5176581323344,0.9871270657061149,0.9871270657061149,0.9844148804673569,0.9844148804673569
3426629,FALSE,0,FALSE,FALSE,FALSE,FALSE,1622.1567889359246,1622.1567889359246,1262.12930128691,1262.12930128691,0.9884755207752696,0.9884755207752696,0.9901901205148714,0.9901901205148714
7001648,FALSE,2,FALSE,FALSE,TRUE,TRUE,1656.0132450322385,1656.0132450322385,1447.735171367877,1447.735171367877,0.9869340208488716,0.9869340208488716,0.9944787378636061,0.9944787378636061
5726339,FALSE,2,FALSE,FALSE,TRUE,TRUE,1596.9918586054507,1596.9918586054507,1423.344075477137,1423.344075477137,0.9823381517400545,0.9823381517400545,0.9857554897470748,0.9857554897470748
1189480,FALSE,0,FALSE,FALSE,FALSE,FALSE,1620.1608236719146,1620.1608236719146,1240.215014450613,1240.215014450613,0.9810502182665741,0.9810502182665741,0.9913533249488384,0.9913533249488384
72299,FALSE,2,TRUE,TRUE,FALSE,FALSE,1786.4083452076131,1786.4083452076131,1248.9062731752456,1248.9062731752456,0.9897125948646581,0.9897125948646581,0.98734259433686,0.98734259433686
9786803,FALSE,2,TRUE,TRUE,FALSE,FALSE,1559.9984894562688,1559.9984894562688,1260.3544238370553,1260.3544238370553,0.9848410292315639,0.9848410292315639,0.9860990649207941,0.9860990649207941
8888587,FALSE,0,FALSE,FALSE,FALSE,FALSE,1602.8373568459806,1602.8373568459806,1220.9810468446492,1220.9810468446492,0.9868813246491008,0.9868813246491008,0.9854734226957014,0.9854734226957014
2555430,FALSE,0,FALSE,FALSE,FALSE,FALSE,1631.5070702437567,1631.5070702437567,1258.2351823935587,1258.2351823935587,0.9868535355216956,0.9868535355216956,0.9855129941653712,0.9855129941653712
