DATE;CODE;RAW DATE;DAY;MONTH;YEAR;VALUE (-)
1997-02-01;FUNCEX12_MPEPET2N12;1997-02-01T00:00:00-02:00;1;2;1997;29,58
1997-03-01;FUNCEX12_MPEPET2N12;1997-03-01T00:00:00-03:00;1;3;1997;28,18
1997-04-01;FUNCEX12_MPEPET2N12;1997-04-01T00:00:00-03:00;1;4;1997;24,38
1997-05-01;FUNCEX12_MPEPET2N12;1997-05-01T00:00:00-03:00;1;5;1997;21,89
1997-06-01;FUNCEX12_MPEPET2N12;1997-06-01T00:00:00-03:00;1;6;1997;22,48
1997-07-01;FUNCEX12_MPEPET2N12;1997-07-01T00:00:00-03:00;1;7;1997;21,55
1997-08-01;FUNCEX12_MPEPET2N12;1997-08-01T00:00:00-03:00;1;8;1997;21,92
1997-09-01;FUNCEX12_MPEPET2N12;1997-09-01T00:00:00-03:00;1;9;1997;21,64
1997-10-01;FUNCEX12_MPEPET2N12;1997-10-01T00:00:00-03:00;1;10;1997;22,08
1997-11-01;FUNCEX12_MPEPET2N12;1997-11-01T00:00:00-03:00;1;11;1997;22,76
1997-12-01;FUNCEX12_MPEPET2N12;1997-12-01T00:00:00-02:00;1;12;1997;22,6
1998-01-01;FUNCEX12_MPEPET2N12;1998-01-01T00:00:00-02:00;1;1;1998;20,66
1998-02-01;FUNCEX12_MPEPET2N12;1998-02-01T00:00:00-02:00;1;2;1998;18,33
1998-03-01;FUNCEX12_MPEPET2N12;1998-03-01T00:00:00-03:00;1;3;1998;16,45
1998-04-01;FUNCEX12_MPEPET2N12;1998-04-01T00:00:00-03:00;1;4;1998;14,88
1998-05-01;FUNCEX12_MPEPET2N12;1998-05-01T00:00:00-03:00;1;5;1998;15,65
1998-06-01;FUNCEX12_MPEPET2N12;1998-06-01T00:00:00-03:00;1;6;1998;15,66
1998-07-01;FUNCEX12_MPEPET2N12;1998-07-01T00:00:00-03:00;1;7;1998;13,91
1998-08-01;FUNCEX12_MPEPET2N12;1998-08-01T00:00:00-03:00;1;8;1998;15,29
1998-09-01;FUNCEX12_MPEPET2N12;1998-09-01T00:00:00-03:00;1;9;1998;14,5
1998-10-01;FUNCEX12_MPEPET2N12;1998-10-01T00:00:00-03:00;1;10;1998;16,71
1998-11-01;FUNCEX12_MPEPET2N12;1998-11-01T00:00:00-03:00;1;11;1998;15,44
1998-12-01;FUNCEX12_MPEPET2N12;1998-12-01T00:00:00-02:00;1;12;1998;14,24
1999-01-01;FUNCEX12_MPEPET2N12;1999-01-01T00:00:00-02:00;1;1;1999;11,2
1999-02-01;FUNCEX12_MPEPET2N12;1999-02-01T00:00:00-02:00;1;2;1999;13,06
1999-03-01;FUNCEX12_MPEPET2N12;1999-03-01T00:00:00-03:00;1;3;1999;13,89
1999-04-01;FUNCEX12_MPEPET2N12;1999-04-01T00:00:00-03:00;1;4;1999;15,27
1999-05-01;FUNCEX12_MPEPET2N12;1999-05-01T00:00:00-03:00;1;5;1999;20,21
1999-06-01;FUNCEX12_MPEPET2N12;1999-06-01T00:00:00-03:00;1;6;1999;19,42
1999-07-01;FUNCEX12_MPEPET2N12;1999-07-01T00:00:00-03:00;1;7;1999;22,23
1999-08-01;FUNCEX12_MPEPET2N12;1999-08-01T00:00:00-03:00;1;8;1999;25,58
1999-09-01;FUNCEX12_MPEPET2N12;1999-09-01T00:00:00-03:00;1;9;1999;26,48
1999-10-01;FUNCEX12_MPEPET2N12;1999-10-01T00:00:00-03:00;1;10;1999;28,65
1999-11-01;FUNCEX12_MPEPET2N12;1999-11-01T00:00:00-03:00;1;11;1999;27,87
1999-12-01;FUNCEX12_MPEPET2N12;1999-12-01T00:00:00-02:00;1;12;1999;31,9
2000-01-01;FUNCEX12_MPEPET2N12;2000-01-01T00:00:00-02:00;1;1;2000;33,73
2000-02-01;FUNCEX12_MPEPET2N12;2000-02-01T00:00:00-02:00;1;2;2000;35,18
2000-03-01;FUNCEX12_MPEPET2N12;2000-03-01T00:00:00-03:00;1;3;2000;37,86
2000-04-01;FUNCEX12_MPEPET2N12;2000-04-01T00:00:00-03:00;1;4;2000;37,77
2000-05-01;FUNCEX12_MPEPET2N12;2000-05-01T00:00:00-03:00;1;5;2000;32,27
2000-06-01;FUNCEX12_MPEPET2N12;2000-06-01T00:00:00-03:00;1;6;2000;36,97
2000-07-01;FUNCEX12_MPEPET2N12;2000-07-01T00:00:00-03:00;1;7;2000;39,13
2000-08-01;FUNCEX12_MPEPET2N12;2000-08-01T00:00:00-03:00;1;8;2000;38,85
2000-09-01;FUNCEX12_MPEPET2N12;2000-09-01T00:00:00-03:00;1;9;2000;38,6
2000-10-01;FUNCEX12_MPEPET2N12;2000-10-01T00:00:00-03:00;1;10;2000;41,11
2000-11-01;FUNCEX12_MPEPET2N12;2000-11-01T00:00:00-03:00;1;11;2000;40,3
2000-12-01;FUNCEX12_MPEPET2N12;2000-12-01T00:00:00-02:00;1;12;2000;39,38
2001-01-01;FUNCEX12_MPEPET2N12;2001-01-01T00:00:00-02:00;1;1;2001;35,32
2001-02-01;FUNCEX12_MPEPET2N12;2001-02-01T00:00:00-02:00;1;2;2001;35,06
2001-03-01;FUNCEX12_MPEPET2N12;2001-03-01T00:00:00-03:00;1;3;2001;35,53
2001-04-01;FUNCEX12_MPEPET2N12;2001-04-01T00:00:00-03:00;1;4;2001;31,61
2001-05-01;FUNCEX12_MPEPET2N12;2001-05-01T00:00:00-03:00;1;5;2001;34,8
2001-06-01;FUNCEX12_MPEPET2N12;2001-06-01T00:00:00-03:00;1;6;2001;35,93
2001-07-01;FUNCEX12_MPEPET2N12;2001-07-01T00:00:00-03:00;1;7;2001;37,56
2001-08-01;FUNCEX12_MPEPET2N12;2001-08-01T00:00:00-03:00;1;8;2001;34,75
2001-09-01;FUNCEX12_MPEPET2N12;2001-09-01T00:00:00-03:00;1;9;2001;33,47
2001-10-01;FUNCEX12_MPEPET2N12;2001-10-01T00:00:00-03:00;1;10;2001;35,74
2001-11-01;FUNCEX12_MPEPET2N12;2001-11-01T00:00:00-03:00;1;11;2001;28,81
2001-12-01;FUNCEX12_MPEPET2N12;2001-12-01T00:00:00-02:00;1;12;2001;26,57
2002-01-01;FUNCEX12_MPEPET2N12;2002-01-01T00:00:00-02:00;1;1;2002;23,44
2002-02-01;FUNCEX12_MPEPET2N12;2002-02-01T00:00:00-02:00;1;2;2002;25,41
2002-03-01;FUNCEX12_MPEPET2N12;2002-03-01T00:00:00-03:00;1;3;2002;26,69
2002-04-01;FUNCEX12_MPEPET2N12;2002-04-01T00:00:00-03:00;1;4;2002;32,0
2002-05-01;FUNCEX12_MPEPET2N12;2002-05-01T00:00:00-03:00;1;5;2002;35,1
2002-06-01;FUNCEX12_MPEPET2N12;2002-06-01T00:00:00-03:00;1;6;2002;34,22
2002-07-01;FUNCEX12_MPEPET2N12;2002-07-01T00:00:00-03:00;1;7;2002;33,43
2002-08-01;FUNCEX12_MPEPET2N12;2002-08-01T00:00:00-03:00;1;8;2002;37,37
2002-09-01;FUNCEX12_MPEPET2N12;2002-09-01T00:00:00-03:00;1;9;2002;35,29
2002-10-01;FUNCEX12_MPEPET2N12;2002-10-01T00:00:00-03:00;1;10;2002;37,99
2002-11-01;FUNCEX12_MPEPET2N12;2002-11-01T00:00:00-03:00;1;11;2002;38,47
2002-12-01;FUNCEX12_MPEPET2N12;2002-12-01T00:00:00-02:00;1;12;2002;34,59
2003-01-01;FUNCEX12_MPEPET2N12;2003-01-01T00:00:00-02:00;1;1;2003;39,57
2003-02-01;FUNCEX12_MPEPET2N12;2003-02-01T00:00:00-02:00;1;2;2003;44,33
2003-03-01;FUNCEX12_MPEPET2N12;2003-03-01T00:00:00-03:00;1;3;2003;45,71
2003-04-01;FUNCEX12_MPEPET2N12;2003-04-01T00:00:00-03:00;1;4;2003;41,32
2003-05-01;FUNCEX12_MPEPET2N12;2003-05-01T00:00:00-03:00;1;5;2003;36,86
2003-06-01;FUNCEX12_MPEPET2N12;2003-06-01T00:00:00-03:00;1;6;2003;34,56
2003-07-01;FUNCEX12_MPEPET2N12;2003-07-01T00:00:00-03:00;1;7;2003;39,18
2003-08-01;FUNCEX12_MPEPET2N12;2003-08-01T00:00:00-03:00;1;8;2003;40,39
2003-09-01;FUNCEX12_MPEPET2N12;2003-09-01T00:00:00-03:00;1;9;2003;40,09
2003-10-01;FUNCEX12_MPEPET2N12;2003-10-01T00:00:00-03:00;1;10;2003;39,47
2003-11-01;FUNCEX12_MPEPET2N12;2003-11-01T00:00:00-03:00;1;11;2003;39,73
2003-12-01;FUNCEX12_MPEPET2N12;2003-12-01T00:00:00-02:00;1;12;2003;41,95
2004-01-01;FUNCEX12_MPEPET2N12;2004-01-01T00:00:00-02:00;1;1;2004;42,09
2004-02-01;FUNCEX12_MPEPET2N12;2004-02-01T00:00:00-02:00;1;2;2004;43,36
2004-03-01;FUNCEX12_MPEPET2N12;2004-03-01T00:00:00-03:00;1;3;2004;45,44
2004-04-01;FUNCEX12_MPEPET2N12;2004-04-01T00:00:00-03:00;1;4;2004;46,87
2004-05-01;FUNCEX12_MPEPET2N12;2004-05-01T00:00:00-03:00;1;5;2004;47,25
2004-06-01;FUNCEX12_MPEPET2N12;2004-06-01T00:00:00-03:00;1;6;2004;52,46
2004-07-01;FUNCEX12_MPEPET2N12;2004-07-01T00:00:00-03:00;1;7;2004;50,71
2004-08-01;FUNCEX12_MPEPET2N12;2004-08-01T00:00:00-03:00;1;8;2004;54,06
2004-09-01;FUNCEX12_MPEPET2N12;2004-09-01T00:00:00-03:00;1;9;2004;54,6
2004-10-01;FUNCEX12_MPEPET2N12;2004-10-01T00:00:00-03:00;1;10;2004;60,08
2004-11-01;FUNCEX12_MPEPET2N12;2004-11-01T00:00:00-03:00;1;11;2004;60,67
2004-12-01;FUNCEX12_MPEPET2N12;2004-12-01T00:00:00-02:00;1;12;2004;59,97
2005-01-01;FUNCEX12_MPEPET2N12;2005-01-01T00:00:00-02:00;1;1;2005;53,35
2005-02-01;FUNCEX12_MPEPET2N12;2005-02-01T00:00:00-02:00;1;2;2005;56,39
2005-03-01;FUNCEX12_MPEPET2N12;2005-03-01T00:00:00-03:00;1;3;2005;61,67
2005-04-01;FUNCEX12_MPEPET2N12;2005-04-01T00:00:00-03:00;1;4;2005;64,18
2005-05-01;FUNCEX12_MPEPET2N12;2005-05-01T00:00:00-03:00;1;5;2005;67,71
2005-06-01;FUNCEX12_MPEPET2N12;2005-06-01T00:00:00-03:00;1;6;2005;67,35
2005-07-01;FUNCEX12_MPEPET2N12;2005-07-01T00:00:00-03:00;1;7;2005;69,77
2005-08-01;FUNCEX12_MPEPET2N12;2005-08-01T00:00:00-03:00;1;8;2005;78,91
2005-09-01;FUNCEX12_MPEPET2N12;2005-09-01T00:00:00-03:00;1;9;2005;83,16
2005-10-01;FUNCEX12_MPEPET2N12;2005-10-01T00:00:00-03:00;1;10;2005;83,42
2005-11-01;FUNCEX12_MPEPET2N12;2005-11-01T00:00:00-02:00;1;11;2005;79,42
2005-12-01;FUNCEX12_MPEPET2N12;2005-12-01T00:00:00-02:00;1;12;2005;80,43
2006-01-01;FUNCEX12_MPEPET2N12;2006-01-01T00:00:00-02:00;1;1;2006;81,94
2006-02-01;FUNCEX12_MPEPET2N12;2006-02-01T00:00:00-02:00;1;2;2006;82,07
2006-03-01;FUNCEX12_MPEPET2N12;2006-03-01T00:00:00-03:00;1;3;2006;81,24
2006-04-01;FUNCEX12_MPEPET2N12;2006-04-01T00:00:00-03:00;1;4;2006;86,78
2006-05-01;FUNCEX12_MPEPET2N12;2006-05-01T00:00:00-03:00;1;5;2006;90,22
2006-06-01;FUNCEX12_MPEPET2N12;2006-06-01T00:00:00-03:00;1;6;2006;96,35
2006-07-01;FUNCEX12_MPEPET2N12;2006-07-01T00:00:00-03:00;1;7;2006;95,4
2006-08-01;FUNCEX12_MPEPET2N12;2006-08-01T00:00:00-03:00;1;8;2006;99,14
2006-09-01;FUNCEX12_MPEPET2N12;2006-09-01T00:00:00-03:00;1;9;2006;97,47
2006-10-01;FUNCEX12_MPEPET2N12;2006-10-01T00:00:00-03:00;1;10;2006;91,81
2006-11-01;FUNCEX12_MPEPET2N12;2006-11-01T00:00:00-03:00;1;11;2006;88,0
2006-12-01;FUNCEX12_MPEPET2N12;2006-12-01T00:00:00-02:00;1;12;2006;80,37
2007-01-01;FUNCEX12_MPEPET2N12;2007-01-01T00:00:00-02:00;1;1;2007;85,77
2007-02-01;FUNCEX12_MPEPET2N12;2007-02-01T00:00:00-02:00;1;2;2007;81,37
2007-03-01;FUNCEX12_MPEPET2N12;2007-03-01T00:00:00-03:00;1;3;2007;80,19
2007-04-01;FUNCEX12_MPEPET2N12;2007-04-01T00:00:00-03:00;1;4;2007;87,31
2007-05-01;FUNCEX12_MPEPET2N12;2007-05-01T00:00:00-03:00;1;5;2007;89,97
2007-06-01;FUNCEX12_MPEPET2N12;2007-06-01T00:00:00-03:00;1;6;2007;94,58
2007-07-01;FUNCEX12_MPEPET2N12;2007-07-01T00:00:00-03:00;1;7;2007;98,18
2007-08-01;FUNCEX12_MPEPET2N12;2007-08-01T00:00:00-03:00;1;8;2007;101,93
2007-09-01;FUNCEX12_MPEPET2N12;2007-09-01T00:00:00-03:00;1;9;2007;102,04
2007-10-01;FUNCEX12_MPEPET2N12;2007-10-01T00:00:00-03:00;1;10;2007;106,23
2007-11-01;FUNCEX12_MPEPET2N12;2007-11-01T00:00:00-02:00;1;11;2007;121,82
2007-12-01;FUNCEX12_MPEPET2N12;2007-12-01T00:00:00-02:00;1;12;2007;125,07
2008-01-01;FUNCEX12_MPEPET2N12;2008-01-01T00:00:00-02:00;1;1;2008;129,51
2008-02-01;FUNCEX12_MPEPET2N12;2008-02-01T00:00:00-02:00;1;2;2008;128,98
2008-03-01;FUNCEX12_MPEPET2N12;2008-03-01T00:00:00-03:00;1;3;2008;134,18
2008-04-01;FUNCEX12_MPEPET2N12;2008-04-01T00:00:00-03:00;1;4;2008;147,41
2008-05-01;FUNCEX12_MPEPET2N12;2008-05-01T00:00:00-03:00;1;5;2008;153,48
2008-06-01;FUNCEX12_MPEPET2N12;2008-06-01T00:00:00-03:00;1;6;2008;166,7
2008-07-01;FUNCEX12_MPEPET2N12;2008-07-01T00:00:00-03:00;1;7;2008;184,68
2008-08-01;FUNCEX12_MPEPET2N12;2008-08-01T00:00:00-03:00;1;8;2008;179,29
2008-09-01;FUNCEX12_MPEPET2N12;2008-09-01T00:00:00-03:00;1;9;2008;166,92
2008-10-01;FUNCEX12_MPEPET2N12;2008-10-01T00:00:00-03:00;1;10;2008;149,46
2008-11-01;FUNCEX12_MPEPET2N12;2008-11-01T00:00:00-02:00;1;11;2008;110,36
2008-12-01;FUNCEX12_MPEPET2N12;2008-12-01T00:00:00-02:00;1;12;2008;101,74
2009-01-01;FUNCEX12_MPEPET2N12;2009-01-01T00:00:00-02:00;1;1;2009;79,82
2009-02-01;FUNCEX12_MPEPET2N12;2009-02-01T00:00:00-02:00;1;2;2009;61,95
2009-03-01;FUNCEX12_MPEPET2N12;2009-03-01T00:00:00-03:00;1;3;2009;76,04
2009-04-01;FUNCEX12_MPEPET2N12;2009-04-01T00:00:00-03:00;1;4;2009;67,19
2009-05-01;FUNCEX12_MPEPET2N12;2009-05-01T00:00:00-03:00;1;5;2009;78,65
2009-06-01;FUNCEX12_MPEPET2N12;2009-06-01T00:00:00-03:00;1;6;2009;90,49
2009-07-01;FUNCEX12_MPEPET2N12;2009-07-01T00:00:00-03:00;1;7;2009;97,33
2009-08-01;FUNCEX12_MPEPET2N12;2009-08-01T00:00:00-03:00;1;8;2009;98,48
2009-09-01;FUNCEX12_MPEPET2N12;2009-09-01T00:00:00-03:00;1;9;2009;102,12
2009-10-01;FUNCEX12_MPEPET2N12;2009-10-01T00:00:00-03:00;1;10;2009;100,4
2009-11-01;FUNCEX12_MPEPET2N12;2009-11-01T00:00:00-02:00;1;11;2009;106,94
2009-12-01;FUNCEX12_MPEPET2N12;2009-12-01T00:00:00-02:00;1;12;2009;110,13
2010-01-01;FUNCEX12_MPEPET2N12;2010-01-01T00:00:00-02:00;1;1;2010;106,12
2010-02-01;FUNCEX12_MPEPET2N12;2010-02-01T00:00:00-02:00;1;2;2010;107,25
2010-03-01;FUNCEX12_MPEPET2N12;2010-03-01T00:00:00-03:00;1;3;2010;106,01
2010-04-01;FUNCEX12_MPEPET2N12;2010-04-01T00:00:00-03:00;1;4;2010;111,99
2010-05-01;FUNCEX12_MPEPET2N12;2010-05-01T00:00:00-03:00;1;5;2010;113,67
2010-06-01;FUNCEX12_MPEPET2N12;2010-06-01T00:00:00-03:00;1;6;2010;110,45
2010-07-01;FUNCEX12_MPEPET2N12;2010-07-01T00:00:00-03:00;1;7;2010;103,2
2010-08-01;FUNCEX12_MPEPET2N12;2010-08-01T00:00:00-03:00;1;8;2010;111,34
2010-09-01;FUNCEX12_MPEPET2N12;2010-09-01T00:00:00-03:00;1;9;2010;107,93
2010-10-01;FUNCEX12_MPEPET2N12;2010-10-01T00:00:00-03:00;1;10;2010;111,69
2010-11-01;FUNCEX12_MPEPET2N12;2010-11-01T00:00:00-02:00;1;11;2010;116,04
2010-12-01;FUNCEX12_MPEPET2N12;2010-12-01T00:00:00-02:00;1;12;2010;117,9
2011-01-01;FUNCEX12_MPEPET2N12;2011-01-01T00:00:00-02:00;1;1;2011;130,52
2011-02-01;FUNCEX12_MPEPET2N12;2011-02-01T00:00:00-02:00;1;2;2011;130,65
2011-03-01;FUNCEX12_MPEPET2N12;2011-03-01T00:00:00-03:00;1;3;2011;147,65
2011-04-01;FUNCEX12_MPEPET2N12;2011-04-01T00:00:00-03:00;1;4;2011;154,67
2011-05-01;FUNCEX12_MPEPET2N12;2011-05-01T00:00:00-03:00;1;5;2011;163,99
2011-06-01;FUNCEX12_MPEPET2N12;2011-06-01T00:00:00-03:00;1;6;2011;160,75
2011-07-01;FUNCEX12_MPEPET2N12;2011-07-01T00:00:00-03:00;1;7;2011;160,39
2011-08-01;FUNCEX12_MPEPET2N12;2011-08-01T00:00:00-03:00;1;8;2011;159,38
2011-09-01;FUNCEX12_MPEPET2N12;2011-09-01T00:00:00-03:00;1;9;2011;161,02
2011-10-01;FUNCEX12_MPEPET2N12;2011-10-01T00:00:00-03:00;1;10;2011;156,08
2011-11-01;FUNCEX12_MPEPET2N12;2011-11-01T00:00:00-02:00;1;11;2011;165,6
2011-12-01;FUNCEX12_MPEPET2N12;2011-12-01T00:00:00-02:00;1;12;2011;163,32
2012-01-01;FUNCEX12_MPEPET2N12;2012-01-01T00:00:00-02:00;1;1;2012;161,36
2012-02-01;FUNCEX12_MPEPET2N12;2012-02-01T00:00:00-02:00;1;2;2012;165,59
2012-03-01;FUNCEX12_MPEPET2N12;2012-03-01T00:00:00-03:00;1;3;2012;176,17
2012-04-01;FUNCEX12_MPEPET2N12;2012-04-01T00:00:00-03:00;1;4;2012;176,08
2012-05-01;FUNCEX12_MPEPET2N12;2012-05-01T00:00:00-03:00;1;5;2012;175,16
2012-06-01;FUNCEX12_MPEPET2N12;2012-06-01T00:00:00-03:00;1;6;2012;163,89
2012-07-01;FUNCEX12_MPEPET2N12;2012-07-01T00:00:00-03:00;1;7;2012;149,47
2012-08-01;FUNCEX12_MPEPET2N12;2012-08-01T00:00:00-03:00;1;8;2012;156,03
2012-09-01;FUNCEX12_MPEPET2N12;2012-09-01T00:00:00-03:00;1;9;2012;154,41
2012-10-01;FUNCEX12_MPEPET2N12;2012-10-01T00:00:00-03:00;1;10;2012;165,86
2012-11-01;FUNCEX12_MPEPET2N12;2012-11-01T00:00:00-02:00;1;11;2012;159,42
2012-12-01;FUNCEX12_MPEPET2N12;2012-12-01T00:00:00-02:00;1;12;2012;164,89
2013-01-01;FUNCEX12_MPEPET2N12;2013-01-01T00:00:00-02:00;1;1;2013;162,97
2013-02-01;FUNCEX12_MPEPET2N12;2013-02-01T00:00:00-02:00;1;2;2013;167,43
2013-03-01;FUNCEX12_MPEPET2N12;2013-03-01T00:00:00-03:00;1;3;2013;168,48
2013-04-01;FUNCEX12_MPEPET2N12;2013-04-01T00:00:00-03:00;1;4;2013;173,28
2013-05-01;FUNCEX12_MPEPET2N12;2013-05-01T00:00:00-03:00;1;5;2013;161,45
2013-06-01;FUNCEX12_MPEPET2N12;2013-06-01T00:00:00-03:00;1;6;2013;156,61
2013-07-01;FUNCEX12_MPEPET2N12;2013-07-01T00:00:00-03:00;1;7;2013;156,41
2013-08-01;FUNCEX12_MPEPET2N12;2013-08-01T00:00:00-03:00;1;8;2013;159,28
2013-09-01;FUNCEX12_MPEPET2N12;2013-09-01T00:00:00-03:00;1;9;2013;163,26
2013-10-01;FUNCEX12_MPEPET2N12;2013-10-01T00:00:00-03:00;1;10;2013;161,72
2013-11-01;FUNCEX12_MPEPET2N12;2013-11-01T00:00:00-02:00;1;11;2013;160,89
2013-12-01;FUNCEX12_MPEPET2N12;2013-12-01T00:00:00-02:00;1;12;2013;164,18
2014-01-01;FUNCEX12_MPEPET2N12;2014-01-01T00:00:00-02:00;1;1;2014;157,93
2014-02-01;FUNCEX12_MPEPET2N12;2014-02-01T00:00:00-02:00;1;2;2014;165,49
2014-03-01;FUNCEX12_MPEPET2N12;2014-03-01T00:00:00-03:00;1;3;2014;166,26
2014-04-01;FUNCEX12_MPEPET2N12;2014-04-01T00:00:00-03:00;1;4;2014;164,43
2014-05-01;FUNCEX12_MPEPET2N12;2014-05-01T00:00:00-03:00;1;5;2014;167,05
2014-06-01;FUNCEX12_MPEPET2N12;2014-06-01T00:00:00-03:00;1;6;2014;161,75
2014-07-01;FUNCEX12_MPEPET2N12;2014-07-01T00:00:00-03:00;1;7;2014;163,45
2014-08-01;FUNCEX12_MPEPET2N12;2014-08-01T00:00:00-03:00;1;8;2014;164,99
2014-09-01;FUNCEX12_MPEPET2N12;2014-09-01T00:00:00-03:00;1;9;2014;158,01
2014-10-01;FUNCEX12_MPEPET2N12;2014-10-01T00:00:00-03:00;1;10;2014;142,73
2014-11-01;FUNCEX12_MPEPET2N12;2014-11-01T00:00:00-02:00;1;11;2014;138,07
2014-12-01;FUNCEX12_MPEPET2N12;2014-12-01T00:00:00-02:00;1;12;2014;132,75
2015-01-01;FUNCEX12_MPEPET2N12;2015-01-01T00:00:00-02:00;1;1;2015;128,11
2015-02-01;FUNCEX12_MPEPET2N12;2015-02-01T00:00:00-02:00;1;2;2015;109,76
2015-03-01;FUNCEX12_MPEPET2N12;2015-03-01T00:00:00-03:00;1;3;2015;96,71
2015-04-01;FUNCEX12_MPEPET2N12;2015-04-01T00:00:00-03:00;1;4;2015;95,95
2015-05-01;FUNCEX12_MPEPET2N12;2015-05-01T00:00:00-03:00;1;5;2015;88,03
2015-06-01;FUNCEX12_MPEPET2N12;2015-06-01T00:00:00-03:00;1;6;2015;90,24
2015-07-01;FUNCEX12_MPEPET2N12;2015-07-01T00:00:00-03:00;1;7;2015;92,0
2015-08-01;FUNCEX12_MPEPET2N12;2015-08-01T00:00:00-03:00;1;8;2015;90,89
2015-09-01;FUNCEX12_MPEPET2N12;2015-09-01T00:00:00-03:00;1;9;2015;86,13
2015-10-01;FUNCEX12_MPEPET2N12;2015-10-01T00:00:00-03:00;1;10;2015;90,97
2015-11-01;FUNCEX12_MPEPET2N12;2015-11-01T00:00:00-02:00;1;11;2015;73,85
2015-12-01;FUNCEX12_MPEPET2N12;2015-12-01T00:00:00-02:00;1;12;2015;71,92
2016-01-01;FUNCEX12_MPEPET2N12;2016-01-01T00:00:00-02:00;1;1;2016;66,34
2016-02-01;FUNCEX12_MPEPET2N12;2016-02-01T00:00:00-02:00;1;2;2016;62,79
2016-03-01;FUNCEX12_MPEPET2N12;2016-03-01T00:00:00-03:00;1;3;2016;57,78
2016-04-01;FUNCEX12_MPEPET2N12;2016-04-01T00:00:00-03:00;1;4;2016;59,25
2016-05-01;FUNCEX12_MPEPET2N12;2016-05-01T00:00:00-03:00;1;5;2016;50,52
2016-06-01;FUNCEX12_MPEPET2N12;2016-06-01T00:00:00-03:00;1;6;2016;58,37
2016-07-01;FUNCEX12_MPEPET2N12;2016-07-01T00:00:00-03:00;1;7;2016;65,15
2016-08-01;FUNCEX12_MPEPET2N12;2016-08-01T00:00:00-03:00;1;8;2016;62,75
2016-09-01;FUNCEX12_MPEPET2N12;2016-09-01T00:00:00-03:00;1;9;2016;63,53
2016-10-01;FUNCEX12_MPEPET2N12;2016-10-01T00:00:00-03:00;1;10;2016;73,63
2016-11-01;FUNCEX12_MPEPET2N12;2016-11-01T00:00:00-02:00;1;11;2016;59,99
2016-12-01;FUNCEX12_MPEPET2N12;2016-12-01T00:00:00-02:00;1;12;2016;71,65
2017-01-01;FUNCEX12_MPEPET2N12;2017-01-01T00:00:00-02:00;1;1;2017;64,27
2017-02-01;FUNCEX12_MPEPET2N12;2017-02-01T00:00:00-02:00;1;2;2017;70,67
2017-03-01;FUNCEX12_MPEPET2N12;2017-03-01T00:00:00-03:00;1;3;2017;77,41
2017-04-01;FUNCEX12_MPEPET2N12;2017-04-01T00:00:00-03:00;1;4;2017;74,03
2017-05-01;FUNCEX12_MPEPET2N12;2017-05-01T00:00:00-03:00;1;5;2017;77,43
2017-06-01;FUNCEX12_MPEPET2N12;2017-06-01T00:00:00-03:00;1;6;2017;73,57
2017-07-01;FUNCEX12_MPEPET2N12;2017-07-01T00:00:00-03:00;1;7;2017;73,98
2017-08-01;FUNCEX12_MPEPET2N12;2017-08-01T00:00:00-03:00;1;8;2017;70,13
2017-09-01;FUNCEX12_MPEPET2N12;2017-09-01T00:00:00-03:00;1;9;2017;71,07
2017-10-01;FUNCEX12_MPEPET2N12;2017-10-01T00:00:00-03:00;1;10;2017;78,2
2017-11-01;FUNCEX12_MPEPET2N12;2017-11-01T00:00:00-02:00;1;11;2017;81,71
2017-12-01;FUNCEX12_MPEPET2N12;2017-12-01T00:00:00-02:00;1;12;2017;86,09
2018-01-01;FUNCEX12_MPEPET2N12;2018-01-01T00:00:00-02:00;1;1;2018;81,89
2018-02-01;FUNCEX12_MPEPET2N12;2018-02-01T00:00:00-02:00;1;2;2018;90,06
2018-03-01;FUNCEX12_MPEPET2N12;2018-03-01T00:00:00-03:00;1;3;2018;91,74
2018-04-01;FUNCEX12_MPEPET2N12;2018-04-01T00:00:00-03:00;1;4;2018;92,49
2018-05-01;FUNCEX12_MPEPET2N12;2018-05-01T00:00:00-03:00;1;5;2018;95,02
2018-06-01;FUNCEX12_MPEPET2N12;2018-06-01T00:00:00-03:00;1;6;2018;103,64
2018-07-01;FUNCEX12_MPEPET2N12;2018-07-01T00:00:00-03:00;1;7;2018;102,29
2018-08-01;FUNCEX12_MPEPET2N12;2018-08-01T00:00:00-03:00;1;8;2018;102,85
2018-09-01;FUNCEX12_MPEPET2N12;2018-09-01T00:00:00-03:00;1;9;2018;107,22
2018-10-01;FUNCEX12_MPEPET2N12;2018-10-01T00:00:00-03:00;1;10;2018;106,95
2018-11-01;FUNCEX12_MPEPET2N12;2018-11-01T00:00:00-03:00;1;11;2018;116,58
2018-12-01;FUNCEX12_MPEPET2N12;2018-12-01T00:00:00-02:00;1;12;2018;109,28
2019-01-01;FUNCEX12_MPEPET2N12;2019-01-01T00:00:00-02:00;1;1;2019;101,56
2019-02-01;FUNCEX12_MPEPET2N12;2019-02-01T00:00:00-02:00;1;2;2019;91,96
2019-03-01;FUNCEX12_MPEPET2N12;2019-03-01T00:00:00-03:00;1;3;2019;87,71
2019-04-01;FUNCEX12_MPEPET2N12;2019-04-01T00:00:00-03:00;1;4;2019;91,21
2019-05-01;FUNCEX12_MPEPET2N12;2019-05-01T00:00:00-03:00;1;5;2019;95,27
2019-06-01;FUNCEX12_MPEPET2N12;2019-06-01T00:00:00-03:00;1;6;2019;93,43
2019-07-01;FUNCEX12_MPEPET2N12;2019-07-01T00:00:00-03:00;1;7;2019;91,14
2019-08-01;FUNCEX12_MPEPET2N12;2019-08-01T00:00:00-03:00;1;8;2019;83,76
2019-09-01;FUNCEX12_MPEPET2N12;2019-09-01T00:00:00-03:00;1;9;2019;83,82
2019-10-01;FUNCEX12_MPEPET2N12;2019-10-01T00:00:00-03:00;1;10;2019;84,65
2019-11-01;FUNCEX12_MPEPET2N12;2019-11-01T00:00:00-03:00;1;11;2019;77,39
2019-12-01;FUNCEX12_MPEPET2N12;2019-12-01T00:00:00-03:00;1;12;2019;86,29
2020-01-01;FUNCEX12_MPEPET2N12;2020-01-01T00:00:00-03:00;1;1;2020;86,55
2020-02-01;FUNCEX12_MPEPET2N12;2020-02-01T00:00:00-03:00;1;2;2020;83,07
2020-03-01;FUNCEX12_MPEPET2N12;2020-03-01T00:00:00-03:00;1;3;2020;75,78
2020-04-01;FUNCEX12_MPEPET2N12;2020-04-01T00:00:00-03:00;1;4;2020;81,97
2020-05-01;FUNCEX12_MPEPET2N12;2020-05-01T00:00:00-03:00;1;5;2020;59,33
2020-06-01;FUNCEX12_MPEPET2N12;2020-06-01T00:00:00-03:00;1;6;2020;63,68
2020-07-01;FUNCEX12_MPEPET2N12;2020-07-01T00:00:00-03:00;1;7;2020;83,61
2020-08-01;FUNCEX12_MPEPET2N12;2020-08-01T00:00:00-03:00;1;8;2020;58,19
2020-09-01;FUNCEX12_MPEPET2N12;2020-09-01T00:00:00-03:00;1;9;2020;63,28
2020-10-01;FUNCEX12_MPEPET2N12;2020-10-01T00:00:00-03:00;1;10;2020;58,19
2020-11-01;FUNCEX12_MPEPET2N12;2020-11-01T00:00:00-03:00;1;11;2020;55,55
2020-12-01;FUNCEX12_MPEPET2N12;2020-12-01T00:00:00-03:00;1;12;2020;62,78
2021-01-01;FUNCEX12_MPEPET2N12;2021-01-01T00:00:00-03:00;1;1;2021;69,89
2021-02-01;FUNCEX12_MPEPET2N12;2021-02-01T00:00:00-03:00;1;2;2021;61,51
2021-03-01;FUNCEX12_MPEPET2N12;2021-03-01T00:00:00-03:00;1;3;2021;78,54
2021-04-01;FUNCEX12_MPEPET2N12;2021-04-01T00:00:00-03:00;1;4;2021;68,19
2021-05-01;FUNCEX12_MPEPET2N12;2021-05-01T00:00:00-03:00;1;5;2021;70,7
2021-06-01;FUNCEX12_MPEPET2N12;2021-06-01T00:00:00-03:00;1;6;2021;75,28
2021-07-01;FUNCEX12_MPEPET2N12;2021-07-01T00:00:00-03:00;1;7;2021;80,79
2021-08-01;FUNCEX12_MPEPET2N12;2021-08-01T00:00:00-03:00;1;8;2021;102,32
2021-09-01;FUNCEX12_MPEPET2N12;2021-09-01T00:00:00-03:00;1;9;2021;100,2
2021-10-01;FUNCEX12_MPEPET2N12;2021-10-01T00:00:00-03:00;1;10;2021;95,77
2021-11-01;FUNCEX12_MPEPET2N12;2021-11-01T00:00:00-03:00;1;11;2021;121,32
2021-12-01;FUNCEX12_MPEPET2N12;2021-12-01T00:00:00-03:00;1;12;2021;89,03
2022-01-01;FUNCEX12_MPEPET2N12;2022-01-01T00:00:00-03:00;1;1;2022;117,17
2022-02-01;FUNCEX12_MPEPET2N12;2022-02-01T00:00:00-03:00;1;2;2022;135,75
2022-03-01;FUNCEX12_MPEPET2N12;2022-03-01T00:00:00-03:00;1;3;2022;104,06
2022-04-01;FUNCEX12_MPEPET2N12;2022-04-01T00:00:00-03:00;1;4;2022;156,07
2022-05-01;FUNCEX12_MPEPET2N12;2022-05-01T00:00:00-03:00;1;5;2022;147,03
2022-06-01;FUNCEX12_MPEPET2N12;2022-06-01T00:00:00-03:00;1;6;2022;135,83
2022-07-01;FUNCEX12_MPEPET2N12;2022-07-01T00:00:00-03:00;1;7;2022;122,25
2022-08-01;FUNCEX12_MPEPET2N12;2022-08-01T00:00:00-03:00;1;8;2022;181,17
2022-09-01;FUNCEX12_MPEPET2N12;2022-09-01T00:00:00-03:00;1;9;2022;122,23
2022-10-01;FUNCEX12_MPEPET2N12;2022-10-01T00:00:00-03:00;1;10;2022;121,85
2022-11-01;FUNCEX12_MPEPET2N12;2022-11-01T00:00:00-03:00;1;11;2022;171,57
2022-12-01;FUNCEX12_MPEPET2N12;2022-12-01T00:00:00-03:00;1;12;2022;116,32
2023-01-01;FUNCEX12_MPEPET2N12;2023-01-01T00:00:00-03:00;1;1;2023;131,6
2023-02-01;FUNCEX12_MPEPET2N12;2023-02-01T00:00:00-03:00;1;2;2023;122,42
2023-03-01;FUNCEX12_MPEPET2N12;2023-03-01T00:00:00-03:00;1;3;2023;120,08
2023-04-01;FUNCEX12_MPEPET2N12;2023-04-01T00:00:00-03:00;1;4;2023;116,12
2023-05-01;FUNCEX12_MPEPET2N12;2023-05-01T00:00:00-03:00;1;5;2023;112,09
2023-06-01;FUNCEX12_MPEPET2N12;2023-06-01T00:00:00-03:00;1;6;2023;102,49
2023-07-01;FUNCEX12_MPEPET2N12;2023-07-01T00:00:00-03:00;1;7;2023;115,05
2023-08-01;FUNCEX12_MPEPET2N12;2023-08-01T00:00:00-03:00;1;8;2023;121,97
2023-09-01;FUNCEX12_MPEPET2N12;2023-09-01T00:00:00-03:00;1;9;2023;118,22
2023-10-01;FUNCEX12_MPEPET2N12;2023-10-01T00:00:00-03:00;1;10;2023;126,48
2023-11-01;FUNCEX12_MPEPET2N12;2023-11-01T00:00:00-03:00;1;11;2023;126,9
2023-12-01;FUNCEX12_MPEPET2N12;2023-12-01T00:00:00-03:00;1;12;2023;129,11
2024-01-01;FUNCEX12_MPEPET2N12;2024-01-01T00:00:00-03:00;1;1;2024;117,0
2024-02-01;FUNCEX12_MPEPET2N12;2024-02-01T00:00:00-03:00;1;2;2024;119,72
2024-03-01;FUNCEX12_MPEPET2N12;2024-03-01T00:00:00-03:00;1;3;2024;119,14
2024-04-01;FUNCEX12_MPEPET2N12;2024-04-01T00:00:00-03:00;1;4;2024;126,49
2024-05-01;FUNCEX12_MPEPET2N12;2024-05-01T00:00:00-03:00;1;5;2024;141,31
2024-06-01;FUNCEX12_MPEPET2N12;2024-06-01T00:00:00-03:00;1;6;2024;125,93
2024-07-01;FUNCEX12_MPEPET2N12;2024-07-01T00:00:00-03:00;1;7;2024;123,36
2024-08-01;FUNCEX12_MPEPET2N12;2024-08-01T00:00:00-03:00;1;8;2024;125,22
2024-09-01;FUNCEX12_MPEPET2N12;2024-09-01T00:00:00-03:00;1;9;2024;120,67
2024-10-01;FUNCEX12_MPEPET2N12;2024-10-01T00:00:00-03:00;1;10;2024;110,28
2024-11-01;FUNCEX12_MPEPET2N12;2024-11-01T00:00:00-03:00;1;11;2024;111,51
2024-12-01;FUNCEX12_MPEPET2N12;2024-12-01T00:00:00-03:00;1;12;2024;109,14
2025-01-01;FUNCEX12_MPEPET2N12;2025-01-01T00:00:00-03:00;1;1;2025;109,47
2025-02-01;FUNCEX12_MPEPET2N12;2025-02-01T00:00:00-03:00;1;2;2025;119,0
2025-03-01;FUNCEX12_MPEPET2N12;2025-03-01T00:00:00-03:00;1;3;2025;116,79
2025-04-01;FUNCEX12_MPEPET2N12;2025-04-01T00:00:00-03:00;1;4;2025;114,46
2025-05-01;FUNCEX12_MPEPET2N12;2025-05-01T00:00:00-03:00;1;5;2025;105,53
