"Date","Price","Open","High","Low","Vol.","Change %"
"08/10/2025","2.959","2.894","3.000","2.765","619.66K","-1.04%"
"08/03/2025","2.990","3.065","3.148","2.895","606.93K","-3.02%"
"07/27/2025","3.083","3.093","3.186","2.972","469.25K","-0.87%"
"07/20/2025","3.110","3.464","3.475","3.061","574.50K","-12.76%"
"07/13/2025","3.565","3.404","3.629","3.383","630.98K","7.57%"
"07/06/2025","3.314","3.344","3.472","3.149","804.17K","-3.41%"
"06/29/2025","3.431","3.754","3.754","3.327","338.74K","-8.24%"
"06/22/2025","3.739","3.949","3.949","3.199","406.77K","-2.81%"
"06/15/2025","3.847","3.704","4.148","3.634","701.32K","7.43%"
"06/08/2025","3.581","3.719","3.769","3.453","960.88K","-5.36%"
"06/01/2025","3.784","3.501","3.817","3.501","854.88K","7.41%"
"05/25/2025","3.523","3.775","3.832","3.518","473.64K","5.67%"
"05/18/2025","3.334","3.269","3.513","3.098","701.99K","0.00%"
"05/11/2025","3.334","3.775","3.840","3.305","707.68K","-12.15%"
"05/04/2025","3.795","3.671","3.815","3.423","858.26K","-3.92%"
"04/27/2025","3.950","3.163","3.993","3.054","602.89K","34.49%"
"04/20/2025","2.937","3.198","3.225","2.858","521.03K","-9.49%"
"04/13/2025","3.245","3.500","3.613","3.191","599.83K","-8.00%"
"04/06/2025","3.527","3.811","3.939","3.336","1.38M","-10.60%"
"03/30/2025","3.945","4.289","4.358","3.926","342.55K","-2.95%"
"03/23/2025","4.065","3.880","4.100","3.689","363.48K","2.14%"
"03/16/2025","3.980","4.124","4.259","3.864","785.59K","-3.02%"
"03/09/2025","4.104","4.467","4.901","3.955","1.01M","-7.86%"
"03/02/2025","4.454","3.825","4.588","3.810","713.80K","16.17%"
"02/23/2025","3.834","4.065","4.212","3.814","490.03K","-9.45%"
"02/16/2025","4.234","3.614","4.476","3.554","1.02M","13.66%"
"02/09/2025","3.725","3.406","3.801","3.352","1.12M","12.57%"
"02/02/2025","3.309","3.230","3.435","3.161","992.67K","8.71%"
"01/26/2025","3.044","3.785","3.827","2.990","474.01K","-24.41%"
"01/19/2025","4.027","3.815","4.050","3.711","547.10K","2.00%"
"01/12/2025","3.948","4.347","4.369","3.736","929.56K","-1.03%"
"01/05/2025","3.989","3.554","4.018","3.427","973.85K","18.93%"
"12/29/2024","3.354","3.657","4.201","3.330","903.64K","-4.55%"
"12/22/2024","3.514","3.869","4.010","3.370","262.20K","-6.24%"
"12/15/2024","3.748","3.210","3.828","3.091","1.01M","14.27%"
"12/08/2024","3.280","3.260","3.559","3.069","1.31M","11.91%"
"12/01/2024","2.931","3.085","3.131","2.864","348.02K","-12.85%"
"11/24/2024","3.363","3.356","3.500","3.175","489.07K","7.48%"
"11/17/2024","3.129","2.925","3.563","2.832","913.93K","10.84%"
"11/10/2024","2.823","2.770","3.020","2.688","1.11M","5.77%"
"11/03/2024","2.669","2.560","2.818","2.514","835.95K","0.23%"
"10/27/2024","2.663","2.505","2.919","2.200","606.79K","4.02%"
"10/20/2024","2.560","2.220","2.582","2.210","705.20K","13.37%"
"10/13/2024","2.258","2.624","2.625","2.248","769.62K","-14.21%"
"10/06/2024","2.632","2.827","2.839","2.588","909.42K","-7.78%"
"09/29/2024","2.854","2.899","3.019","2.825","787.46K","-1.65%"
"09/22/2024","2.902","2.462","2.932","2.458","506.64K","19.23%"
"09/15/2024","2.434","2.298","2.460","2.223","825.50K","5.60%"
"09/08/2024","2.305","2.220","2.407","2.125","978.92K","-11.24%"
"09/01/2024","2.597","2.512","2.615","2.439","295.08K","22.10%"
"08/25/2024","2.127","2.004","2.171","1.856","407.97K","5.19%"
"08/18/2024","2.022","2.125","2.278","2.005","649.95K","-4.76%"
"08/11/2024","2.123","2.173","2.301","2.111","879.52K","-0.93%"
"08/04/2024","2.143","1.950","2.187","1.882","947.48K","8.95%"
"07/28/2024","1.967","2.016","2.149","1.856","709.02K","-1.94%"
"07/21/2024","2.006","2.104","2.270","1.994","429.46K","-5.73%"
"07/14/2024","2.128","2.273","2.285","2.015","794.39K","-8.63%"
"07/07/2024","2.329","2.270","2.448","2.249","715.94K","-0.89%"
"06/30/2024","2.350","2.581","2.599","2.347","372.57K","-9.65%"
"06/23/2024","2.601","2.670","2.844","2.594","416.53K","-3.84%"
"06/16/2024","2.705","2.846","2.948","2.672","565.71K","-6.11%"
"06/09/2024","2.881","2.980","3.159","2.862","1.09M","-1.27%"
"06/02/2024","2.918","2.645","2.967","2.573","1.06M","12.79%"
"05/26/2024","2.587","2.503","2.682","2.417","387.87K","2.66%"
"05/19/2024","2.520","2.659","2.924","2.493","738.74K","-4.04%"
"05/12/2024","2.626","2.250","2.654","2.214","908.42K","16.61%"
"05/05/2024","2.252","2.170","2.344","2.133","846.39K","5.14%"
"04/28/2024","2.142","1.923","2.160","1.913","808.34K","32.71%"
"04/21/2024","1.614","1.765","1.848","1.482","317.15K","-7.88%"
"04/14/2024","1.752","1.772","1.806","1.649","869.31K","-1.02%"
"04/07/2024","1.770","1.770","1.943","1.731","999.32K","-11.94%"
"03/31/2024","2.010","1.999","2.136","1.958","360.18K","14.01%"
"03/24/2024","1.763","1.664","1.789","1.481","388.78K","6.27%"
"03/17/2024","1.659","1.689","1.769","1.647","502.70K","0.24%"
"03/10/2024","1.655","1.805","1.841","1.643","859.05K","-8.31%"
"03/03/2024","1.805","1.873","2.009","1.755","752.20K","-1.63%"
"02/25/2024","1.835","1.660","1.918","1.511","510.75K","14.47%"
"02/18/2024","1.603","1.533","1.792","1.522","507.52K","-0.37%"
"02/11/2024","1.609","1.805","1.863","1.573","1.09M","-12.89%"
"02/04/2024","1.847","2.110","2.127","1.817","962.26K","-11.16%"
"01/28/2024","2.079","2.680","2.760","2.021","447.53K","-23.34%"
"01/21/2024","2.712","2.380","2.884","2.311","301.22K","7.66%"
"01/14/2024","2.519","3.113","3.189","2.514","530.31K","-23.97%"
"01/07/2024","3.313","2.950","3.392","2.694","1.08M","14.52%"
"12/31/2023","2.893","2.605","2.906","2.524","505.24K","15.08%"
"12/24/2023","2.514","2.545","2.722","2.412","170.75K","-3.68%"
"12/17/2023","2.610","2.503","2.620","2.385","534.54K","4.78%"
"12/10/2023","2.491","2.490","2.544","2.235","968.43K","-3.49%"
"12/03/2023","2.581","2.728","2.786","2.489","748.53K","-8.28%"
"11/26/2023","2.814","2.778","2.870","2.669","360.52K","-1.44%"
"11/19/2023","2.855","2.957","2.958","2.798","310.72K","-3.55%"
"11/12/2023","2.960","3.064","3.275","2.893","805.56K","-2.41%"
"11/05/2023","3.033","3.373","3.407","2.989","687.25K","-13.71%"
"10/29/2023","3.515","3.400","3.630","3.318","627.63K","11.09%"
"10/22/2023","3.164","2.905","3.401","2.861","284.63K","9.14%"
"10/15/2023","2.899","3.185","3.185","2.880","560.11K","-10.41%"
"10/08/2023","3.236","3.350","3.471","3.203","750.13K","-3.06%"
"10/01/2023","3.338","2.958","3.364","2.820","628.89K","13.96%"
"09/24/2023","2.929","2.657","2.997","2.552","218.82K","11.07%"
"09/17/2023","2.637","2.624","2.872","2.595","533.39K","-0.26%"
"09/10/2023","2.644","2.610","2.823","2.541","658.86K","1.50%"
"09/03/2023","2.605","2.700","2.708","2.500","435.33K","-5.79%"
"08/27/2023","2.765","2.635","2.865","2.515","383.46K","8.86%"
"08/20/2023","2.540","2.560","2.660","2.425","384.52K","-0.43%"
"08/13/2023","2.551","2.776","2.863","2.524","514.45K","-7.91%"
"08/06/2023","2.770","2.579","3.018","2.571","958.47K","7.49%"
"07/30/2023","2.577","2.659","2.693","2.457","520.16K","-2.31%"
"07/23/2023","2.638","2.721","2.767","2.463","129.44K","-2.76%"
"07/16/2023","2.713","2.548","2.789","2.484","607.85K","6.85%"
"07/09/2023","2.539","2.570","2.750","2.492","552.73K","-1.67%"
"07/02/2023","2.582","2.729","2.793","2.536","313.83K","-7.72%"
"06/25/2023","2.798","2.758","2.839","2.593","222.68K","2.53%"
"06/18/2023","2.729","2.629","2.740","2.448","432.79K","3.69%"
"06/11/2023","2.632","2.304","2.653","2.206","755.69K","16.77%"
"06/04/2023","2.254","2.214","2.380","2.173","697.05K","3.78%"
"05/28/2023","2.172","2.417","2.448","2.136","545.99K","-0.41%"
"05/21/2023","2.181","2.568","2.569","2.143","254.92K","-15.63%"
"05/14/2023","2.585","2.265","2.685","2.250","603.74K","14.08%"
"05/07/2023","2.266","2.148","2.335","2.140","664.75K","6.04%"
"04/30/2023","2.137","2.398","2.410","2.031","479.82K","-11.33%"
"04/23/2023","2.410","2.220","2.529","2.101","230.08K","7.93%"
"04/16/2023","2.233","2.150","2.385","2.140","575.21K","5.63%"
"04/09/2023","2.114","2.019","2.247","1.946","949.17K","5.12%"
"04/02/2023","2.011","2.085","2.197","1.992","658.87K","-9.25%"
"03/26/2023","2.216","2.130","2.241","1.944","259.63K","0.00%"
"03/19/2023","2.216","2.347","2.427","2.127","458.32K","-5.22%"
"03/12/2023","2.338","2.426","2.674","2.327","486.83K","-3.79%"
"03/05/2023","2.430","2.830","2.830","2.425","666.61K","-19.24%"
"02/26/2023","3.009","2.650","3.027","2.554","876.16K","22.77%"
"02/19/2023","2.451","2.225","2.577","1.967","223.45K","7.74%"
"02/12/2023","2.275","2.580","2.623","2.220","710.17K","-9.51%"
"02/05/2023","2.514","2.422","2.657","2.350","799.88K","4.32%"
"01/29/2023","2.410","2.720","2.780","2.341","684.28K","-22.48%"
"01/22/2023","3.109","3.450","3.595","2.761","281.38K","-2.05%"
"01/15/2023","3.174","3.557","3.789","3.091","362.83K","-7.17%"
"01/08/2023","3.419","3.810","4.128","3.384","499.45K","-7.84%"
"01/01/2023","3.710","4.393","4.394","3.520","438.33K","-17.09%"
"12/25/2022","4.475","5.283","5.367","4.378","121.32K","-11.89%"
"12/18/2022","5.079","6.154","6.275","4.825","401.48K","-23.05%"
"12/11/2022","6.600","6.950","7.105","6.219","618.36K","5.68%"
"12/04/2022","6.245","5.900","6.391","5.337","626.37K","-0.57%"
"11/27/2022","6.281","6.870","7.421","6.221","307.20K","-10.58%"
"11/20/2022","7.024","6.333","7.604","6.145","275.50K","11.44%"
"11/13/2022","6.303","6.119","6.547","5.727","407.52K","7.21%"
"11/06/2022","5.879","6.980","7.221","5.715","554.09K","-8.14%"
"10/30/2022","6.400","5.832","6.510","5.614","468.78K","12.60%"
"10/23/2022","5.684","4.970","5.890","4.750","148.13K","14.62%"
"10/16/2022","4.959","6.263","6.314","4.903","445.88K","-23.15%"
"10/09/2022","6.453","6.647","6.901","6.337","464.89K","-4.37%"
"10/02/2022","6.748","6.800","7.188","6.305","416.97K","-0.27%"
"09/25/2022","6.766","6.844","7.139","6.456","245.93K","-0.91%"
"09/18/2022","6.828","7.737","8.123","6.737","476.23K","-12.06%"
"09/11/2022","7.764","8.026","9.238","7.717","576.00K","-2.90%"
"09/04/2022","7.996","9.028","9.126","7.751","473.03K","-8.99%"
"08/28/2022","8.786","9.670","9.682","8.619","361.50K","-5.49%"
"08/21/2022","9.296","9.174","10.028","9.050","321.35K","-0.43%"
"08/14/2022","9.336","8.679","9.677","8.403","454.89K","6.48%"
"08/07/2022","8.768","7.876","8.994","7.532","527.99K","8.73%"
"07/31/2022","8.064","7.910","8.480","7.550","558.56K","-2.01%"
"07/24/2022","8.229","8.390","9.752","8.010","240.26K","-0.84%"
"07/17/2022","8.299","7.168","8.417","7.078","457.39K","18.29%"
"07/10/2022","7.016","6.446","7.144","6.014","585.16K","16.27%"
"07/03/2022","6.034","5.712","6.381","5.325","418.68K","5.31%"
"06/26/2022","5.730","6.126","6.833","5.357","407.32K","-7.88%"
"06/19/2022","6.220","6.800","6.976","6.021","317.09K","-10.43%"
"06/12/2022","6.944","8.920","8.950","6.881","806.05K","-21.54%"
"06/05/2022","8.850","8.750","9.664","8.016","898.52K","3.84%"
"05/29/2022","8.523","8.874","9.057","8.118","431.69K","-2.34%"
"05/22/2022","8.727","8.079","9.401","7.851","243.16K","7.97%"
"05/15/2022","8.083","7.700","8.548","7.663","426.94K","5.48%"
"05/08/2022","7.663","7.843","8.287","6.430","701.11K","-4.72%"
"05/01/2022","8.043","7.412","8.996","7.219","725.03K","11.03%"
"04/24/2022","7.244","6.414","7.422","6.345","325.36K","10.87%"
"04/17/2022","6.534","7.367","8.065","6.438","811.90K","-10.49%"
"04/10/2022","7.300","6.394","7.346","6.247","836.97K","16.28%"
"04/03/2022","6.278","5.745","6.538","5.650","849.97K","9.76%"
"03/27/2022","5.720","5.551","5.832","5.255","492.26K","2.67%"
"03/20/2022","5.571","4.909","5.577","4.748","386.45K","14.56%"
"03/13/2022","4.863","4.705","5.001","4.459","402.54K","2.92%"
"03/06/2022","4.725","5.041","5.184","4.450","551.47K","-5.80%"
"02/27/2022","5.016","4.620","5.045","4.340","623.96K","12.21%"
"02/20/2022","4.470","4.594","4.940","4.293","208.22K","0.88%"
"02/13/2022","4.431","4.103","4.793","4.040","609.65K","12.43%"
"02/06/2022","3.941","4.384","4.468","3.876","821.02K","-13.80%"
"01/30/2022","4.572","4.867","5.572","4.487","961.39K","-1.44%"
"01/23/2022","4.639","3.915","7.400","3.876","385.46K","16.00%"
"01/16/2022","3.999","4.356","4.390","3.781","410.45K","-6.17%"
"01/09/2022","4.262","4.144","4.879","3.977","847.22K","8.84%"
"01/02/2022","3.916","3.702","3.980","3.638","572.87K","4.99%"
"12/26/2021","3.730","3.958","4.261","3.536","297.14K","-0.03%"
"12/19/2021","3.731","3.645","4.041","3.599","425.87K","1.11%"
"12/12/2021","3.690","3.975","4.085","3.617","614.20K","-5.99%"
"12/05/2021","3.925","3.826","3.965","3.630","760.95K","-5.01%"
"11/28/2021","4.132","5.199","5.200","4.042","786.50K","-24.14%"
"11/21/2021","5.447","4.910","5.562","4.648","190.74K","7.54%"
"11/14/2021","5.065","4.903","5.394","4.713","625.50K","5.72%"
"11/07/2021","4.791","5.605","5.663","4.725","800.40K","-13.14%"
"10/31/2021","5.516","5.310","5.876","5.116","738.89K","1.66%"
"10/24/2021","5.426","5.468","6.291","5.401","427.41K","2.77%"
"10/17/2021","5.280","5.299","5.379","4.825","642.72K","-2.40%"
"10/10/2021","5.410","5.695","5.964","5.168","956.68K","-2.79%"
"10/03/2021","5.565","5.628","6.466","5.393","1.11M","-0.96%"
"09/26/2021","5.619","5.191","6.280","5.176","717.25K","9.32%"
"09/19/2021","5.140","5.015","5.183","4.735","581.38K","0.69%"
"09/12/2021","5.105","4.945","5.650","4.879","1.07M","3.38%"
"09/05/2021","4.938","4.710","5.058","4.557","794.29K","4.80%"
"08/29/2021","4.712","4.499","4.727","4.215","843.47K","7.83%"
"08/22/2021","4.370","3.862","4.397","3.838","263.64K","13.48%"
"08/15/2021","3.851","3.846","3.988","3.734","558.68K","-0.26%"
"08/08/2021","3.861","4.168","4.185","3.846","809.41K","-6.74%"
"08/01/2021","4.140","3.973","4.205","3.915","652.78K","5.77%"
"07/25/2021","3.914","4.025","4.187","3.855","380.58K","-3.60%"
"07/18/2021","4.060","3.703","4.071","3.686","530.53K","10.51%"
"07/11/2021","3.674","3.673","3.769","3.584","576.04K","0.00%"
"07/04/2021","3.674","3.704","3.822","3.520","541.08K","-0.70%"
"06/27/2021","3.700","3.502","3.814","3.485","660.21K","5.84%"
"06/20/2021","3.496","3.206","3.511","3.137","344.00K","8.74%"
"06/13/2021","3.215","3.315","3.369","3.166","633.81K","-2.46%"
"06/06/2021","3.296","3.109","3.330","3.033","825.19K","6.43%"
"05/30/2021","3.097","3.036","3.150","3.010","526.95K","3.72%"
"05/23/2021","2.986","2.850","3.042","2.832","320.02K","2.75%"
"05/16/2021","2.906","3.019","3.150","2.894","541.81K","-1.86%"
"05/09/2021","2.961","2.970","3.016","2.881","470.41K","0.10%"
"05/02/2021","2.958","2.938","3.001","2.900","479.98K","0.92%"
"04/25/2021","2.931","2.710","2.971","2.700","303.52K","7.36%"
"04/18/2021","2.730","2.707","2.779","2.657","478.42K","1.87%"
"04/11/2021","2.680","2.530","2.700","2.529","669.80K","6.10%"
"04/04/2021","2.526","2.593","2.616","2.453","684.22K","-4.28%"
"03/28/2021","2.639","2.563","2.688","2.530","199.42K","3.21%"
"03/21/2021","2.557","2.507","2.592","2.478","320.26K","0.87%"
"03/14/2021","2.535","2.558","2.566","2.422","545.15K","-2.50%"
"03/07/2021","2.600","2.691","2.734","2.584","545.35K","-3.74%"
"02/28/2021","2.701","2.800","2.887","2.681","534.30K","-2.53%"
"02/21/2021","2.771","3.010","3.030","2.697","349.13K","-9.71%"
"02/14/2021","3.069","3.046","3.316","2.976","746.28K","5.39%"
"02/07/2021","2.912","2.909","3.045","2.741","1.11M","1.71%"
"01/31/2021","2.863","2.730","3.057","2.712","1.10M","11.66%"
"01/24/2021","2.564","2.542","2.773","2.504","373.73K","4.82%"
"01/17/2021","2.446","2.652","2.673","2.414","508.90K","-10.63%"
"01/10/2021","2.737","2.600","2.899","2.589","861.96K","1.37%"
"01/03/2021","2.700","2.626","2.770","2.566","707.11K","6.34%"
"12/27/2020","2.539","2.311","2.547","2.238","245.45K","0.83%"
"12/20/2020","2.518","2.730","2.806","2.515","355.71K","-6.74%"
"12/13/2020","2.700","2.658","2.724","2.596","685.43K","4.21%"
"12/06/2020","2.591","2.456","2.630","2.368","992.62K","0.62%"
"11/29/2020","2.575","2.831","2.996","2.462","838.82K","-9.43%"
"11/22/2020","2.843","2.705","2.963","2.649","180.17K","7.28%"
"11/15/2020","2.650","2.871","2.887","2.525","660.69K","-11.52%"
"11/08/2020","2.995","2.872","3.087","2.821","677.80K","3.70%"
"11/01/2020","2.888","3.374","3.393","2.866","846.93K","-13.89%"
"10/25/2020","3.354","2.941","3.396","2.907","413.46K","12.89%"
"10/18/2020","2.971","2.641","3.066","2.638","591.07K","7.14%"
"10/11/2020","2.773","2.891","2.955","2.610","839.48K","1.17%"
"10/04/2020","2.741","2.455","2.821","2.446","961.83K","12.43%"
"09/27/2020","2.438","2.105","2.789","2.020","665.35K","13.98%"
"09/20/2020","2.139","1.991","2.320","1.795","560.34K","4.44%"
"09/13/2020","2.048","2.306","2.399","1.926","770.01K","-9.74%"
"09/06/2020","2.269","2.586","2.586","2.246","687.84K","-12.33%"
"08/30/2020","2.588","2.629","2.675","2.415","1.00M","-2.60%"
"08/23/2020","2.657","2.460","2.743","2.388","338.30K","8.54%"
"08/16/2020","2.448","2.392","2.468","2.280","679.99K","3.90%"
"08/09/2020","2.356","2.257","2.379","2.085","953.14K","5.27%"
"08/02/2020","2.238","1.859","2.284","1.852","1.16M","24.40%"
"07/26/2020","1.799","1.796","1.928","1.714","352.03K","-0.50%"
"07/19/2020","1.808","1.700","1.818","1.605","609.76K","5.24%"
"07/12/2020","1.718","1.785","1.815","1.690","638.75K","-4.82%"
"07/05/2020","1.805","1.738","1.924","1.733","986.28K","4.09%"
"06/28/2020","1.734","1.567","1.784","1.558","775.92K","15.99%"
"06/21/2020","1.495","1.671","1.712","1.432","319.78K","-10.43%"
"06/14/2020","1.669","1.753","1.761","1.597","757.90K","-3.58%"
"06/07/2020","1.731","1.810","1.833","1.674","979.47K","-2.86%"
"05/31/2020","1.782","1.830","1.864","1.742","870.36K","-3.62%"
"05/24/2020","1.849","1.746","1.896","1.692","430.01K","6.82%"
"05/17/2020","1.731","1.725","1.889","1.680","777.86K","5.16%"
"05/10/2020","1.646","1.838","1.890","1.595","1.08M","-9.71%"
"05/03/2020","1.823","1.961","2.162","1.811","1.18M","-3.54%"
"04/26/2020","1.890","1.701","2.016","1.593","581.24K","8.25%"
"04/19/2020","1.746","1.774","1.974","1.701","847.55K","-0.40%"
"04/12/2020","1.753","1.752","1.813","1.555","979.94K","1.15%"
"04/05/2020","1.733","1.650","1.918","1.630","879.46K","6.91%"
"03/29/2020","1.621","1.630","1.731","1.521","709.01K","-0.80%"
"03/22/2020","1.634","1.533","1.716","1.519","327.82K","1.87%"
"03/15/2020","1.604","1.854","1.854","1.555","897.77K","-14.18%"
"03/08/2020","1.869","1.678","1.998","1.610","1.46M","9.43%"
"03/01/2020","1.708","1.695","1.847","1.680","909.84K","1.43%"
"02/23/2020","1.684","1.884","1.884","1.642","647.95K","-11.60%"
"02/16/2020","1.905","1.880","2.025","1.861","1.01M","3.70%"
"02/09/2020","1.837","1.813","1.869","1.753","1.39M","-1.13%"
"02/02/2020","1.858","1.852","1.906","1.804","1.00M","0.92%"
"01/26/2020","1.841","1.935","1.976","1.812","496.89K","-2.75%"
"01/19/2020","1.893","1.970","1.980","1.830","817.71K","-5.49%"
"01/12/2020","2.003","2.210","2.255","1.994","1.15M","-9.04%"
"01/05/2020","2.202","2.112","2.234","2.099","1.07M","3.38%"
"12/29/2019","2.130","2.247","2.258","2.083","550.45K","-1.30%"
"12/22/2019","2.158","2.254","2.297","2.138","240.08K","-7.30%"
"12/15/2019","2.328","2.296","2.377","2.232","896.69K","1.39%"
"12/08/2019","2.296","2.210","2.348","2.158","1.24M","-1.63%"
"12/01/2019","2.334","2.315","2.510","2.289","1.15M","2.32%"
"11/24/2019","2.281","2.689","2.709","2.270","471.57K","-14.41%"
"11/17/2019","2.665","2.641","2.675","2.501","754.46K","-0.86%"
"11/10/2019","2.688","2.716","2.724","2.570","1.05M","-3.62%"
"11/03/2019","2.789","2.796","2.905","2.753","1.14M","2.76%"
"10/27/2019","2.714","2.366","2.738","2.346","765.38K","18.00%"
"10/20/2019","2.300","2.320","2.342","2.213","786.68K","-0.86%"
"10/13/2019","2.320","2.238","2.384","2.228","850.65K","4.79%"
"10/06/2019","2.214","2.333","2.342","2.187","1.07M","-5.87%"
"09/29/2019","2.352","2.380","2.398","2.207","1.05M","-2.16%"
"09/22/2019","2.404","2.522","2.590","2.380","375.13K","-5.13%"
"09/15/2019","2.534","2.688","2.710","2.506","865.47K","-3.06%"
"09/08/2019","2.614","2.527","2.648","2.496","1.15M","4.73%"
"09/01/2019","2.496","2.288","2.505","2.269","871.52K","9.23%"
"08/25/2019","2.285","2.169","2.310","2.159","449.79K","6.18%"
"08/18/2019","2.152","2.164","2.238","2.120","640.85K","-2.18%"
"08/11/2019","2.200","2.124","2.267","2.086","813.90K","3.82%"
"08/04/2019","2.119","2.078","2.155","2.029","887.93K","-0.09%"
"07/28/2019","2.121","2.175","2.333","2.077","779.94K","-2.21%"
"07/21/2019","2.169","2.242","2.328","2.165","485.48K","-3.64%"
"07/14/2019","2.251","2.462","2.469","2.242","717.19K","-8.23%"
"07/07/2019","2.453","2.460","2.489","2.360","983.92K","1.45%"
"06/30/2019","2.418","2.330","2.445","2.217","574.82K","4.77%"
"06/23/2019","2.308","2.197","2.364","2.195","354.41K","5.58%"
"06/16/2019","2.186","2.389","2.418","2.159","717.66K","-8.42%"
"06/09/2019","2.387","2.335","2.406","2.320","794.56K","2.14%"
"06/02/2019","2.337","2.444","2.475","2.305","779.62K","-4.77%"
"05/26/2019","2.454","2.597","2.643","2.444","422.13K","-5.54%"
"05/19/2019","2.598","2.626","2.700","2.538","604.20K","-1.25%"
"05/12/2019","2.631","2.616","2.670","2.586","525.14K","0.46%"
"05/05/2019","2.619","2.565","2.647","2.514","633.85K","2.03%"
"04/28/2019","2.567","2.578","2.626","2.546","502.81K","0.04%"
"04/21/2019","2.566","2.494","2.580","2.439","333.69K","3.05%"
"04/14/2019","2.490","2.646","2.653","2.478","553.95K","-6.39%"
"04/07/2019","2.660","2.659","2.729","2.651","648.24K","-0.15%"
"03/31/2019","2.664","2.663","2.733","2.632","576.79K","0.08%"
"03/24/2019","2.662","2.724","2.770","2.656","290.09K","-3.31%"
"03/17/2019","2.753","2.786","2.897","2.721","502.57K","-1.50%"
"03/10/2019","2.795","2.835","2.857","2.752","496.11K","-2.44%"
"03/03/2019","2.865","2.845","2.896","2.812","529.22K","0.21%"
"02/24/2019","2.859","2.757","2.908","2.732","441.53K","5.23%"
"02/17/2019","2.717","2.621","2.726","2.600","394.91K","3.50%"
"02/10/2019","2.625","2.650","2.744","2.543","757.10K","1.63%"
"02/03/2019","2.583","2.705","2.733","2.549","656.74K","-5.52%"
"01/27/2019","2.734","2.926","2.983","2.730","405.42K","-13.97%"
"01/20/2019","3.178","3.327","3.361","2.957","465.94K","-8.73%"
"01/13/2019","3.482","3.325","3.722","3.201","919.27K","12.36%"
"01/06/2019","3.099","2.962","3.166","2.910","652.08K","1.81%"
"12/30/2018","3.044","3.125","3.140","2.878","546.91K","-7.84%"
"12/23/2018","3.303","3.758","3.846","3.278","228.95K","-13.44%"
"12/16/2018","3.816","3.620","3.938","3.516","679.47K","-0.29%"
"12/09/2018","3.827","4.590","4.666","3.787","920.61K","-14.73%"
"12/02/2018","4.488","4.527","4.630","4.231","770.27K","-2.69%"
"11/25/2018","4.612","4.068","4.806","3.990","508.21K","7.06%"
"11/18/2018","4.308","4.625","4.864","4.117","822.28K","0.84%"
"11/11/2018","4.272","3.745","4.929","3.735","1.68M","14.87%"
"11/04/2018","3.719","3.471","3.824","3.437","1.11M","13.25%"
"10/28/2018","3.284","3.139","3.318","3.100","654.59K","3.11%"
"10/21/2018","3.185","3.227","3.250","3.102","592.74K","-2.00%"
"10/14/2018","3.250","3.224","3.340","3.155","774.91K","2.82%"
"10/07/2018","3.161","3.182","3.368","3.138","1.20M","0.57%"
"09/30/2018","3.143","3.007","3.261","3.001","1.09M","4.49%"
"09/23/2018","3.008","2.973","3.111","2.951","573.47K","1.04%"
"09/16/2018","2.977","2.774","2.991","2.772","872.51K","7.59%"
"09/09/2018","2.767","2.770","2.869","2.752","747.83K","-0.32%"
"09/02/2018","2.776","2.900","2.904","2.759","609.19K","-4.80%"
"08/26/2018","2.916","2.908","2.931","2.841","349.81K","-0.03%"
"08/19/2018","2.917","2.940","2.993","2.903","540.33K","-0.98%"
"08/12/2018","2.946","2.936","2.974","2.891","587.93K","0.07%"
"08/05/2018","2.944","2.851","2.959","2.822","767.03K","3.19%"
"07/29/2018","2.853","2.794","2.862","2.740","724.08K","1.10%"
"07/22/2018","2.822","2.737","2.831","2.710","285.13K","2.36%"
"07/15/2018","2.757","2.765","2.788","2.704","557.39K","0.18%"
"07/08/2018","2.752","2.839","2.865","2.750","614.05K","-3.71%"
"07/01/2018","2.858","2.920","2.927","2.822","522.07K","-2.26%"
"06/24/2018","2.924","2.926","3.021","2.897","377.74K","-0.71%"
"06/17/2018","2.945","3.051","3.053","2.887","686.53K","-2.55%"
"06/10/2018","3.022","2.927","3.034","2.912","824.28K","4.57%"
"06/03/2018","2.890","2.974","2.987","2.873","700.04K","-2.43%"
"05/27/2018","2.962","2.946","2.988","2.838","397.98K","0.78%"
"05/20/2018","2.939","2.826","2.964","2.806","563.37K","3.23%"
"05/13/2018","2.847","2.825","2.870","2.780","637.38K","1.46%"
"05/06/2018","2.806","2.710","2.820","2.695","793.36K","3.50%"
"04/29/2018","2.711","2.763","2.820","2.700","696.87K","-2.17%"
"04/22/2018","2.771","2.745","2.839","2.706","370.60K","1.17%"
"04/15/2018","2.739","2.753","2.790","2.658","735.77K","0.15%"
"04/08/2018","2.735","2.679","2.760","2.621","966.86K","1.26%"
"04/01/2018","2.701","2.730","2.759","2.650","712.99K","-1.17%"
"03/25/2018","2.733","2.588","2.764","2.565","307.79K","5.48%"
"03/18/2018","2.591","2.683","2.710","2.579","537.68K","-3.61%"
"03/11/2018","2.688","2.731","2.811","2.664","682.91K","-1.61%"
"03/04/2018","2.732","2.717","2.793","2.673","674.65K","1.37%"
"02/25/2018","2.695","2.635","2.731","2.586","614.12K","2.67%"
"02/18/2018","2.625","2.568","2.680","2.555","400.49K","2.62%"
"02/11/2018","2.558","2.554","2.642","2.530","850.84K","-1.01%"
"02/04/2018","2.584","2.825","2.880","2.576","1.03M","-9.21%"
"01/28/2018","2.846","3.390","3.661","2.837","1.16M","-18.80%"
"01/21/2018","3.505","3.252","3.628","3.143","866.69K","10.05%"
"01/14/2018","3.185","3.131","3.288","3.039","1.13M","-0.47%"
"01/07/2018","3.200","2.812","3.224","2.784","1.59M","14.49%"
"12/31/2017","2.795","3.030","3.097","2.746","1.14M","-5.35%"
"12/24/2017","2.953","2.708","3.008","2.598","686.35K","10.72%"
"12/17/2017","2.667","2.650","2.778","2.568","880.13K","2.11%"
"12/10/2017","2.612","2.831","2.848","2.581","1.16M","-5.77%"
"12/03/2017","2.772","3.091","3.127","2.747","1.28M","-9.44%"
"11/26/2017","3.061","2.927","3.218","2.876","830.64K","8.82%"
"11/19/2017","2.813","3.070","3.089","2.797","528.04K","-9.17%"
"11/12/2017","3.097","3.200","3.231","3.046","999.45K","-3.61%"
"11/05/2017","3.213","3.085","3.224","3.051","1.15M","7.67%"
"10/29/2017","2.984","2.938","3.006","2.847","837.10K","8.43%"
"10/22/2017","2.752","3.001","3.017","2.723","407.58K","-5.59%"
"10/15/2017","2.915","2.960","3.026","2.773","1.11M","-2.83%"
"10/08/2017","3.000","2.859","3.036","2.827","1.09M","4.79%"
"10/01/2017","2.863","3.018","3.025","2.856","970.30K","-4.79%"
"09/24/2017","3.007","2.932","3.081","2.898","454.36K","1.62%"
"09/17/2017","2.959","3.049","3.166","2.942","920.66K","-2.15%"
"09/10/2017","3.024","2.910","3.106","2.899","952.47K","4.64%"
"09/03/2017","2.890","3.013","3.059","2.885","659.72K","-5.86%"
"08/27/2017","3.070","2.924","3.088","2.849","572.78K","6.15%"
"08/20/2017","2.892","2.894","3.006","2.867","586.45K","-0.03%"
"08/13/2017","2.893","3.005","3.018","2.856","611.26K","-3.02%"
"08/06/2017","2.983","2.772","2.997","2.764","863.13K","7.53%"
"07/30/2017","2.774","2.900","2.900","2.753","664.98K","-5.68%"
"07/23/2017","2.941","2.914","2.998","2.880","318.61K","-0.98%"
"07/16/2017","2.970","2.982","3.114","2.938","685.57K","-0.34%"
"07/09/2017","2.980","2.898","3.053","2.870","872.50K","4.05%"
"07/02/2017","2.864","2.949","3.050","2.832","686.11K","-5.63%"
"06/25/2017","3.035","2.990","3.122","2.974","431.25K","3.62%"
"06/18/2017","2.929","2.966","2.971","2.855","660.93K","-3.56%"
"06/11/2017","3.037","3.032","3.087","2.916","868.38K","-0.07%"
"06/04/2017","3.039","3.026","3.095","2.935","812.17K","1.33%"
"05/28/2017","2.999","3.250","3.255","2.988","807.23K","-7.32%"
"05/21/2017","3.236","3.291","3.334","3.145","362.02K","-0.61%"
"05/14/2017","3.256","3.387","3.408","3.161","789.88K","-4.91%"
"05/07/2017","3.424","3.243","3.431","3.140","940.29K","4.84%"
"04/30/2017","3.266","3.249","3.313","3.165","650.53K","-0.31%"
"04/23/2017","3.276","3.094","3.298","3.022","400.70K","5.64%"
"04/16/2017","3.101","3.229","3.249","3.082","685.48K","-3.90%"
"04/09/2017","3.227","3.240","3.293","3.132","699.41K","-1.04%"
"04/02/2017","3.261","3.217","3.347","3.121","859.48K","2.23%"
"03/26/2017","3.190","3.119","3.242","3.011","368.86K","3.71%"
"03/19/2017","3.076","2.913","3.113","2.902","647.49K","4.34%"
"03/12/2017","2.948","3.083","3.089","2.882","694.59K","-1.99%"
"03/05/2017","3.008","2.911","3.043","2.815","924.68K","6.40%"
"02/26/2017","2.827","2.715","2.840","2.653","794.56K","7.61%"
"02/19/2017","2.627","2.791","2.826","2.522","342.57K","-7.30%"
"02/12/2017","2.834","2.978","2.994","2.830","697.01K","-6.59%"
"02/05/2017","3.034","3.015","3.189","3.005","811.18K","-0.95%"
"01/29/2017","3.063","3.300","3.342","3.042","798.82K","-9.67%"
"01/22/2017","3.391","3.180","3.494","3.145","334.62K","5.84%"
"01/15/2017","3.204","3.473","3.513","3.189","550.91K","-6.29%"
"01/08/2017","3.419","3.253","3.450","3.098","844.83K","4.08%"
"01/01/2017","3.285","3.568","3.568","3.172","774.17K","-11.79%"
"12/25/2016","3.724","3.736","3.994","3.664","306.42K","1.69%"
"12/18/2016","3.662","3.353","3.715","3.242","631.53K","7.23%"
"12/11/2016","3.415","3.583","3.601","3.343","860.33K","-8.84%"
"12/04/2016","3.746","3.471","3.777","3.450","1.11M","9.02%"
"11/27/2016","3.436","3.130","3.568","3.130","724.99K","11.38%"
"11/20/2016","3.085","2.898","3.121","2.891","327.01K","8.51%"
"11/13/2016","2.843","2.667","2.852","2.644","689.77K","8.55%"
"11/06/2016","2.619","2.848","2.875","2.546","910.89K","-5.35%"
"10/30/2016","2.767","3.150","3.163","2.725","868.53K","-10.89%"
"10/23/2016","3.105","3.007","3.125","2.627","516.00K","3.74%"
"10/16/2016","2.993","3.260","3.317","2.955","734.68K","-8.89%"
"10/09/2016","3.285","3.194","3.366","3.154","998.11K","2.88%"
"10/02/2016","3.193","2.905","3.218","2.866","928.92K","9.88%"
"09/25/2016","2.906","2.949","3.032","2.892","398.20K","-1.66%"
"09/18/2016","2.955","2.956","3.098","2.890","634.31K","0.24%"
"09/11/2016","2.948","2.820","2.978","2.820","781.87K","5.40%"
"09/04/2016","2.797","2.764","2.844","2.665","628.43K","0.18%"
"08/28/2016","2.792","2.847","2.943","2.770","530.28K","-2.75%"
"08/21/2016","2.871","2.596","2.907","2.596","501.62K","11.11%"
"08/14/2016","2.584","2.565","2.697","2.561","592.55K","-0.08%"
"08/07/2016","2.586","2.749","2.761","2.523","901.13K","-6.71%"
"07/31/2016","2.772","2.840","2.885","2.722","685.37K","-3.62%"
"07/24/2016","2.876","2.779","2.911","2.651","479.89K","3.56%"
"07/17/2016","2.777","2.775","2.799","2.625","537.10K","0.76%"
"07/10/2016","2.756","2.819","2.871","2.669","675.00K","-1.61%"
"07/03/2016","2.801","2.915","2.945","2.697","549.39K","-6.23%"
"06/26/2016","2.987","2.636","2.998","2.631","480.98K","12.21%"
"06/19/2016","2.662","2.652","2.786","2.614","613.59K","1.49%"
"06/12/2016","2.623","2.595","2.656","2.535","707.08K","2.62%"
"06/05/2016","2.556","2.439","2.630","2.399","929.03K","6.59%"
"05/29/2016","2.398","2.160","2.454","2.151","695.67K","10.56%"
"05/22/2016","2.169","2.093","2.191","1.909","379.96K","5.19%"
"05/15/2016","2.062","2.080","2.087","1.952","650.92K","-1.62%"
"05/08/2016","2.096","2.104","2.185","2.075","716.09K","-0.24%"
"05/01/2016","2.101","2.132","2.179","2.026","694.99K","-3.54%"
"04/24/2016","2.178","2.160","2.195","1.950","545.11K","1.78%"
"04/17/2016","2.140","1.882","2.147","1.872","801.12K","12.51%"
"04/10/2016","1.902","1.951","2.051","1.885","783.12K","-4.42%"
"04/03/2016","1.990","1.988","2.074","1.892","796.62K","1.74%"
"03/27/2016","1.956","1.785","2.028","1.766","481.94K","8.31%"
"03/20/2016","1.806","1.893","1.908","1.772","442.20K","-5.30%"
"03/13/2016","1.907","1.818","1.957","1.771","655.55K","4.67%"
"03/06/2016","1.822","1.628","1.859","1.612","785.71K","9.36%"
"02/28/2016","1.666","1.711","1.775","1.611","734.77K","-6.98%"
"02/21/2016","1.791","1.784","1.848","1.682","316.15K","-0.72%"
"02/14/2016","1.804","1.952","1.963","1.794","499.44K","-8.24%"
"02/07/2016","1.966","2.106","2.172","1.951","754.55K","-4.70%"
"01/31/2016","2.063","2.213","2.228","1.954","833.34K","-10.23%"
"01/24/2016","2.298","2.156","2.315","2.081","483.73K","7.43%"
"01/17/2016","2.139","2.055","2.189","2.044","492.90K","1.86%"
"01/10/2016","2.100","2.446","2.480","2.086","702.73K","-15.05%"
"01/03/2016","2.472","2.366","2.495","2.239","803.81K","5.78%"
"12/27/2015","2.337","2.082","2.387","2.067","357.82K","15.18%"
"12/20/2015","2.029","1.836","2.052","1.787","444.63K","14.83%"
"12/13/2015","1.767","1.913","1.923","1.684","834.50K","-11.21%"
"12/06/2015","1.990","2.159","2.162","1.959","869.33K","-8.97%"
"11/29/2015","2.186","2.175","2.259","2.131","595.44K","-1.18%"
"11/22/2015","2.212","2.111","2.305","2.051","220.00K","3.12%"
"11/15/2015","2.145","2.449","2.460","2.123","670.32K","-9.15%"
"11/08/2015","2.361","2.373","2.391","2.234","783.19K","-0.42%"
"11/01/2015","2.371","2.268","2.398","2.231","732.64K","2.15%"
"10/25/2015","2.321","2.221","2.372","1.948","563.18K","1.53%"
"10/18/2015","2.286","2.464","2.499","2.275","646.47K","-5.93%"
"10/11/2015","2.430","2.520","2.578","2.410","730.11K","-2.88%"
"10/04/2015","2.502","2.451","2.531","2.429","717.82K","2.08%"
"09/27/2015","2.451","2.608","2.673","2.403","536.65K","-4.41%"
"09/20/2015","2.564","2.585","2.607","2.521","433.20K","-1.57%"
"09/13/2015","2.605","2.702","2.794","2.602","568.74K","-3.27%"
"09/06/2015","2.693","2.651","2.733","2.641","560.76K","1.43%"
"08/30/2015","2.655","2.681","2.735","2.632","525.04K","-2.21%"
"08/23/2015","2.715","2.654","2.725","2.624","276.18K","1.46%"
"08/16/2015","2.676","2.774","2.788","2.670","569.17K","-4.46%"
"08/09/2015","2.801","2.835","2.934","2.781","817.55K","0.11%"
"08/02/2015","2.798","2.725","2.863","2.707","786.59K","3.02%"
"07/26/2015","2.716","2.745","2.895","2.706","370.90K","-2.16%"
"07/19/2015","2.776","2.843","2.951","2.773","587.84K","-3.28%"
"07/12/2015","2.870","2.816","2.934","2.787","720.63K","3.61%"
"07/05/2015","2.770","2.836","2.857","2.644","645.73K","-1.84%"
"06/28/2015","2.822","2.755","2.885","2.735","519.77K","1.77%"
"06/21/2015","2.773","2.749","2.854","2.711","323.49K","-1.53%"
"06/14/2015","2.816","2.769","2.955","2.739","759.14K","2.40%"
"06/07/2015","2.750","2.640","2.922","2.624","976.55K","6.18%"
"05/31/2015","2.590","2.615","2.724","2.556","697.22K","-1.97%"
"05/24/2015","2.642","2.878","2.887","2.633","365.03K","-8.49%"
"05/17/2015","2.887","2.983","3.105","2.881","615.66K","-4.28%"
"05/10/2015","3.016","2.914","3.036","2.785","702.23K","4.72%"
"05/03/2015","2.880","2.738","2.888","2.711","632.32K","3.75%"
"04/26/2015","2.776","2.472","2.800","2.443","536.09K","9.68%"
"04/19/2015","2.531","2.592","2.622","2.518","478.68K","-3.91%"
"04/12/2015","2.634","2.487","2.693","2.475","706.21K","4.90%"
"04/05/2015","2.511","2.681","2.709","2.504","599.72K","-7.45%"
"03/29/2015","2.713","2.624","2.719","2.583","392.07K","4.75%"
"03/22/2015","2.590","2.741","2.810","2.578","316.76K","-7.04%"
"03/15/2015","2.786","2.705","2.935","2.680","682.05K","2.16%"
"03/08/2015","2.727","2.775","2.864","2.662","648.43K","-3.95%"
"03/01/2015","2.839","2.691","2.870","2.641","560.46K","3.84%"
"02/22/2015","2.734","2.963","3.039","2.684","417.23K","-7.35%"
"02/15/2015","2.951","2.818","2.984","2.697","556.55K","5.24%"
"02/08/2015","2.804","2.659","2.883","2.571","917.74K","8.72%"
"02/01/2015","2.579","2.664","2.783","2.567","597.79K","-4.16%"
"01/25/2015","2.691","2.897","3.005","2.637","413.86K","-9.88%"
"01/18/2015","2.986","3.045","3.048","2.766","602.22K","-4.51%"
"01/11/2015","3.127","2.917","3.352","2.783","873.01K","6.14%"
"01/04/2015","2.946","3.076","3.176","2.811","643.08K","-1.90%"
"12/28/2014","3.003","3.053","3.207","2.805","308.02K","-0.13%"
"12/21/2014","3.007","3.350","3.351","2.973","333.52K","-13.19%"
"12/14/2014","3.464","3.930","3.936","3.444","585.05K","-8.72%"
"12/07/2014","3.795","3.777","3.826","3.585","739.70K","-0.18%"
"11/30/2014","3.802","3.975","4.041","3.638","763.66K","-7.00%"
"11/23/2014","4.088","4.047","4.529","4.006","318.76K","-4.17%"
"11/16/2014","4.266","4.148","4.532","4.113","884.29K","6.12%"
"11/09/2014","4.020","4.509","4.544","3.931","813.03K","-8.88%"
"11/02/2014","4.412","4.007","4.494","3.989","994.01K","13.92%"
"10/26/2014","3.873","3.620","3.955","3.541","377.93K","6.90%"
"10/19/2014","3.623","3.721","3.745","3.558","477.98K","-3.80%"
"10/12/2014","3.766","3.836","3.955","3.715","533.04K","-2.41%"
"10/05/2014","3.859","4.000","4.000","3.815","645.08K","-4.46%"
"09/28/2014","4.039","4.032","4.184","3.908","604.64K","1.38%"
"09/21/2014","3.984","3.840","3.996","3.796","309.01K","3.83%"
"09/14/2014","3.837","3.841","4.040","3.834","569.11K","-0.52%"
"09/07/2014","3.857","3.783","4.016","3.761","612.96K","1.69%"
"08/31/2014","3.793","4.048","4.078","3.781","451.51K","-6.69%"
"08/24/2014","4.065","3.869","4.101","3.843","307.18K","5.86%"
"08/17/2014","3.840","3.746","3.955","3.727","460.17K","1.69%"
"08/10/2014","3.776","3.988","4.020","3.763","619.01K","-4.69%"
"08/03/2014","3.962","3.786","3.981","3.761","498.34K","4.32%"
"07/27/2014","3.798","3.736","3.890","3.723","353.13K","0.45%"
"07/20/2014","3.781","3.883","3.893","3.744","367.27K","-4.30%"
"07/13/2014","3.951","4.145","4.173","3.934","438.67K","-4.70%"
"07/06/2014","4.146","4.398","4.356","4.106","507.60K","-5.90%"
"06/29/2014","4.406","4.419","4.493","4.329","336.83K","-0.07%"
"06/22/2014","4.409","4.522","4.597","4.350","253.63K","-2.69%"
"06/15/2014","4.531","4.757","4.886","4.516","508.34K","-4.39%"
"06/08/2014","4.739","4.714","4.793","4.504","736.76K","0.62%"
"06/01/2014","4.710","4.551","4.736","4.522","502.56K","3.70%"
"05/25/2014","4.542","4.406","4.665","4.360","299.95K","3.11%"
"05/18/2014","4.405","4.414","4.575","4.349","422.62K","-0.18%"
"05/11/2014","4.413","4.535","4.549","4.289","489.11K","-2.60%"
"05/04/2014","4.531","4.775","4.827","4.498","515.72K","-3.06%"
"04/27/2014","4.674","4.642","4.852","4.636","358.64K","0.58%"
"04/20/2014","4.647","4.756","4.805","4.632","355.95K","-1.98%"
"04/13/2014","4.741","4.620","4.746","4.484","413.28K","2.62%"
"04/06/2014","4.620","4.443","4.703","4.430","690.88K","4.08%"
"03/30/2014","4.439","4.482","4.487","4.221","502.70K","-1.03%"
"03/23/2014","4.485","4.312","4.615","4.262","255.18K","3.99%"
"03/16/2014","4.313","4.504","4.587","4.286","409.45K","-2.53%"
"03/09/2014","4.425","4.623","4.733","4.341","538.10K","-4.18%"
"03/02/2014","4.618","4.690","4.736","4.463","615.98K","0.20%"
"02/23/2014","4.609","6.300","6.493","4.441","460.53K","-24.87%"
"02/16/2014","6.135","5.384","6.400","5.371","742.90K","17.66%"
"02/09/2014","5.214","4.660","5.389","4.563","1.01M","9.19%"
"02/02/2014","4.775","4.850","5.737","4.739","972.94K","-3.40%"
"01/26/2014","4.943","5.153","5.725","4.721","711.73K","-4.61%"
"01/19/2014","5.182","4.236","5.246","4.203","796.26K","19.79%"
"01/12/2014","4.326","4.120","4.495","4.118","876.67K","6.74%"
"01/05/2014","4.053","4.313","4.430","3.953","731.77K","-5.83%"
"12/29/2013","4.304","4.403","4.472","4.206","426.82K","-2.34%"
"12/22/2013","4.407","4.490","4.532","4.338","174.68K","-0.25%"
"12/15/2013","4.418","4.275","4.492","4.194","754.85K","1.54%"
"12/08/2013","4.351","4.148","4.443","4.139","1.04M","5.76%"
"12/01/2013","4.114","3.911","4.199","3.897","830.81K","4.05%"
"11/24/2013","3.954","3.814","3.962","3.741","284.08K","4.94%"
"11/17/2013","3.768","3.681","3.787","3.545","525.92K","2.95%"
"11/10/2013","3.660","3.586","3.667","3.491","550.02K","2.84%"
"11/03/2013","3.559","3.475","3.622","3.379","602.60K","1.31%"
"10/27/2013","3.513","3.678","3.681","3.480","400.04K","-5.23%"
"10/20/2013","3.707","3.795","3.838","3.545","531.80K","-1.51%"
"10/13/2013","3.764","3.815","3.869","3.685","616.47K","-0.32%"
"10/06/2013","3.776","3.530","3.795","3.519","863.20K","7.70%"
"09/29/2013","3.506","3.581","3.653","3.482","556.66K","-2.31%"
"09/22/2013","3.589","3.681","3.681","3.402","305.98K","-2.66%"
"09/15/2013","3.687","3.687","3.820","3.625","583.46K","0.27%"
"09/08/2013","3.677","3.534","3.689","3.525","583.32K","4.16%"
"09/01/2013","3.530","3.601","3.719","3.517","471.05K","-1.42%"
"08/25/2013","3.581","3.511","3.655","3.451","374.40K","2.75%"
"08/18/2013","3.485","3.392","3.562","3.385","536.47K","3.47%"
"08/11/2013","3.368","3.260","3.434","3.244","762.22K","4.27%"
"08/04/2013","3.230","3.326","3.361","3.129","716.56K","-3.50%"
"07/28/2013","3.347","3.515","3.520","3.330","415.48K","-5.85%"
"07/21/2013","3.555","3.750","3.780","3.548","474.31K","-6.18%"
"07/14/2013","3.789","3.650","3.835","3.546","599.36K","3.98%"
"07/07/2013","3.644","3.626","3.787","3.574","547.17K","0.75%"
"06/30/2013","3.617","3.547","3.700","3.531","353.38K","1.46%"
"06/23/2013","3.565","3.790","3.822","3.526","448.10K","-5.46%"
"06/16/2013","3.771","3.738","3.983","3.738","651.15K","1.02%"
"06/09/2013","3.733","3.848","3.868","3.710","757.17K","-2.48%"
"06/02/2013","3.828","3.963","4.040","3.814","589.54K","-3.92%"
"05/26/2013","3.984","4.223","4.308","3.981","346.81K","-5.97%"
"05/19/2013","4.237","4.089","4.295","4.063","518.82K","4.49%"
"05/12/2013","4.055","3.897","4.096","3.886","612.51K","3.71%"
"05/05/2013","3.910","4.012","4.056","3.883","577.65K","-3.24%"
"04/28/2013","4.041","4.233","4.444","3.977","795.72K","-2.67%"
"04/21/2013","4.152","4.390","4.397","4.062","430.15K","-5.81%"
"04/14/2013","4.408","4.227","4.429","4.084","771.99K","4.41%"
"04/07/2013","4.222","4.163","4.264","4.004","1.04M","2.35%"
"03/31/2013","4.125","3.969","4.146","3.861","946.87K","2.51%"
"03/24/2013","4.024","3.943","4.121","3.860","460.79K","2.47%"
"03/17/2013","3.927","3.907","4.025","3.858","727.44K","1.42%"
"03/10/2013","3.872","3.636","3.924","3.590","763.29K","6.70%"
"03/03/2013","3.629","3.469","3.635","3.408","683.31K","5.01%"
"02/24/2013","3.456","3.320","3.554","3.320","537.95K","5.01%"
"02/17/2013","3.291","3.166","3.337","3.135","503.44K","4.38%"
"02/10/2013","3.153","3.260","3.323","3.125","863.98K","-3.64%"
"02/03/2013","3.272","3.313","3.459","3.256","691.75K","-0.88%"
"01/27/2013","3.301","3.392","3.396","3.207","538.14K","-4.15%"
"01/20/2013","3.444","3.572","3.645","3.411","502.97K","-3.42%"
"01/13/2013","3.566","3.379","3.579","3.328","752.46K","7.18%"
"01/06/2013","3.327","3.277","3.352","3.087","623.25K","1.22%"
"12/30/2012","3.287","3.455","3.481","3.050","399.50K","-5.25%"
"12/23/2012","3.469","3.461","3.487","3.300","151.17K","0.52%"
"12/16/2012","3.451","3.299","3.508","3.277","616.85K","4.13%"
"12/09/2012","3.314","3.519","3.520","3.261","934.12K","-6.67%"
"12/02/2012","3.551","3.553","3.748","3.507","734.81K","-0.28%"
"11/25/2012","3.561","3.864","3.868","3.546","488.04K","-8.72%"
"11/18/2012","3.901","3.798","3.933","3.710","397.93K","2.93%"
"11/11/2012","3.790","3.496","3.830","3.470","674.14K","8.19%"
"11/04/2012","3.503","3.533","3.620","3.482","500.76K","-1.43%"
"10/28/2012","3.554","3.360","3.820","3.360","430.61K","4.53%"
"10/21/2012","3.400","3.617","3.648","3.355","592.36K","-6.00%"
"10/14/2012","3.617","3.593","3.647","3.398","825.44K","0.17%"
"10/07/2012","3.611","3.380","3.638","3.327","992.94K","6.33%"
"09/30/2012","3.396","3.325","3.546","3.325","942.48K","2.29%"
"09/23/2012","3.320","2.900","3.330","2.814","568.59K","15.08%"
"09/16/2012","2.885","2.929","2.983","2.737","748.86K","-1.97%"
"09/09/2012","2.943","2.659","3.070","2.647","938.00K","9.73%"
"09/02/2012","2.682","2.806","2.888","2.666","550.43K","-4.18%"
"08/26/2012","2.799","2.768","2.808","2.575","453.92K","3.59%"
"08/19/2012","2.702","2.715","2.877","2.682","714.89K","-0.63%"
"08/12/2012","2.719","2.770","2.848","2.685","709.33K","-1.84%"
"08/05/2012","2.770","2.841","3.120","2.760","941.11K","-3.72%"
"07/29/2012","2.877","3.030","3.277","2.840","828.02K","-4.42%"
"07/22/2012","3.010","3.083","3.196","2.990","429.79K","-2.30%"
"07/15/2012","3.081","2.875","3.096","2.720","739.28K","7.20%"
"07/08/2012","2.874","2.781","2.920","2.718","691.62K","3.53%"
"07/01/2012","2.776","2.804","3.060","2.742","519.35K","-1.70%"
"06/24/2012","2.824","2.660","2.946","2.644","525.77K","7.58%"
"06/17/2012","2.625","2.467","2.679","2.459","799.28K","6.40%"
"06/10/2012","2.467","2.262","2.557","2.168","864.62K","7.31%"
"06/03/2012","2.299","2.330","2.487","2.231","757.88K","-1.16%"
"05/27/2012","2.326","2.547","2.560","2.313","511.92K","-9.42%"
"05/20/2012","2.568","2.722","2.750","2.523","676.18K","-6.35%"
"05/13/2012","2.742","2.493","2.759","2.387","760.34K","9.29%"
"05/06/2012","2.509","2.277","2.531","2.273","756.38K","10.09%"
"04/29/2012","2.279","2.190","2.385","2.150","777.17K","4.25%"
"04/22/2012","2.186","1.937","2.198","1.921","405.69K","13.44%"
"04/15/2012","1.927","1.986","2.030","1.902","556.26K","-2.73%"
"04/08/2012","1.981","2.103","2.126","1.959","819.89K","-5.17%"
"04/01/2012","2.089","2.122","2.204","2.069","506.05K","-1.74%"
"03/25/2012","2.126","2.286","2.318","2.101","439.74K","-6.55%"
"03/18/2012","2.275","2.322","2.393","2.250","582.73K","-2.19%"
"03/11/2012","2.326","2.272","2.362","2.204","624.78K","0.09%"
"03/04/2012","2.324","2.401","2.441","2.235","567.45K","-6.44%"
"02/26/2012","2.484","2.523","2.625","2.436","546.17K","-2.59%"
"02/19/2012","2.550","2.659","2.695","2.512","447.81K","-4.99%"
"02/12/2012","2.684","2.448","2.733","2.395","926.17K","8.36%"
"02/05/2012","2.477","2.503","2.618","2.390","966.45K","-0.88%"
"01/29/2012","2.499","2.810","2.844","2.340","970.96K","-6.68%"
"01/22/2012","2.678","2.270","2.803","2.231","921.34K","14.30%"
"01/15/2012","2.343","2.569","2.587","2.283","620.01K","-12.25%"
"01/08/2012","2.670","3.011","3.045","2.621","686.18K","-12.80%"
"01/01/2012","3.062","2.969","3.123","2.936","518.35K","2.44%"
"12/25/2011","2.989","3.106","3.181","2.957","217.92K","-4.01%"
"12/18/2011","3.114","3.093","3.201","3.050","435.00K","-0.42%"
"12/11/2011","3.127","3.253","3.299","3.084","663.69K","-5.73%"
"12/04/2011","3.317","3.570","3.572","3.309","721.16K","-7.45%"
"11/27/2011","3.584","3.529","3.689","3.351","532.50K","1.19%"
"11/20/2011","3.542","3.329","3.549","3.285","377.93K","6.82%"
"11/13/2011","3.316","3.540","3.553","3.285","717.66K","-7.48%"
"11/06/2011","3.584","3.764","3.769","3.557","545.98K","-5.26%"
"10/30/2011","3.783","3.930","3.978","3.730","580.80K","-3.57%"
"10/23/2011","3.923","3.635","3.940","3.495","439.47K","8.10%"
"10/16/2011","3.629","3.730","3.777","3.532","699.15K","-2.00%"
"10/09/2011","3.703","3.486","3.743","3.446","883.35K","6.38%"
"10/02/2011","3.481","3.643","3.699","3.470","629.92K","-5.05%"
"09/25/2011","3.666","3.701","3.853","3.651","438.43K","-0.95%"
"09/18/2011","3.701","3.776","3.859","3.662","509.61K","-2.84%"
"09/11/2011","3.809","3.900","4.099","3.791","729.49K","-2.71%"
"09/04/2011","3.915","3.882","4.038","3.851","511.49K","1.11%"
"08/28/2011","3.872","3.925","4.130","3.780","523.73K","-1.50%"
"08/21/2011","3.931","3.893","4.048","3.853","501.80K","-0.23%"
"08/14/2011","3.940","4.012","4.062","3.843","554.88K","-2.96%"
"08/07/2011","4.060","3.911","4.143","3.855","668.46K","3.02%"
"07/31/2011","3.941","4.135","4.230","3.901","573.43K","-4.92%"
"07/24/2011","4.145","4.413","4.459","4.138","367.02K","-5.77%"
"07/17/2011","4.399","4.546","4.612","4.370","574.43K","-3.23%"
"07/10/2011","4.546","4.231","4.560","4.182","614.61K","8.11%"
"07/03/2011","4.205","4.313","4.411","4.064","471.34K","-2.46%"
"06/26/2011","4.311","4.228","4.422","4.176","395.77K","1.94%"
"06/19/2011","4.229","4.301","4.444","4.154","537.65K","-2.22%"
"06/12/2011","4.325","4.790","4.811","4.317","603.86K","-9.08%"
"06/05/2011","4.757","4.772","4.983","4.510","795.10K","1.06%"
"05/29/2011","4.707","4.560","4.859","4.525","588.31K","4.18%"
"05/22/2011","4.518","4.238","4.563","4.195","458.15K","6.81%"
"05/15/2011","4.230","4.253","4.339","4.077","550.47K","-0.38%"
"05/08/2011","4.246","4.250","4.297","4.109","559.58K","0.26%"
"05/01/2011","4.235","4.685","4.729","4.205","673.03K","-9.86%"
"04/24/2011","4.698","4.404","4.705","4.333","505.93K","6.48%"
"04/17/2011","4.412","4.210","4.428","4.087","528.30K","4.95%"
"04/10/2011","4.204","4.016","4.261","3.990","770.56K","4.03%"
"04/03/2011","4.041","4.334","4.364","4.014","721.82K","-7.36%"
"03/27/2011","4.362","4.425","4.480","4.197","532.27K","-0.93%"
"03/20/2011","4.403","4.168","4.432","4.116","568.98K","5.64%"
"03/13/2011","4.168","3.923","4.198","3.800","764.80K","7.17%"
"03/06/2011","3.889","3.792","3.964","3.731","687.34K","2.10%"
"02/27/2011","3.809","4.009","4.100","3.731","537.71K","-4.89%"
"02/20/2011","4.005","3.879","4.044","3.775","298.86K","3.33%"
"02/13/2011","3.876","3.899","3.997","3.825","564.90K","-0.87%"
"02/06/2011","3.910","4.260","4.274","3.895","920.48K","-9.28%"
"01/30/2011","4.310","4.323","4.496","4.287","615.63K","-0.30%"
"01/23/2011","4.323","4.802","4.879","4.252","380.60K","-8.72%"
"01/16/2011","4.736","4.494","4.777","4.387","594.66K","5.71%"
"01/09/2011","4.480","4.373","4.554","4.322","676.17K","1.31%"
"01/02/2011","4.422","4.492","4.707","4.327","722.67K","0.39%"
"12/26/2010","4.405","4.031","4.454","3.992","309.24K","7.89%"
"12/19/2010","4.083","4.052","4.250","3.988","368.56K","0.42%"
"12/12/2010","4.066","4.444","4.547","3.951","746.51K","-7.95%"
"12/05/2010","4.417","4.385","4.637","4.328","855.06K","1.56%"
"11/28/2010","4.349","4.398","4.487","4.126","574.99K","-1.14%"
"11/21/2010","4.399","4.162","4.482","4.115","250.16K","5.64%"
"11/14/2010","4.164","3.780","4.175","3.710","685.69K","9.61%"
"11/07/2010","3.799","3.954","4.249","3.794","733.98K","-3.51%"
"10/31/2010","3.937","4.031","4.187","3.743","590.74K","-2.50%"
"10/24/2010","4.038","3.292","4.075","3.212","458.74K","21.19%"
"10/17/2010","3.332","3.480","3.613","3.290","540.80K","-5.74%"
"10/10/2010","3.535","3.646","3.777","3.520","750.82K","-3.18%"
"10/03/2010","3.651","3.752","3.888","3.583","583.44K","-3.85%"
"09/26/2010","3.797","3.818","4.012","3.732","339.62K","-2.16%"
"09/19/2010","3.881","3.970","4.133","3.806","551.07K","-3.55%"
"09/12/2010","4.024","3.834","4.144","3.800","756.22K","3.63%"
"09/05/2010","3.883","3.933","3.939","3.703","435.35K","-1.42%"
"08/29/2010","3.939","3.746","3.946","3.693","507.82K","7.89%"
"08/22/2010","3.651","4.066","4.129","3.620","304.71K","-11.32%"
"08/15/2010","4.117","4.336","4.375","4.109","486.58K","-4.88%"
"08/08/2010","4.328","4.452","4.548","4.257","673.24K","-3.11%"
"08/01/2010","4.467","4.988","5.007","4.456","602.09K","-9.26%"
"07/25/2010","4.923","4.561","4.937","4.511","385.08K","7.49%"
"07/18/2010","4.580","4.531","4.719","4.454","555.04K","1.35%"
"07/11/2010","4.519","4.421","4.659","4.288","570.49K","2.66%"
"07/04/2010","4.402","4.660","4.900","4.339","407.32K","-6.08%"
"06/27/2010","4.687","4.829","4.923","4.477","440.13K","-3.58%"
"06/20/2010","4.861","5.044","5.182","4.691","476.74K","-2.72%"
"06/13/2010","4.997","4.861","5.196","4.861","634.48K","4.52%"
"06/06/2010","4.781","4.841","4.995","4.628","664.17K","-0.33%"
"05/30/2010","4.797","4.350","4.977","4.217","548.14K","10.50%"
"05/23/2010","4.341","4.037","4.399","3.986","317.92K","7.58%"
"05/16/2010","4.035","4.325","4.494","4.020","528.86K","-6.42%"
"05/09/2010","4.312","4.015","4.414","4.006","633.73K","7.40%"
"05/02/2010","4.015","3.935","4.086","3.855","420.55K","2.42%"
"04/25/2010","3.920","4.290","4.386","3.885","470.22K","-7.92%"
"04/18/2010","4.257","4.038","4.322","3.879","536.66K","5.40%"
"04/11/2010","4.039","4.093","4.269","3.936","770.09K","-0.76%"
"04/04/2010","4.070","4.096","4.334","3.857","619.35K","-0.39%"
"03/28/2010","4.086","3.866","4.157","3.810","315.92K","5.53%"
"03/21/2010","3.872","4.158","4.168","3.856","388.22K","-7.12%"
"03/14/2010","4.169","4.389","4.447","4.050","516.36K","-5.25%"
"03/07/2010","4.400","4.537","4.603","4.377","393.62K","-4.20%"
"02/28/2010","4.593","4.772","4.869","4.540","408.90K","-4.57%"
"02/21/2010","4.813","4.950","4.977","4.739","315.40K","-4.58%"
"02/14/2010","5.044","5.429","5.560","5.008","447.38K","-7.75%"
"02/07/2010","5.468","5.602","5.680","5.204","712.42K","-0.85%"
"01/31/2010","5.515","5.247","5.598","5.227","589.69K","7.48%"
"01/24/2010","5.131","5.821","5.854","5.060","356.89K","-11.82%"
"01/17/2010","5.819","5.640","5.869","5.444","442.21K","2.25%"
"01/10/2010","5.691","5.576","5.804","5.354","655.31K","-1.01%"
"01/03/2010","5.749","5.705","6.108","5.615","555.23K","3.18%"
"12/27/2009","5.572","5.752","6.035","5.505","195.20K","-1.26%"
"12/20/2009","5.643","5.798","5.929","5.531","285.10K","-2.40%"
"12/13/2009","5.782","5.235","5.926","5.191","653.26K","11.99%"
"12/06/2009","5.163","4.651","5.375","4.644","851.32K","12.58%"
"11/29/2009","4.586","5.184","5.192","4.432","553.81K","-11.67%"
"11/22/2009","5.192","4.507","5.290","4.361","315.74K","17.36%"
"11/15/2009","4.424","4.440","4.734","4.157","597.30K","0.73%"
"11/08/2009","4.392","4.605","4.690","4.287","625.32K","-4.42%"
"11/01/2009","4.595","5.034","5.115","4.555","479.06K","-8.92%"
"10/25/2009","5.045","4.735","5.271","4.230","376.72K","5.39%"
"10/18/2009","4.787","4.770","5.318","4.672","642.68K","0.13%"
"10/11/2009","4.781","4.781","4.972","4.355","765.87K","0.23%"
"10/04/2009","4.770","4.735","5.120","4.671","714.26K","1.10%"
"09/27/2009","4.718","3.965","4.975","3.662","595.90K","18.39%"
"09/20/2009","3.985","3.722","4.035","3.502","565.13K","5.48%"
"09/13/2009","3.778","2.956","3.900","2.911","928.81K","27.64%"
"09/06/2009","2.960","2.741","3.424","2.623","633.23K","8.50%"
"08/30/2009","2.728","3.003","3.084","2.409","550.53K","-10.06%"
"08/23/2009","3.033","2.790","3.220","2.692","342.93K","8.17%"
"08/16/2009","2.804","3.184","3.281","2.776","513.86K","-13.40%"
"08/09/2009","3.238","3.703","3.768","3.224","645.22K","-11.87%"
"08/02/2009","3.674","3.632","4.162","3.596","543.63K","0.57%"
"07/26/2009","3.653","3.666","3.769","3.296","327.18K","-1.14%"
"07/19/2009","3.695","3.700","3.904","3.516","484.80K","0.71%"
"07/12/2009","3.669","3.337","3.785","3.225","612.78K","8.78%"
"07/05/2009","3.373","3.640","3.685","3.337","396.64K","-6.69%"
"06/28/2009","3.615","4.049","4.090","3.606","328.84K","-8.46%"
"06/21/2009","3.949","4.040","4.105","3.717","350.25K","-2.06%"
"06/14/2009","4.032","3.859","4.387","3.825","571.06K","4.54%"
"06/07/2009","3.857","3.870","4.067","3.656","634.95K","-0.28%"
"05/31/2009","3.868","3.869","4.284","3.550","557.28K","0.86%"
"05/24/2009","3.835","3.480","4.104","3.388","334.28K","9.10%"
"05/17/2009","3.515","4.037","4.239","3.478","422.05K","-14.23%"
"05/10/2009","4.098","4.340","4.575","4.083","491.63K","-4.94%"
"05/03/2009","4.311","3.544","4.360","3.469","449.29K","21.57%"
"04/26/2009","3.546","3.268","3.591","3.155","277.16K","7.55%"
"04/19/2009","3.297","3.710","3.757","3.260","261.23K","-11.58%"
"04/12/2009","3.729","3.625","3.786","3.504","326.93K","3.30%"
"04/05/2009","3.610","3.801","3.860","3.531","204.67K","-5.02%"
"03/29/2009","3.801","3.760","3.904","3.629","252.00K","4.68%"
"03/22/2009","3.631","4.190","4.379","3.600","280.50K","-14.10%"
"03/15/2009","4.227","3.914","4.424","3.672","375.24K","7.50%"
"03/08/2009","3.932","3.882","4.040","3.759","329.87K","-0.33%"
"03/01/2009","3.945","4.274","4.380","3.917","390.17K","-6.03%"
"02/22/2009","4.198","4.075","4.296","3.916","279.77K","4.79%"
"02/15/2009","4.006","4.300","4.322","3.921","271.19K","-10.02%"
"02/08/2009","4.452","4.770","4.880","4.380","408.72K","-6.74%"
"02/01/2009","4.774","4.315","4.837","4.280","351.62K","8.08%"
"01/25/2009","4.417","4.440","4.665","4.359","231.66K","-2.24%"
"01/18/2009","4.518","4.729","4.859","4.432","207.94K","-5.89%"
"01/11/2009","4.801","5.547","5.634","4.742","288.75K","-12.96%"
"01/04/2009","5.516","5.930","6.240","5.423","271.44K","-7.62%"
"12/28/2008","5.971","5.909","6.180","5.477","118.91K","2.49%"
"12/21/2008","5.826","5.270","5.940","5.210","137.06K","9.22%"
"12/14/2008","5.334","5.594","5.855","5.267","261.17K","-2.81%"
"12/07/2008","5.488","5.708","5.792","5.458","319.08K","-4.42%"
"11/30/2008","5.742","6.550","6.685","5.712","300.67K","-11.80%"
"11/23/2008","6.510","6.672","6.978","6.255","193.23K","0.46%"
"11/16/2008","6.480","6.361","6.825","6.201","308.22K","2.66%"
"11/09/2008","6.312","6.887","7.308","6.054","387.43K","-6.59%"
"11/02/2008","6.757","6.693","7.360","6.512","322.12K","-0.38%"
"10/26/2008","6.783","6.133","6.896","5.990","257.42K","8.72%"
"10/19/2008","6.239","6.854","7.087","6.150","304.15K","-8.06%"
"10/12/2008","6.786","6.535","6.975","6.436","294.57K","3.84%"
"10/05/2008","6.535","7.348","7.348","6.510","362.19K","-11.19%"
"09/28/2008","7.358","7.628","7.938","7.140","305.40K","-1.53%"
"09/21/2008","7.472","7.451","8.160","7.296","354.84K","-0.78%"
"09/14/2008","7.531","7.372","8.320","7.071","448.01K","2.24%"
"09/07/2008","7.366","7.600","7.705","7.120","428.23K","-1.11%"
"08/31/2008","7.449","8.094","8.130","7.023","340.47K","-6.22%"
"08/24/2008","7.943","7.794","8.808","7.617","438.69K","1.28%"
"08/17/2008","7.843","7.928","8.388","7.768","380.22K","-3.08%"
"08/10/2008","8.092","8.360","8.736","7.960","461.33K","-1.89%"
"08/03/2008","8.248","9.451","9.600","8.190","473.45K","-12.15%"
"07/27/2008","9.389","9.196","9.460","8.810","357.67K","3.36%"
"07/20/2008","9.084","10.632","10.793","8.883","525.86K","-14.06%"
"07/13/2008","10.570","11.955","12.137","10.464","504.85K","-11.21%"
"07/06/2008","11.904","13.500","13.572","11.812","590.56K","-12.32%"
"06/29/2008","13.577","13.260","13.694","13.207","253.42K","2.87%"
"06/22/2008","13.198","13.140","13.428","12.524","338.38K","1.57%"
"06/15/2008","12.994","12.637","13.350","12.580","420.34K","2.92%"
"06/08/2008","12.625","12.690","12.888","12.367","421.16K","-0.54%"
"06/01/2008","12.693","11.791","12.823","11.633","435.62K","8.46%"
"05/25/2008","11.703","11.950","12.085","11.430","292.36K","-1.30%"
"05/18/2008","11.857","11.158","11.950","10.857","464.65K","6.88%"
"05/11/2008","11.094","11.644","11.794","11.010","471.80K","-3.84%"
"05/04/2008","11.537","10.843","11.608","10.781","387.18K","7.05%"
"04/27/2008","10.777","11.020","11.360","10.480","314.84K","-1.70%"
"04/20/2008","10.963","10.624","11.050","10.415","375.56K","3.55%"
"04/13/2008","10.587","9.920","10.658","9.816","375.98K","6.93%"
"04/06/2008","9.901","9.343","10.314","9.343","446.18K","6.21%"
"03/30/2008","9.322","9.836","10.210","9.290","415.84K","-4.88%"
"03/23/2008","9.800","9.120","9.850","9.008","298.84K","8.11%"
"03/16/2008","9.065","10.002","10.103","8.664","358.86K","-8.14%"
"03/09/2008","9.868","9.840","10.294","9.627","362.47K","1.01%"
"03/02/2008","9.769","9.387","10.004","9.254","408.48K","4.30%"
"02/24/2008","9.366","9.335","9.498","8.880","333.33K","2.41%"
"02/17/2008","9.146","8.755","9.239","8.734","286.49K","5.61%"
"02/10/2008","8.660","8.405","8.847","8.336","409.80K","4.32%"
"02/03/2008","8.301","7.625","8.330","7.580","347.30K","7.25%"
"01/27/2008","7.740","7.960","8.133","7.691","289.36K","-3.04%"
"01/20/2008","7.983","7.940","8.006","7.570","192.07K","-0.13%"
"01/13/2008","7.993","8.401","8.481","7.918","274.92K","-2.64%"
"01/06/2008","8.210","7.803","8.410","7.701","303.68K","4.71%"
"12/30/2007","7.841","7.349","7.980","7.283","230.09K","6.16%"
"12/23/2007","7.386","7.079","7.410","6.838","120.96K","2.73%"
"12/16/2007","7.190","6.992","7.250","6.914","246.48K","2.35%"
"12/09/2007","7.025","7.045","7.529","6.950","340.07K","-1.82%"
"12/02/2007","7.155","7.209","7.445","7.038","287.46K","-2.01%"
"11/25/2007","7.302","7.848","7.969","7.180","238.93K","-5.17%"
"11/18/2007","7.700","8.045","8.130","7.420","142.58K","-3.76%"
"11/11/2007","8.001","7.855","8.123","7.650","284.56K","1.32%"
"11/04/2007","7.897","8.333","8.333","7.504","298.92K","-6.19%"
"10/28/2007","8.418","7.254","8.712","7.210","291.89K","16.63%"
"10/21/2007","7.218","7.053","7.227","6.640","305.95K","2.51%"
"10/14/2007","7.041","7.087","7.616","7.027","336.92K","0.96%"
"10/07/2007","6.974","7.027","7.186","6.745","364.14K","-1.40%"
"09/30/2007","7.073","6.860","7.505","6.753","313.40K","2.95%"
"09/23/2007","6.870","6.018","7.039","5.916","260.98K","12.99%"
"09/16/2007","6.080","6.395","6.730","5.725","363.41K","-3.17%"
"09/09/2007","6.279","5.348","6.498","5.249","400.81K","14.14%"
"09/02/2007","5.501","5.440","6.019","5.259","233.84K","0.60%"
"08/26/2007","5.468","5.293","5.785","5.192","230.24K","-1.00%"
"08/19/2007","5.523","6.635","6.635","5.434","269.33K","-21.21%"
"08/12/2007","7.010","6.883","7.192","6.546","367.54K","2.79%"
"08/05/2007","6.820","6.162","6.958","5.906","369.43K","11.99%"
"07/29/2007","6.090","6.285","6.684","6.031","273.36K","-0.33%"
"07/22/2007","6.110","6.279","6.295","5.754","275.06K","-5.21%"
"07/15/2007","6.446","6.527","6.750","6.226","243.33K","-3.24%"
"07/08/2007","6.662","6.444","6.849","6.301","309.56K","3.38%"
"07/01/2007","6.444","6.720","6.839","6.360","150.93K","-4.86%"
"06/24/2007","6.773","7.000","7.107","6.551","276.35K","-5.01%"
"06/17/2007","7.130","7.909","7.918","7.049","285.24K","-9.95%"
"06/10/2007","7.918","7.650","8.017","7.560","315.02K","3.33%"
"06/03/2007","7.663","7.920","8.210","7.650","320.31K","-2.73%"
"05/27/2007","7.878","7.592","8.000","7.489","189.99K","3.12%"
"05/20/2007","7.640","7.876","7.960","7.500","225.30K","-3.83%"
"05/13/2007","7.944","7.960","8.230","7.760","256.99K","0.57%"
"05/06/2007","7.899","7.850","7.961","7.590","277.70K","-0.49%"
"04/29/2007","7.938","7.849","8.105","7.508","271.97K","1.37%"
"04/22/2007","7.831","7.293","7.897","7.250","257.46K","6.10%"
"04/15/2007","7.381","7.725","7.740","7.250","221.45K","-5.38%"
"04/08/2007","7.801","7.656","8.010","7.531","333.63K","2.55%"
"04/01/2007","7.607","7.768","7.791","7.378","168.47K","-1.59%"
"03/25/2007","7.730","7.270","7.770","7.194","210.95K","6.34%"
"03/18/2007","7.269","6.900","7.370","6.812","212.94K","4.98%"
"03/11/2007","6.924","7.035","7.166","6.860","193.25K","-2.24%"
"03/04/2007","7.083","7.233","7.550","7.022","231.03K","-2.21%"
"02/25/2007","7.243","7.780","7.861","7.100","210.17K","-6.60%"
"02/18/2007","7.755","7.420","7.780","7.230","222.44K","3.36%"
"02/11/2007","7.503","7.660","7.670","7.050","297.75K","-4.14%"
"02/04/2007","7.827","7.730","8.035","7.459","347.77K","4.70%"
"01/28/2007","7.476","7.150","7.966","6.820","342.70K","4.20%"
"01/21/2007","7.175","7.180","7.705","6.823","292.18K","4.20%"
"01/14/2007","6.886","6.580","6.980","6.150","233.82K","4.32%"
"01/07/2007","6.601","6.370","6.807","6.200","289.49K","6.74%"
"12/31/2006","6.184","6.205","6.450","6.030","124.26K","-1.83%"
"12/24/2006","6.299","6.350","6.490","5.740","119.22K","-5.06%"
"12/17/2006","6.635","7.290","7.290","6.515","184.31K","-10.45%"
"12/10/2006","7.409","7.460","7.915","7.216","242.82K","-2.01%"
"12/03/2006","7.561","8.250","8.289","7.500","260.73K","-10.22%"
"11/26/2006","8.422","7.940","9.050","7.824","244.58K","9.12%"
"11/19/2006","7.718","8.099","8.186","7.680","113.46K","-5.64%"
"11/12/2006","8.179","7.850","8.250","7.590","243.47K","4.94%"
"11/05/2006","7.794","7.660","8.260","7.278","226.38K","-1.14%"
"10/29/2006","7.884","7.649","8.100","7.060","209.10K","10.22%"
"10/22/2006","7.153","7.257","7.929","6.775","236.32K","-1.22%"
"10/15/2006","7.241","5.750","7.300","5.725","220.22K","27.96%"
"10/08/2006","5.659","6.500","6.800","5.583","219.88K","-11.95%"
"10/01/2006","6.427","5.606","6.520","5.460","164.94K","14.36%"
"09/24/2006","5.620","4.570","5.764","4.050","201.77K","21.46%"
"09/17/2006","4.627","4.927","5.274","4.593","141.01K","-7.13%"
"09/10/2006","4.982","5.580","5.860","4.650","214.70K","-12.21%"
"09/03/2006","5.675","5.880","6.130","5.610","131.18K","-3.44%"
"08/27/2006","5.877","6.768","6.950","5.770","209.38K","-17.88%"
"08/20/2006","7.157","6.619","7.540","6.450","128.71K","6.33%"
"08/13/2006","6.731","7.189","7.189","6.450","116.46K","-7.40%"
"08/06/2006","7.269","7.250","7.940","6.760","199.66K","0.32%"
"07/30/2006","7.246","7.220","8.619","7.120","165.41K","0.86%"
"07/23/2006","7.184","6.140","7.290","6.121","161.80K","17.02%"
"07/16/2006","6.139","6.340","6.340","5.520","155.96K","-3.28%"
"07/09/2006","6.347","5.500","6.450","5.390","162.88K","14.92%"
"07/02/2006","5.523","6.090","6.100","5.470","70.51K","-9.52%"
"06/25/2006","6.104","6.209","6.290","5.810","133.20K","-1.96%"
"06/18/2006","6.226","7.170","7.180","6.170","126.22K","-13.35%"
"06/11/2006","7.185","6.180","7.330","6.110","182.34K","16.41%"
"06/04/2006","6.172","6.650","6.820","5.940","174.21K","-6.81%"
"05/28/2006","6.623","6.250","6.725","6.020","117.59K","11.78%"
"05/21/2006","5.925","6.015","6.440","5.750","191.14K","-0.62%"
"05/14/2006","5.962","6.300","6.419","5.860","126.47K","-5.06%"
"05/07/2006","6.280","6.795","7.034","6.225","157.41K","-7.31%"
"04/30/2006","6.775","6.533","7.133","6.500","132.34K","3.36%"
"04/23/2006","6.555","8.030","8.074","6.490","199.74K","-17.87%"
"04/16/2006","7.981","7.180","8.280","7.110","167.93K","11.86%"
"04/09/2006","7.135","6.726","7.150","6.650","139.21K","5.81%"
"04/02/2006","6.743","7.200","7.630","6.720","167.51K","-6.48%"
"03/26/2006","7.210","7.300","7.562","6.930","138.59K","-1.10%"
"03/19/2006","7.290","7.010","7.490","6.707","131.47K","3.36%"
"03/12/2006","7.053","6.720","7.370","6.690","128.64K","6.12%"
"03/05/2006","6.646","6.700","6.810","6.450","123.51K","-2.12%"
"02/26/2006","6.790","7.100","7.180","6.540","125.98K","-4.53%"
"02/19/2006","7.112","7.340","7.850","6.900","171.29K","-0.97%"
"02/12/2006","7.182","7.410","7.470","6.975","129.82K","-1.83%"
"02/05/2006","7.316","8.640","8.745","7.250","165.22K","-15.06%"
"01/29/2006","8.613","8.800","9.825","8.170","163.94K","2.54%"
"01/22/2006","8.400","9.000","9.095","7.750","139.92K","-9.48%"
"01/15/2006","9.280","8.795","9.440","8.460","110.45K","5.56%"
"01/08/2006","8.791","9.525","9.661","8.740","134.38K","-8.73%"
"01/01/2006","9.632","10.700","11.000","9.390","83.12K","-14.19%"
"12/25/2005","11.225","11.695","11.880","10.720","93.42K","-8.61%"
"12/18/2005","12.283","13.565","14.490","11.960","112.82K","-9.90%"
"12/11/2005","13.633","14.400","15.780","13.280","141.37K","-4.74%"
"12/04/2005","14.312","13.901","15.520","13.300","181.86K","2.73%"
"11/27/2005","13.931","11.730","13.950","10.880","156.57K","19.89%"
"11/20/2005","11.620","11.335","11.860","11.120","87.10K","1.80%"
"11/13/2005","11.414","11.510","12.695","11.320","139.40K","-2.54%"
"11/06/2005","11.712","11.142","12.060","11.000","155.73K","2.60%"
"10/30/2005","11.415","12.900","12.900","11.215","135.69K","-12.56%"
"10/23/2005","13.055","12.660","14.495","12.593","154.95K","1.42%"
"10/16/2005","12.872","13.551","14.020","12.680","128.11K","-2.63%"
"10/09/2005","13.219","13.149","13.699","12.700","132.86K","-0.05%"
"10/02/2005","13.226","13.802","14.750","13.135","109.80K","-4.99%"
"09/25/2005","13.921","12.299","14.600","11.680","152.26K","12.96%"
"09/18/2005","12.324","11.620","13.420","11.520","150.08K","10.59%"
"09/11/2005","11.144","11.156","11.500","10.608","142.54K","-1.06%"
"09/04/2005","11.263","11.824","11.900","10.900","100.38K","-3.66%"
"08/28/2005","11.691","11.950","12.300","10.650","162.78K","19.39%"
"08/21/2005","9.792","9.190","10.128","9.032","172.05K","7.47%"
"08/14/2005","9.111","9.458","9.910","8.850","140.85K","-4.97%"
"08/07/2005","9.588","8.765","9.910","8.500","183.62K","10.21%"
"07/31/2005","8.700","7.900","8.750","7.900","171.65K","10.34%"
"07/24/2005","7.885","7.300","7.900","7.140","158.38K","6.78%"
"07/17/2005","7.384","7.750","7.879","7.250","150.78K","-5.92%"
"07/10/2005","7.849","7.330","8.290","7.260","175.43K","5.05%"
"07/03/2005","7.472","7.360","7.771","7.250","128.20K","4.20%"
"06/26/2005","7.171","7.290","7.360","6.900","136.07K","-2.57%"
"06/19/2005","7.360","7.770","7.915","7.280","154.15K","-4.29%"
"06/12/2005","7.690","6.905","7.730","6.900","168.63K","10.93%"
"06/05/2005","6.932","6.900","7.430","6.880","216.53K","0.76%"
"05/29/2005","6.880","6.400","7.020","6.260","188.61K","8.01%"
"05/22/2005","6.370","6.330","6.470","6.030","147.98K","0.43%"
"05/15/2005","6.343","6.480","6.570","6.310","134.44K","-2.95%"
"05/08/2005","6.536","6.585","6.840","6.430","144.17K","-1.28%"
"05/01/2005","6.621","6.520","6.780","6.450","158.93K","0.55%"
"04/24/2005","6.585","7.195","7.369","6.550","158.15K","-8.48%"
"04/17/2005","7.195","6.980","7.245","6.875","146.35K","2.83%"
"04/10/2005","6.997","7.200","7.390","6.890","172.85K","-3.38%"
"04/03/2005","7.242","7.750","7.904","7.200","161.39K","-6.54%"
"03/27/2005","7.749","7.020","7.850","6.945","152.40K","9.73%"
"03/20/2005","7.062","7.268","7.364","6.970","117.82K","-2.90%"
"03/13/2005","7.273","6.720","7.380","6.720","159.31K","7.40%"
"03/06/2005","6.772","6.700","6.980","6.630","156.70K","0.42%"
"02/27/2005","6.744","6.750","6.815","6.550","154.69K","0.43%"
"02/20/2005","6.715","5.985","6.720","5.954","153.65K","13.66%"
"02/13/2005","5.908","6.035","6.230","5.850","170.60K","-3.04%"
"02/06/2005","6.093","6.095","6.270","5.950","168.06K","-0.05%"
"01/30/2005","6.096","6.200","6.480","6.050","153.78K","-2.60%"
"01/23/2005","6.259","6.210","6.550","6.150","166.70K","0.30%"
"01/16/2005","6.240","6.550","6.805","6.080","140.59K","-2.42%"
"01/09/2005","6.395","6.111","6.610","5.830","185.31K","6.57%"
"01/02/2005","6.001","5.949","6.100","5.710","129.05K","-2.41%"
"12/26/2004","6.149","6.550","6.550","6.100","91.27K","-7.78%"
"12/19/2004","6.668","7.140","7.200","6.630","89.98K","-10.58%"
"12/12/2004","7.457","6.993","7.540","6.900","144.87K","8.97%"
"12/05/2004","6.843","7.050","7.130","6.495","154.69K","0.69%"
"11/28/2004","6.796","8.260","8.325","6.690","142.87K","-14.79%"
"11/21/2004","7.976","7.200","8.200","6.600","95.55K","12.10%"
"11/14/2004","7.115","7.120","7.569","6.710","163.50K","-0.85%"
"11/07/2004","7.176","7.950","7.960","7.130","158.46K","-9.78%"
"10/31/2004","7.954","8.825","9.200","7.700","167.66K","-8.84%"
"10/24/2004","8.725","8.030","9.200","7.500","155.32K","7.65%"
"10/17/2004","8.105","6.550","8.230","6.483","146.84K","20.81%"
"10/10/2004","6.709","7.120","7.190","6.425","153.18K","-6.34%"
"10/03/2004","7.163","6.705","7.440","6.520","133.77K","5.77%"
"09/26/2004","6.772","5.255","7.230","5.200","179.78K","25.59%"
"09/19/2004","5.392","5.081","5.705","4.981","159.14K","5.56%"
"09/12/2004","5.108","4.731","5.270","4.520","217.71K","11.77%"
"09/05/2004","4.570","4.700","4.895","4.540","116.74K","-2.25%"
"08/29/2004","4.675","5.210","5.260","4.620","168.63K","-8.01%"
"08/22/2004","5.082","5.550","5.550","5.030","155.77K","-8.47%"
"08/15/2004","5.552","5.525","5.640","5.330","139.31K","0.34%"
"08/08/2004","5.533","5.530","5.960","5.420","174.24K","-0.98%"
"08/01/2004","5.588","6.045","6.045","5.570","157.26K","-8.57%"
"07/25/2004","6.112","6.070","6.250","5.880","150.83K","-0.36%"
"07/18/2004","6.134","5.831","6.220","5.770","161.01K","4.20%"
"07/11/2004","5.887","6.067","6.125","5.805","205.78K","-4.14%"
"07/04/2004","6.141","6.210","6.460","6.070","154.99K","-0.11%"
"06/27/2004","6.148","6.292","6.340","6.030","156.84K","-3.23%"
"06/20/2004","6.353","6.495","6.550","6.280","159.61K","-2.56%"
"06/13/2004","6.520","6.140","6.650","6.098","176.24K","5.57%"
"06/06/2004","6.176","6.239","6.275","5.960","183.71K","-1.36%"
"05/30/2004","6.261","6.500","6.730","6.220","164.01K","-2.81%"
"05/23/2004","6.442","6.370","6.760","6.310","195.89K","1.40%"
"05/16/2004","6.353","6.400","6.570","6.100","231.51K","-0.75%"
"05/09/2004","6.401","6.300","6.530","6.120","176.93K","1.70%"
"05/02/2004","6.294","5.862","6.360","5.840","176.37K","7.37%"
"04/25/2004","5.862","5.555","5.990","5.550","170.41K","5.22%"
"04/18/2004","5.571","5.580","5.700","5.460","155.64K","-0.70%"
"04/11/2004","5.610","5.915","6.030","5.600","175.95K","-5.57%"
"04/04/2004","5.941","5.880","5.980","5.711","96.99K","2.22%"
"03/28/2004","5.812","5.330","5.990","5.330","204.34K","7.73%"
"03/21/2004","5.395","5.610","5.610","5.292","140.35K","-3.35%"
"03/14/2004","5.582","5.620","5.760","5.560","114.18K","-0.25%"
"03/07/2004","5.596","5.500","5.676","5.300","146.98K","2.81%"
"02/29/2004","5.443","5.350","5.600","5.200","170.90K","0.50%"
"02/22/2004","5.416","5.100","5.480","5.060","159.98K","4.29%"
"02/15/2004","5.193","5.411","5.457","5.120","93.97K","-6.20%"
"02/08/2004","5.536","5.350","5.630","5.160","149.26K","3.40%"
"02/01/2004","5.354","5.450","5.790","5.250","134.37K","-0.80%"
"01/25/2004","5.397","5.890","5.950","5.350","147.07K","-10.93%"
"01/18/2004","6.059","6.080","6.490","5.600","107.31K","2.00%"
"01/11/2004","5.940","7.350","7.390","5.800","161.62K","-18.48%"
"01/04/2004","7.287","6.320","7.630","6.320","125.07K","17.74%"
"12/28/2003","6.189","6.020","6.950","5.960","74.55K","-2.98%"
"12/21/2003","6.379","6.850","6.850","5.940","92.11K","-8.64%"
"12/14/2003","6.982","6.780","7.215","6.560","129.58K","-3.31%"
"12/07/2003","7.221","6.210","7.550","6.150","180.35K","17.70%"
"11/30/2003","6.135","4.890","6.560","4.870","266.29K","24.57%"
"11/23/2003","4.925","4.570","5.115","4.520","114.03K","6.28%"
"11/16/2003","4.634","5.070","5.070","4.550","207.39K","-9.35%"
"11/09/2003","5.112","4.720","5.220","4.600","207.44K","8.63%"
"11/02/2003","4.706","4.890","5.024","4.585","191.54K","-3.82%"
"10/26/2003","4.893","4.710","4.940","4.400","188.56K","2.24%"
"10/19/2003","4.786","5.036","5.036","4.740","171.47K","-4.96%"
"10/12/2003","5.036","5.660","5.720","5.025","178.89K","-10.90%"
"10/05/2003","5.652","4.767","5.800","4.660","253.65K","18.57%"
"09/28/2003","4.767","4.630","4.980","4.565","215.05K","7.61%"
"09/21/2003","4.430","4.470","4.660","4.390","179.36K","-1.18%"
"09/14/2003","4.483","4.680","4.760","4.425","160.75K","-5.94%"
"09/07/2003","4.766","4.780","4.980","4.635","191.39K","-0.10%"
"08/31/2003","4.771","4.700","4.860","4.550","124.48K","0.85%"
"08/24/2003","4.731","5.210","5.290","4.650","158.95K","-10.40%"
"08/17/2003","5.280","4.830","5.380","4.750","152.18K","8.91%"
"08/10/2003","4.848","5.000","5.280","4.790","160.87K","-3.75%"
"08/03/2003","5.037","4.820","5.140","4.615","160.39K","3.34%"
"07/27/2003","4.874","4.680","4.895","4.580","158.69K","3.57%"
"07/20/2003","4.706","5.072","5.180","4.660","171.18K","-6.29%"
"07/13/2003","5.022","5.090","5.200","4.820","147.81K","-2.56%"
"07/06/2003","5.154","5.320","5.640","5.130","175.76K","-1.38%"
"06/29/2003","5.226","5.380","5.470","5.080","116.81K","-2.54%"
"06/22/2003","5.362","5.805","6.120","5.220","194.88K","-7.63%"
"06/15/2003","5.805","5.710","5.965","5.460","175.09K","2.29%"
"06/08/2003","5.675","6.565","6.619","5.480","219.33K","-12.83%"
"06/01/2003","6.510","6.250","6.719","6.220","192.25K","4.14%"
"05/25/2003","6.251","6.090","6.270","5.770","159.40K","2.16%"
"05/18/2003","6.119","6.130","6.430","5.900","178.95K","-0.05%"
"05/11/2003","6.122","5.810","6.440","5.806","193.61K","5.44%"
"05/04/2003","5.806","5.265","5.885","5.255","197.14K","10.49%"
"04/27/2003","5.255","5.480","5.480","5.000","151.81K","-4.05%"
"04/20/2003","5.477","5.702","5.820","5.380","149.24K","-4.06%"
"04/13/2003","5.709","5.390","5.830","5.360","107.79K","5.51%"
"04/06/2003","5.411","4.940","5.490","4.915","171.77K","9.47%"
"03/30/2003","4.943","5.140","5.220","4.865","128.08K","-3.94%"
"03/23/2003","5.146","5.320","5.400","4.980","160.04K","0.35%"
"03/16/2003","5.128","5.550","5.638","5.100","121.94K","-5.54%"
"03/09/2003","5.429","6.900","6.900","5.080","157.19K","-22.37%"
"03/02/2003","6.993","8.180","8.180","6.690","123.27K","-13.68%"
"02/23/2003","8.101","6.800","11.899","6.750","190.36K","22.63%"
"02/16/2003","6.606","5.881","6.700","5.871","172.17K","12.90%"
"02/09/2003","5.851","6.043","6.111","5.660","227.07K","-3.18%"
"02/02/2003","6.043","5.605","6.065","5.485","211.60K","7.81%"
"01/26/2003","5.605","5.590","5.740","5.340","212.95K","1.47%"
"01/19/2003","5.524","5.540","5.850","5.350","181.40K","-0.22%"
"01/12/2003","5.536","5.225","5.700","5.065","242.49K","7.64%"
"01/05/2003","5.143","5.276","5.360","4.850","231.65K","-3.76%"
"12/29/2002","5.344","5.020","5.420","4.690","127.69K","7.14%"
"12/22/2002","4.988","5.150","5.205","4.830","128.64K","-3.76%"
"12/15/2002","5.183","5.315","5.490","5.035","205.02K","-1.91%"
"12/08/2002","5.284","4.345","5.530","4.290","268.17K","20.56%"
"12/01/2002","4.383","4.200","4.439","4.137","200.55K","4.36%"
"11/24/2002","4.200","4.340","4.370","4.110","124.93K","-1.41%"
"11/17/2002","4.260","4.270","4.400","4.050","229.63K","7.01%"
"11/10/2002","3.981","3.840","4.030","3.740","205.39K","2.00%"
"11/03/2002","3.903","4.030","4.030","3.785","206.52K","-3.87%"
"10/27/2002","4.060","4.089","4.440","4.032","243.20K","0.79%"
"10/20/2002","4.028","4.175","4.420","3.990","240.64K","-4.98%"
"10/13/2002","4.239","4.156","4.380","4.110","210.07K","2.24%"
"10/06/2002","4.146","3.731","4.160","3.670","230.83K","10.89%"
"09/29/2002","3.739","4.140","4.250","3.710","264.37K","-7.47%"
"09/22/2002","4.041","3.871","4.095","3.405","293.39K","7.53%"
"09/15/2002","3.758","3.405","3.970","3.385","240.46K","8.39%"
"09/08/2002","3.467","3.247","3.495","3.190","173.78K","6.19%"
"09/01/2002","3.265","3.250","3.445","3.100","217.22K","-0.94%"
"08/25/2002","3.296","3.490","3.643","3.175","253.15K","-5.48%"
"08/18/2002","3.487","3.130","3.530","3.055","258.82K","10.73%"
"08/11/2002","3.149","2.760","3.165","2.760","274.24K","14.05%"
"08/04/2002","2.761","2.860","2.860","2.640","171.67K","-3.39%"
"07/28/2002","2.858","2.955","3.110","2.825","224.37K","-2.66%"
"07/21/2002","2.936","2.865","3.100","2.800","269.56K","0.10%"
"07/14/2002","2.933","2.820","3.019","2.770","240.71K","5.24%"
"07/07/2002","2.787","3.110","3.110","2.760","251.35K","-11.30%"
"06/30/2002","3.142","3.240","3.285","3.125","80.14K","-3.17%"
"06/23/2002","3.245","3.258","3.580","3.200","251.21K","0.25%"
"06/16/2002","3.237","3.350","3.480","3.160","229.68K","-3.14%"
"06/09/2002","3.342","3.185","3.350","3.050","249.82K","4.31%"
"06/02/2002","3.204","3.230","3.350","3.120","207.28K","-0.40%"
"05/26/2002","3.217","3.300","3.541","3.190","154.04K","-3.88%"
"05/19/2002","3.347","3.590","3.610","3.325","241.04K","-6.98%"
"05/12/2002","3.598","3.700","3.875","3.530","268.34K","-4.03%"
"05/05/2002","3.749","3.720","3.860","3.470","300.93K","0.11%"
"04/28/2002","3.745","3.380","3.840","3.371","253.79K","12.84%"
"04/21/2002","3.319","3.515","3.659","3.230","296.97K","-5.90%"
"04/14/2002","3.527","3.175","3.620","3.151","289.52K","12.86%"
"04/07/2002","3.125","3.281","3.370","3.060","235.59K","-4.58%"
"03/31/2002","3.275","3.210","3.700","3.170","266.65K","-0.24%"
"03/24/2002","3.283","3.319","3.560","3.160","255.44K","-1.29%"
"03/17/2002","3.326","3.100","3.520","3.055","328.59K","8.13%"
"03/10/2002","3.076","2.780","3.090","2.750","267.92K","9.86%"
"03/03/2002","2.800","2.400","2.820","2.381","261.55K","18.69%"
"02/24/2002","2.359","2.361","2.465","2.278","262.69K","-3.67%"
"02/17/2002","2.449","2.233","2.470","2.233","219.33K","11.02%"
"02/10/2002","2.206","2.191","2.410","2.120","210.22K","0.68%"
"02/03/2002","2.191","2.129","2.210","2.040","143.55K","2.48%"
"01/27/2002","2.138","2.005","2.175","1.850","226.17K","4.96%"
"01/20/2002","2.037","2.200","2.200","1.990","170.51K","-8.90%"
"01/13/2002","2.236","2.344","2.444","2.200","208.06K","1.45%"
"01/06/2002","2.204","2.278","2.350","2.140","169.23K","-3.12%"
"12/30/2001","2.275","2.750","2.755","2.250","128.36K","-17.99%"
"12/23/2001","2.774","2.909","3.050","2.608","150.36K","-4.18%"
"12/16/2001","2.895","2.850","2.910","2.590","169.90K","1.72%"
"12/09/2001","2.846","2.640","2.885","2.520","202.09K","10.83%"
"12/02/2001","2.568","2.630","2.690","2.450","141.73K","-4.92%"
"11/25/2001","2.701","2.692","2.820","2.170","259.65K","-3.98%"
"11/18/2001","2.813","2.610","3.010","2.520","123.49K","6.67%"
"11/11/2001","2.637","2.840","2.870","2.482","172.85K","-9.85%"
"11/04/2001","2.925","3.130","3.150","2.760","181.51K","-9.94%"
"10/28/2001","3.248","3.036","3.440","3.025","199.13K","6.81%"
"10/21/2001","3.041","2.700","3.140","2.591","208.71K","13.43%"
"10/14/2001","2.681","2.400","2.720","2.330","189.23K","10.33%"
"10/07/2001","2.430","2.270","2.570","2.220","155.87K","9.12%"
"09/30/2001","2.227","2.220","2.470","2.140","130.73K","-0.76%"
"09/23/2001","2.244","2.040","2.300","1.760","130.58K","6.70%"
"09/16/2001","2.103","2.425","2.440","2.030","111.03K","-17.59%"
"09/09/2001","2.552","2.469","2.720","2.370","33.18K","2.08%"
"09/02/2001","2.500","2.283","2.530","2.250","85.32K","5.04%"
"08/26/2001","2.380","2.640","2.640","2.245","189.66K","-12.05%"
"08/19/2001","2.706","3.279","3.279","2.670","142.77K","-18.07%"
"08/12/2001","3.303","3.005","3.620","2.960","183.97K","8.65%"
"08/05/2001","3.040","2.965","3.100","2.910","102.58K","2.32%"
"07/29/2001","2.971","3.210","3.425","2.940","158.53K","-6.19%"
"07/22/2001","3.167","2.940","3.360","2.905","198.57K","7.17%"
"07/15/2001","2.955","3.220","3.220","2.881","153.70K","-9.08%"
"07/08/2001","3.250","3.201","3.450","3.135","160.98K","0.99%"
"07/01/2001","3.218","3.090","3.290","3.003","93.09K","3.94%"
"06/24/2001","3.096","3.680","3.700","3.055","192.66K","-17.26%"
"06/17/2001","3.742","3.940","4.150","3.690","165.78K","-5.96%"
"06/10/2001","3.979","3.980","4.440","3.920","192.38K","1.45%"
"06/03/2001","3.922","4.098","4.179","3.725","153.27K","-0.20%"