ANO;MES;SEMANA;DATA_INICIO;DATA_FIM;SUDESTE;SUL;NORDESTE;NORTE
2001;6;1;30/06/2001;06/07/2001;684;141,61;684;684
2001;7;2;07/07/2001;13/07/2001;684;4;684;684
2001;7;3;14/07/2001;20/07/2001;684;4;684;684
2001;7;4;21/07/2001;27/07/2001;684;86,94;684;684
2001;7;5;28/07/2001;03/08/2001;684;4;684;684
2001;8;6;04/08/2001;10/08/2001;684;4;684;684
2001;8;7;11/08/2001;17/08/2001;684;37,12;684;684
2001;8;8;18/08/2001;24/08/2001;684;60,62;684;684
2001;8;9;25/08/2001;31/08/2001;684;86,94;684;684
2001;9;10;01/09/2001;07/09/2001;684;93,24;684;684
2001;9;11;08/09/2001;14/09/2001;684;63,55;684;684
2001;9;12;15/09/2001;21/09/2001;684;79,72;684;684
2001;9;13;22/09/2001;28/09/2001;336;63,55;562,15;336
2001;9;14;29/09/2001;05/10/2001;336;63,55;562,15;336
2001;10;15;06/10/2001;12/10/2001;336;4;562,15;336
2001;10;16;13/10/2001;19/10/2001;336;4;562,15;336
2001;10;17;20/10/2001;26/10/2001;336;4;562,15;336
2001;10;18;27/10/2001;02/11/2001;336;4;562,15;336
2001;11;19;03/11/2001;09/11/2001;336;41,74;562,15;336
2001;11;20;10/11/2001;16/11/2001;336;46,62;562,15;336
2001;11;21;17/11/2001;23/11/2001;336;41,74;562,15;336
2001;11;22;24/11/2001;30/11/2001;336;31,82;562,15;336
2001;12;23;01/12/2001;07/12/2001;336;4;562,15;336
2001;12;24;08/12/2001;14/12/2001;336;4;562,15;336
2001;12;25;15/12/2001;21/12/2001;336;49,3;562,15;336
2001;12;26;22/12/2001;28/12/2001;336;41,74;562,15;336
2001;12;27;29/12/2001;31/12/2001;336;41,74;562,15;336
2002;1;28;01/01/2002;04/01/2002;336;41,74;562,15;4
2002;1;29;05/01/2002;11/01/2002;336;64,04;562,15;4
2002;1;30;12/01/2002;18/01/2002;336;64,04;562,15;4
2002;1;31;19/01/2002;25/01/2002;336;64,04;562,15;4
2002;1;32;26/01/2002;01/02/2002;134,76;8,88;319,41;4,19
2002;2;33;02/02/2002;08/02/2002;134,76;10,82;319,41;5,17
2002;2;34;09/02/2002;15/02/2002;9,25;8,88;319,41;4,19
2002;2;35;16/02/2002;22/02/2002;5,42;5,14;319,41;4
2002;2;36;23/02/2002;28/02/2002;8,14;6,97;319,41;4,49
2002;3;37;02/03/2002;08/03/2002;4,66;4,12;4;4
2002;3;38;09/03/2002;15/03/2002;8,7;8,38;4,88;4,88
2002;3;39;16/03/2002;22/03/2002;13,1;12,32;7,32;7,32
2002;3;40;23/03/2002;29/03/2002;12,3;11,21;7,04;7,04
2002;3;41;30/03/2002;05/04/2002;11,64;11,64;6,17;6,17
2002;4;42;06/04/2002;12/04/2002;10,87;11,09;5,72;5,72
2002;4;43;13/04/2002;19/04/2002;15,84;17,03;8,71;8,71
2002;4;44;20/04/2002;26/04/2002;15,96;16,37;8,75;8,75
2002;4;45;27/04/2002;03/05/2002;20,11;20,09;4;20,11
2002;5;46;04/05/2002;10/05/2002;25,31;26,67;4,38;25,31
2002;5;47;11/05/2002;17/05/2002;18,95;20,13;4;4
2002;5;48;18/05/2002;24/05/2002;20,89;22,86;4,13;4,13
2002;5;49;25/05/2002;31/05/2002;12,92;11,36;4;4
2002;6;50;01/06/2002;07/06/2002;8,91;4;5,57;5,57
2002;6;51;08/06/2002;14/06/2002;14,21;14,14;7,69;6,6
2002;6;52;15/06/2002;21/06/2002;14,42;13,91;7,73;7,16
2002;6;53;22/06/2002;28/06/2002;15,3;14,09;7,61;6,3
2002;6;54;29/06/2002;05/07/2002;15,97;15,95;15,89;15,57
2002;7;55;06/07/2002;12/07/2002;17,79;17,79;17,52;14,12
2002;7;56;13/07/2002;19/07/2002;17,9;17,9;17,35;12,19
2002;7;57;20/07/2002;26/07/2002;16,22;16,22;15,59;12,36
2002;7;58;27/07/2002;02/08/2002;14,69;16,21;15,44;14,69
2002;8;59;03/08/2002;09/08/2002;13,6;15,39;13,52;13,3
2002;8;60;10/08/2002;16/08/2002;9,43;9,37;11,72;9,43
2002;8;61;17/08/2002;23/08/2002;10,08;10,02;12,41;10,08
2002;8;62;24/08/2002;30/08/2002;11,83;11,94;14,07;11,83
2002;8;63;31/08/2002;06/09/2002;6,93;6,93;5,9;5,9
2002;9;64;07/09/2002;13/09/2002;6,53;7,09;5,75;5,75
2002;9;65;14/09/2002;20/09/2002;5,9;6,08;5,54;5,54
2002;9;66;21/09/2002;27/09/2002;4,87;4,74;4,86;4,86
2002;9;67;28/09/2002;04/10/2002;4;4;4;4
2002;10;68;05/10/2002;11/10/2002;4;4;4;4
2002;10;69;12/10/2002;18/10/2002;4,09;4;4,01;4,01
2002;10;70;19/10/2002;25/10/2002;4,87;4;4,62;4,62
2002;10;71;26/10/2002;01/11/2002;7,24;7,24;6,61;6,61
2002;11;72;02/11/2002;08/11/2002;7,21;4;6,72;6,72
2002;11;73;09/11/2002;15/11/2002;5,92;4;5,66;5,77
2002;11;74;16/11/2002;22/11/2002;6,29;4;5,9;5,9
2002;11;75;23/11/2002;29/11/2002;6,37;5,67;5,67;6,98
2002;11;76;30/11/2002;06/12/2002;5,58;5,18;5,66;5,84
2002;12;77;07/12/2002;13/12/2002;5,65;4;5,74;7,16
2002;12;78;14/12/2002;20/12/2002;5,64;4;6,13;9,46
2002;12;79;21/12/2002;27/12/2002;4;4;4,01;4,01
2002;12;80;28/12/2002;03/01/2003;4;4;4;4
2003;1;81;04/01/2003;10/01/2003;4,17;4,1;5,23;5,23
2003;1;82;11/01/2003;17/01/2003;4;4;4;4
2003;1;83;18/01/2003;24/01/2003;4,06;4;4,25;4,06
2003;1;84;25/01/2003;31/01/2003;4;4;4;4
2003;2;85;01/02/2003;07/02/2003;4;4;4;4
2003;2;86;08/02/2003;14/02/2003;4;4;4;4
2003;2;87;15/02/2003;21/02/2003;4;4;4;4
2003;2;88;22/02/2003;28/02/2003;4;4;4;4
2003;3;89;01/03/2003;07/03/2003;4;4;4;4
2003;3;90;08/03/2003;14/03/2003;4;4;4;4
2003;3;91;15/03/2003;21/03/2003;4;4;4;4
2003;3;92;22/03/2003;28/03/2003;4;4;4;4
2003;3;93;29/03/2003;31/03/2003;4;4;4;4
2003;4;94;01/04/2003;04/04/2003;5,48;5,48;5,48;5,48
2003;4;95;05/04/2003;11/04/2003;5,48;5,48;5,48;5,48
2003;4;96;12/04/2003;18/04/2003;5,48;5,48;5,48;5,48
2003;4;97;19/04/2003;25/04/2003;5,48;5,48;5,48;5,48
2003;4;98;26/04/2003;02/05/2003;5,48;5,48;5,48;5,48
2003;5;99;03/05/2003;09/05/2003;6,65;6,65;5,57;5,49
2003;5;100;10/05/2003;16/05/2003;6,64;6,64;5,96;5,79
2003;5;101;17/05/2003;23/05/2003;7,25;7,25;6,25;6,25
2003;5;102;24/05/2003;30/05/2003;8,52;8,52;7,1;7,1
2003;5;103;31/05/2003;06/06/2003;12,03;12,03;11,49;9,31
2003;6;104;07/06/2003;13/06/2003;12,11;12,11;11,31;11,31
2003;6;105;14/06/2003;20/06/2003;9,17;9,17;9,17;9,17
2003;6;106;21/06/2003;27/06/2003;10,72;10,72;10,55;10,55
2003;6;107;28/06/2003;04/07/2003;13,52;13,52;9,98;13,52
2003;7;108;05/07/2003;11/07/2003;14,39;14,67;10,33;14,35
2003;7;109;12/07/2003;18/07/2003;13,85;16,96;10,84;13,79
2003;7;110;19/07/2003;25/07/2003;11,87;11,89;9,04;11,84
2003;7;111;26/07/2003;01/08/2003;12,05;12,13;9,08;12,02
2003;8;112;02/08/2003;08/08/2003;15,6;17,16;13,12;15,52
2003;8;113;09/08/2003;15/08/2003;18,67;18,98;14,31;18,66
2003;8;114;16/08/2003;22/08/2003;17,47;18,75;13,64;17,39
2003;8;115;23/08/2003;29/08/2003;16,81;20,34;12,93;16,72
2003;8;116;30/08/2003;05/09/2003;16,88;18,76;13,77;16,88
2003;9;117;06/09/2003;12/09/2003;17,72;20,41;14,3;17,72
2003;9;118;13/09/2003;19/09/2003;17,03;19,53;13,62;17,03
2003;9;119;20/09/2003;26/09/2003;17,93;20,56;16,95;17,93
2003;9;120;27/09/2003;03/10/2003;23,91;24,37;20,02;23,91
2003;10;121;04/10/2003;10/10/2003;26,65;27,3;21,13;26,65
2003;10;122;11/10/2003;17/10/2003;26,83;27,69;20,05;26,83
2003;10;123;18/10/2003;24/10/2003;22,7;23,01;17,32;22,69
2003;10;124;25/10/2003;31/10/2003;27,87;28,01;20,95;27,5
2003;11;125;01/11/2003;07/11/2003;24,35;25,93;20,5;24,11
2003;11;126;08/11/2003;14/11/2003;27,67;30,56;23,2;27,67
2003;11;127;15/11/2003;21/11/2003;31,9;35,12;26,7;31,9
2003;11;128;22/11/2003;28/11/2003;29,19;29,3;29,19;29,19
2003;11;129;29/11/2003;30/11/2003;24,63;24,63;21,95;23,62
2003;12;130;01/12/2003;05/12/2003;24,79;24,79;82,72;24,25
2003;12;131;06/12/2003;12/12/2003;23,47;23,47;82,72;22,89
2003;12;132;13/12/2003;19/12/2003;16,95;16,95;16,95;16,95
2003;12;133;20/12/2003;26/12/2003;18,82;18,81;18,45;18,82
2003;12;134;27/12/2003;02/01/2004;17,39;17,39;58,24;17,2
2004;1;135;03/01/2004;09/01/2004;27,05;27,05;412,83;26,97
2004;1;136;10/01/2004;16/01/2004;25,34;25,34;299,73;25,06
2004;1;137;17/01/2004;23/01/2004;17,58;17,58;315,21;16,95
2004;1;138;24/01/2004;30/01/2004;27,28;27,28;255,33;18,59
2004;1;139;31/01/2004;06/02/2004;18,59;18,59;18,59;18,59
2004;2;140;07/02/2004;13/02/2004;18,59;18,59;18,59;18,59
2004;2;141;14/02/2004;20/02/2004;18,59;18,59;18,59;18,59
2004;2;142;21/02/2004;27/02/2004;18,59;18,59;18,59;18,59
2004;2;143;28/02/2004;05/03/2004;18,59;18,59;18,59;18,59
2004;3;144;06/03/2004;12/03/2004;18,59;18,59;18,59;18,59
2004;3;145;13/03/2004;19/03/2004;18,59;18,59;18,59;18,59
2004;3;146;20/03/2004;26/03/2004;18,59;18,59;18,59;18,59
2004;3;147;27/03/2004;02/04/2004;18,59;18,59;18,59;18,59
2004;4;148;03/04/2004;09/04/2004;18,59;18,59;18,59;18,59
2004;4;149;10/04/2004;16/04/2004;18,59;18,59;18,59;18,59
2004;4;150;17/04/2004;23/04/2004;18,59;18,59;18,59;18,59
2004;4;151;24/04/2004;30/04/2004;18,59;18,59;18,59;18,59
2004;5;152;01/05/2004;07/05/2004;18,59;18,59;18,59;18,59
2004;5;153;08/05/2004;14/05/2004;18,59;18,59;18,59;18,59
2004;5;154;15/05/2004;21/05/2004;18,59;18,59;18,59;18,59
2004;5;155;22/05/2004;28/05/2004;18,59;18,59;18,59;18,59
2004;5;156;29/05/2004;04/06/2004;18,59;18,59;18,59;18,59
2004;6;157;05/06/2004;11/06/2004;18,59;18,59;18,59;18,59
2004;6;158;12/06/2004;18/06/2004;18,59;18,59;18,59;18,59
2004;6;159;19/06/2004;25/06/2004;18,59;18,59;18,59;18,59
2004;6;160;26/06/2004;02/07/2004;18,59;18,59;18,59;18,59
2004;7;161;03/07/2004;09/07/2004;18,59;18,59;18,59;18,59
2004;7;162;10/07/2004;16/07/2004;18,59;18,59;18,59;18,59
2004;7;163;17/07/2004;23/07/2004;18,59;18,59;18,59;18,59
2004;7;164;24/07/2004;30/07/2004;18,59;18,59;18,59;18,59
2004;7;165;31/07/2004;06/08/2004;18,59;18,59;18,59;18,59
2004;8;166;07/08/2004;13/08/2004;18,59;18,59;18,59;18,59
2004;8;167;14/08/2004;20/08/2004;18,59;18,59;18,59;18,59
2004;8;168;21/08/2004;27/08/2004;18,59;18,59;18,59;18,59
2004;8;169;28/08/2004;03/09/2004;18,59;18,59;18,59;18,59
2004;9;170;04/09/2004;10/09/2004;18,59;18,59;18,59;18,59
2004;9;171;11/09/2004;17/09/2004;18,59;18,59;18,59;18,59
2004;9;172;18/09/2004;24/09/2004;18,59;18,59;18,59;18,59
2004;9;173;25/09/2004;01/10/2004;18,59;18,59;18,59;18,59
2004;10;174;02/10/2004;08/10/2004;18,59;18,59;18,59;18,59
2004;10;175;09/10/2004;15/10/2004;19,32;19,32;18,59;19,32
2004;10;176;16/10/2004;22/10/2004;18,59;18,59;18,59;18,59
2004;10;177;23/10/2004;29/10/2004;18,59;18,59;18,59;18,59
2004;10;178;30/10/2004;05/11/2004;18,59;18,59;18,59;18,59
2004;11;179;06/11/2004;12/11/2004;18,59;18,59;18,59;18,59
2004;11;180;13/11/2004;19/11/2004;18,59;18,59;18,59;18,59
2004;11;181;20/11/2004;26/11/2004;18,59;18,59;18,59;18,59
2004;11;182;27/11/2004;03/12/2004;18,59;18,59;18,59;18,59
2004;12;183;04/12/2004;10/12/2004;18,59;18,59;18,59;18,59
2004;12;184;11/12/2004;17/12/2004;18,59;18,59;18,59;18,59
2004;12;185;18/12/2004;24/12/2004;18,59;18,59;18,59;18,59
2004;12;186;25/12/2004;31/12/2004;18,59;18,59;18,59;18,59
2005;1;187;01/01/2005;07/01/2005;18,33;18,33;18,33;18,33
2005;1;188;08/01/2005;14/01/2005;18,33;18,33;18,33;18,33
2005;1;189;15/01/2005;21/01/2005;18,33;18,33;18,33;18,33
2005;1;190;22/01/2005;28/01/2005;18,33;18,33;18,33;18,33
2005;1;191;29/01/2005;04/02/2005;18,33;18,33;18,33;18,33
2005;2;192;05/02/2005;11/02/2005;18,33;18,33;18,33;18,33
2005;2;193;12/02/2005;18/02/2005;18,33;18,33;18,33;18,33
2005;2;194;19/02/2005;25/02/2005;18,33;18,33;18,33;18,33
2005;2;195;26/02/2005;04/03/2005;18,33;24,6;18,33;18,33
2005;3;196;05/03/2005;11/03/2005;18,33;26,74;18,33;18,33
2005;3;197;12/03/2005;18/03/2005;18,33;25,1;18,33;18,33
2005;3;198;19/03/2005;25/03/2005;18,33;25,08;18,33;18,33
2005;3;199;26/03/2005;01/04/2005;18,33;32,28;18,33;18,33
2005;4;200;02/04/2005;08/04/2005;18,33;133,75;18,33;18,33
2005;4;201;09/04/2005;15/04/2005;19,83;37,81;18,33;18,33
2005;4;202;16/04/2005;22/04/2005;25,3;74;18,33;18,33
2005;4;203;23/04/2005;29/04/2005;33,69;98,93;18,33;20,09
2005;4;204;30/04/2005;06/05/2005;48,08;72,54;18,33;21,6
2005;5;205;07/05/2005;13/05/2005;42,25;98,08;18,33;20,89
2005;5;206;14/05/2005;20/05/2005;49,39;131,08;18,33;21,66
2005;5;207;21/05/2005;27/05/2005;45,6;47,91;18,33;18,33
2005;5;208;28/05/2005;03/06/2005;28,53;22,87;18,33;18,33
2005;6;209;04/06/2005;10/06/2005;18,33;18,33;18,33;18,33
2005;6;210;11/06/2005;17/06/2005;31,52;31,52;18,33;31,52
2005;6;211;18/06/2005;24/06/2005;30,3;27,15;18,33;30,3
2005;6;212;25/06/2005;01/07/2005;24,44;19,04;18,33;24,44
2005;7;213;02/07/2005;08/07/2005;26,36;26,32;18,33;26,36
2005;7;214;09/07/2005;15/07/2005;32,79;32,79;18,33;32,79
2005;7;215;16/07/2005;22/07/2005;35,45;35,45;18,33;35,45
2005;7;216;23/07/2005;29/07/2005;34,3;34,3;18,33;34,3
2005;7;217;30/07/2005;05/08/2005;28,67;28,67;18,33;28,67
2005;8;218;06/08/2005;12/08/2005;27,41;27,41;18,33;27,41
2005;8;219;13/08/2005;19/08/2005;37,72;37,72;18,33;37,72
2005;8;220;20/08/2005;26/08/2005;33,34;33,34;18,33;33,34
2005;8;221;27/08/2005;02/09/2005;47,44;47,44;19,41;47,44
2005;9;222;03/09/2005;09/09/2005;39,49;39,49;18,33;39,49
2005;9;223;10/09/2005;16/09/2005;32,08;27,21;18,33;32,08
2005;9;224;17/09/2005;23/09/2005;27,96;24,32;18,33;27,96
2005;9;225;24/09/2005;30/09/2005;23,8;21,52;18,33;23,8
2005;10;226;01/10/2005;07/10/2005;36,87;18,33;18,33;36,87
2005;10;227;08/10/2005;14/10/2005;40,61;20,56;18,33;40,61
2005;10;228;15/10/2005;21/10/2005;42,64;18,33;18,33;42,64
2005;10;229;22/10/2005;28/10/2005;49,91;18,33;19,5;49,91
2005;10;230;29/10/2005;04/11/2005;48,85;18,33;21,03;48,85
2005;11;231;05/11/2005;11/11/2005;32,19;18,33;18,58;32,19
2005;11;232;12/11/2005;18/11/2005;33,18;18,33;18,54;33,18
2005;11;233;19/11/2005;25/11/2005;36,7;33,37;21,36;36,7
2005;11;234;26/11/2005;02/12/2005;32,4;32,32;20,04;32,4
2005;12;235;03/12/2005;09/12/2005;18,33;18,33;18,33;18,33
2005;12;236;10/12/2005;16/12/2005;18,33;18,33;18,33;18,33
2005;12;237;17/12/2005;23/12/2005;18,33;18,33;18,33;18,33
2005;12;238;24/12/2005;30/12/2005;18,33;18,33;18,33;18,33
2005;12;239;31/12/2005;06/01/2006;16,92;16,92;16,92;16,92
2006;1;240;07/01/2006;13/01/2006;16,92;16,92;16,92;16,92
2006;1;241;14/01/2006;20/01/2006;16,92;16,92;16,92;16,92
2006;1;242;21/01/2006;27/01/2006;39,69;40,31;16,92;16,92
2006;1;243;28/01/2006;03/02/2006;68,04;68,04;34,12;34,12
2006;2;244;04/02/2006;10/02/2006;60,7;61,8;37,53;16,92
2006;2;245;11/02/2006;17/02/2006;85,25;85,25;44,93;44,93
2006;2;246;18/02/2006;24/02/2006;35,41;53,73;30,66;30,66
2006;2;247;25/02/2006;03/03/2006;38,26;43,13;39,91;16,92
2006;3;248;04/03/2006;10/03/2006;39,29;44,58;39,95;16,92
2006;3;249;11/03/2006;17/03/2006;16,92;44,83;39,18;16,92
2006;3;250;18/03/2006;24/03/2006;16,92;41,72;32,67;16,92
2006;3;251;25/03/2006;31/03/2006;36,89;39,31;30,97;25,88
2006;4;252;01/04/2006;07/04/2006;23,42;23,55;16,92;16,92
2006;4;253;08/04/2006;14/04/2006;21,47;21,94;16,92;16,92
2006;4;254;15/04/2006;21/04/2006;17,38;17,47;16,92;16,92
2006;4;255;22/04/2006;28/04/2006;16,92;16,92;16,92;16,92
2006;4;256;29/04/2006;05/05/2006;36,34;36,63;16,92;16,92
2006;5;257;06/05/2006;12/05/2006;49,11;49,42;18,9;17,14
2006;5;258;13/05/2006;19/05/2006;56,29;56,29;20,82;16,92
2006;5;259;20/05/2006;26/05/2006;55,63;56,38;20,25;16,92
2006;5;260;27/05/2006;02/06/2006;60;61,98;21,84;16,92
2006;6;261;03/06/2006;09/06/2006;61,86;63,92;22,38;16,92
2006;6;262;10/06/2006;16/06/2006;64,72;66,84;23,15;23,15
2006;6;263;17/06/2006;23/06/2006;74,19;76,86;24,4;74,19
2006;6;264;24/06/2006;30/06/2006;73,07;74,91;24,29;73,07
2006;7;265;01/07/2006;07/07/2006;92,72;93,9;28,72;92,72
2006;7;266;08/07/2006;14/07/2006;88,16;89,15;28,57;88,16
2006;7;267;15/07/2006;21/07/2006;85,43;85,43;28,42;85,43
2006;7;268;22/07/2006;28/07/2006;91,25;91,25;28,83;91,26
2006;7;269;29/07/2006;04/08/2006;105,25;105,71;49,03;105,25
2006;8;270;05/08/2006;11/08/2006;99,86;100,58;47,76;99,86
2006;8;271;12/08/2006;18/08/2006;99,09;99,09;48,85;99,09
2006;8;272;19/08/2006;25/08/2006;97,04;97,04;49,76;97,04
2006;8;273;26/08/2006;01/09/2006;126,82;126,82;64,89;126,82
2006;9;274;02/09/2006;08/09/2006;124,44;124,44;66,75;124,44
2006;9;275;09/09/2006;15/09/2006;116,71;116,71;66,48;116,71
2006;9;276;16/09/2006;22/09/2006;126,73;126,73;69,83;126,73
2006;9;277;23/09/2006;29/09/2006;129,42;129,42;74,03;129,42
2006;9;278;30/09/2006;06/10/2006;107,89;107,89;52,23;107,89
2006;10;279;07/10/2006;13/10/2006;113,51;113,51;52,62;113,51
2006;10;280;14/10/2006;20/10/2006;82,01;82,01;48,13;82,01
2006;10;281;21/10/2006;27/10/2006;81,32;81,32;45,52;81,32
2006;10;282;28/10/2006;03/11/2006;70,01;70,01;24,11;70,01
2006;11;283;04/11/2006;10/11/2006;94,81;94,81;33,29;94,81
2006;11;284;11/11/2006;17/11/2006;68,68;68,68;23,56;68,68
2006;11;285;18/11/2006;24/11/2006;79,45;79,45;22,95;79,45
2006;11;286;25/11/2006;01/12/2006;85,79;85,79;16,92;85,79
2006;12;287;02/12/2006;08/12/2006;79,07;79,07;19,64;79,07
2006;12;288;09/12/2006;15/12/2006;70,11;70,11;16,92;70,11
2006;12;289;16/12/2006;22/12/2006;52,1;52,1;16,92;16,92
2006;12;290;23/12/2006;29/12/2006;36,44;36,79;16,92;16,92
2006;12;291;30/12/2006;05/01/2007;36,14;42,84;17,59;17,59
2007;1;292;06/01/2007;12/01/2007;26,49;37,58;17,59;17,59
2007;1;293;13/01/2007;19/01/2007;17,59;17,59;17,59;17,59
2007;1;294;20/01/2007;26/01/2007;17,59;17,59;17,59;17,59
2007;1;295;27/01/2007;02/02/2007;17,59;17,59;17,59;17,59
2007;2;296;03/02/2007;09/02/2007;17,59;17,59;17,59;17,59
2007;2;297;10/02/2007;16/02/2007;17,59;17,59;17,59;17,59
2007;2;298;17/02/2007;23/02/2007;17,59;17,59;17,59;17,59
2007;2;299;24/02/2007;02/03/2007;17,59;17,59;17,59;17,59
2007;3;300;03/03/2007;09/03/2007;17,59;17,59;17,59;17,59
2007;3;301;10/03/2007;16/03/2007;17,59;17,59;17,59;17,59
2007;3;302;17/03/2007;23/03/2007;17,59;17,59;17,59;17,59
2007;3;303;24/03/2007;30/03/2007;17,59;17,59;17,59;17,59
2007;3;304;31/03/2007;06/04/2007;17,59;17,59;17,59;17,59
2007;4;305;07/04/2007;13/04/2007;62,73;62,68;17,59;17,59
2007;4;306;14/04/2007;20/04/2007;53,82;53,76;33,94;17,59
2007;4;307;21/04/2007;27/04/2007;56,45;55,25;34,95;34,95
2007;4;308;28/04/2007;04/05/2007;54,74;54,7;43,73;43,73
2007;5;309;05/05/2007;11/05/2007;36,76;20,42;32,28;32,28
2007;5;310;12/05/2007;18/05/2007;44,21;19,63;36,76;36,76
2007;5;311;19/05/2007;25/05/2007;49,92;17,59;39,74;39,74
2007;5;312;26/05/2007;01/06/2007;120,62;17,59;119,72;119,72
2007;6;313;02/06/2007;08/06/2007;103,11;29,15;103,04;103,04
2007;6;314;09/06/2007;15/06/2007;116,74;54,21;116,57;116,57
2007;6;315;16/06/2007;22/06/2007;76,61;67,42;77,6;77,18
2007;6;316;23/06/2007;29/06/2007;82,92;81,49;83,66;83,58
2007;6;317;30/06/2007;06/07/2007;138,99;138,99;130,74;138,99
2007;7;318;07/07/2007;13/07/2007;141,98;141,98;131,97;141,98
2007;7;319;14/07/2007;20/07/2007;130,75;130,45;130,45;130,75
2007;7;320;21/07/2007;27/07/2007;117,02;116,47;117,02;117,02
2007;7;321;28/07/2007;03/08/2007;59,68;57,95;61,67;61,67
2007;8;322;04/08/2007;10/08/2007;29,13;17,59;35,27;29,57
2007;8;323;11/08/2007;17/08/2007;27,97;27,11;37,68;37,68
2007;8;324;18/08/2007;24/08/2007;34,09;33,88;41,68;40,96
2007;8;325;25/08/2007;31/08/2007;57,06;56,58;61,83;61,83
2007;9;326;01/09/2007;07/09/2007;128,2;128,2;126,55;128,2
2007;9;327;08/09/2007;14/09/2007;131,01;131,01;131,01;131,01
2007;9;328;15/09/2007;21/09/2007;147,57;148,7;147,37;147,57
2007;9;329;22/09/2007;28/09/2007;186,48;186,48;186,48;186,48
2007;9;330;29/09/2007;05/10/2007;167,25;167,25;167,25;167,25
2007;10;331;06/10/2007;12/10/2007;172,24;172,24;169,43;172,24
2007;10;332;13/10/2007;19/10/2007;205,77;205,77;205,77;205,77
2007;10;333;20/10/2007;26/10/2007;210,07;210,07;209,89;210,07
2007;10;334;27/10/2007;02/11/2007;237,66;237,66;237,66;237,66
2007;11;335;03/11/2007;09/11/2007;223,91;223,91;223,91;223,91
2007;11;336;10/11/2007;16/11/2007;181,42;181,42;181,42;181,42
2007;11;337;17/11/2007;23/11/2007;150,54;150,54;150,54;150,54
2007;11;338;24/11/2007;30/11/2007;169,55;169,55;169,55;169,55
2007;12;339;01/12/2007;07/12/2007;189,25;189,25;189,25;189,25
2007;12;340;08/12/2007;14/12/2007;212,2;212,2;212,2;212,2
2007;12;341;15/12/2007;21/12/2007;200,48;200,48;200,48;200,48
2007;12;342;22/12/2007;28/12/2007;199,76;199,76;199,76;199,76
2007;12;343;29/12/2007;04/01/2008;247,01;247,01;247,01;247,01
2008;1;344;05/01/2008;11/01/2008;473,14;473,14;473,14;473,14
2008;1;345;12/01/2008;18/01/2008;569,59;569,59;569,59;569,59
2008;1;346;19/01/2008;25/01/2008;569,59;569,59;548,14;569,59
2008;1;347;26/01/2008;01/02/2008;550,28;550,28;550,28;550,28
2008;2;348;02/02/2008;08/02/2008;255;255;256,05;255,06
2008;2;349;09/02/2008;15/02/2008;122,91;123,87;126,3;122,91
2008;2;350;16/02/2008;22/02/2008;160,7;160,7;180,33;160,7
2008;2;351;23/02/2008;29/02/2008;213,52;213,52;247,02;213,52
2008;3;352;01/03/2008;07/03/2008;139,01;139,05;135,46;135,46
2008;3;353;08/03/2008;14/03/2008;133,23;133,23;125,59;125,59
2008;3;354;15/03/2008;21/03/2008;174,63;176,82;167,72;167,72
2008;3;355;22/03/2008;28/03/2008;69,51;77,7;80,48;69,51
2008;3;356;29/03/2008;04/04/2008;84,47;89,33;85,29;59,96
2008;4;357;05/04/2008;11/04/2008;117,1;121,04;113,25;77,75
2008;4;358;12/04/2008;18/04/2008;68,38;71,89;68,38;49,24
2008;4;359;19/04/2008;25/04/2008;32;35,65;48,28;32
2008;4;360;26/04/2008;02/05/2008;40,47;40,49;41,4;30,16
2008;5;361;03/05/2008;09/05/2008;29,05;29,05;29,36;24,33
2008;5;362;10/05/2008;16/05/2008;15,47;15,47;15,47;15,47
2008;5;363;17/05/2008;23/05/2008;34,04;34,04;34,34;27,51
2008;5;364;24/05/2008;30/05/2008;50,52;50,52;51,16;38,22
2008;5;365;31/05/2008;06/06/2008;76,2;76,2;71,93;71,93
2008;6;366;07/06/2008;13/06/2008;76,2;76,2;76,2;76,2
2008;6;367;14/06/2008;20/06/2008;70,41;70,41;70,41;70,41
2008;6;368;21/06/2008;27/06/2008;76,83;76,83;76,83;76,83
2008;6;369;28/06/2008;04/07/2008;88,21;88,21;88,21;88,21
2008;7;370;05/07/2008;11/07/2008;91,37;91,37;91,37;91,37
2008;7;371;12/07/2008;18/07/2008;102,64;102,64;102,64;102,64
2008;7;372;19/07/2008;25/07/2008;110,35;110,35;110,35;110,35
2008;7;373;26/07/2008;01/08/2008;146,3;146,3;146,3;146,3
2008;8;374;02/08/2008;08/08/2008;138,69;138,69;138,69;138,69
2008;8;375;09/08/2008;15/08/2008;118,13;118,13;118,13;118,13
2008;8;376;16/08/2008;22/08/2008;79,16;77,05;79,16;79,16
2008;8;377;23/08/2008;29/08/2008;71,64;66,79;71,61;71,64
2008;8;378;30/08/2008;05/09/2008;93,55;93,25;93,55;93,55
2008;9;379;06/09/2008;12/09/2008;106,1;105,84;106,08;106,1
2008;9;380;13/09/2008;19/09/2008;119,11;118,04;119,06;119,11
2008;9;381;20/09/2008;26/09/2008;121,65;120,97;121,65;121,65
2008;9;382;27/09/2008;03/10/2008;100,48;100,48;100,48;100,48
2008;10;383;04/10/2008;10/10/2008;97,99;97,99;97,99;97,99
2008;10;384;11/10/2008;17/10/2008;75,46;74,34;75,46;75,46
2008;10;385;18/10/2008;24/10/2008;93,31;93,31;93,31;93,31
2008;10;386;25/10/2008;31/10/2008;99,48;99,48;99,48;99,48
2008;11;387;01/11/2008;07/11/2008;104,79;79,29;104,79;104,79
2008;11;388;08/11/2008;14/11/2008;118,37;104,08;118,37;118,37
2008;11;389;15/11/2008;21/11/2008;111,77;100,21;111,77;111,77
2008;11;390;22/11/2008;28/11/2008;92,69;91,04;92,69;92,69
2008;11;391;29/11/2008;05/12/2008;95,54;95,35;95,54;95,54
2008;12;392;06/12/2008;12/12/2008;103,51;103,51;103,51;103,51
2008;12;393;13/12/2008;19/12/2008;113,15;113,15;113,15;113,15
2008;12;394;20/12/2008;26/12/2008;91,57;91,57;91,57;91,57
2008;12;395;27/12/2008;02/01/2009;74,11;74,11;74,11;74,11
2009;1;396;03/01/2009;09/01/2009;28,13;28,13;26,55;26,55
2009;1;397;10/01/2009;16/01/2009;62,52;62,52;61,3;61,3
2009;1;398;17/01/2009;23/01/2009;139,48;139,48;125,44;125,68
2009;1;399;24/01/2009;30/01/2009;109,78;109,87;107,59;107,59
2009;1;400;31/01/2009;06/02/2009;65,31;65,31;16,31;16,31
2009;2;401;07/02/2009;13/02/2009;70,46;70,46;27,06;27,06
2009;2;402;14/02/2009;20/02/2009;56,42;84,61;43,46;43,46
2009;2;403;21/02/2009;27/02/2009;16,31;47,88;16,31;16,31
2009;2;404;28/02/2009;06/03/2009;63,39;63,39;61,01;61,01
2009;3;405;07/03/2009;13/03/2009;82,63;82,63;77,26;16,31
2009;3;406;14/03/2009;20/03/2009;107,86;107,86;95,85;16,31
2009;3;407;21/03/2009;27/03/2009;97,08;98,87;91,91;16,31
2009;3;408;28/03/2009;03/04/2009;106,11;106,11;97,75;16,31
2009;4;409;04/04/2009;10/04/2009;27,96;37,31;30,65;16,31
2009;4;410;11/04/2009;17/04/2009;49,88;49,97;16,31;16,31
2009;4;411;18/04/2009;24/04/2009;38,14;39,15;16,31;16,31
2009;4;412;25/04/2009;01/05/2009;45,48;45,7;16,31;16,31
2009;5;413;02/05/2009;08/05/2009;45,89;45,89;36,36;16,31
2009;5;414;09/05/2009;15/05/2009;36,28;36,57;28,82;16,31
2009;5;415;16/05/2009;22/05/2009;36,23;36,33;28,8;16,31
2009;5;416;23/05/2009;29/05/2009;37,12;37,12;29,6;16,31
2009;5;417;30/05/2009;05/06/2009;37,69;37,69;26,98;16,31
2009;6;418;06/06/2009;12/06/2009;34,99;34,99;25,56;16,31
2009;6;419;13/06/2009;19/06/2009;40,88;40,88;28,86;16,31
2009;6;420;20/06/2009;26/06/2009;42,75;42,75;30,27;30,27
2009;6;421;27/06/2009;03/07/2009;51,64;51,64;43,08;43,08
2009;7;422;04/07/2009;10/07/2009;38,92;38,92;30,4;30,4
2009;7;423;11/07/2009;17/07/2009;31,43;31,43;25,45;25,45
2009;7;424;18/07/2009;24/07/2009;20,77;20,77;17,32;17,32
2009;7;425;25/07/2009;31/07/2009;21,5;21,5;21,5;21,5
2009;8;426;01/08/2009;07/08/2009;16,31;16,31;16,31;16,31
2009;8;427;08/08/2009;14/08/2009;16,31;16,31;16,31;16,31
2009;8;428;15/08/2009;21/08/2009;16,31;16,31;16,31;16,31
2009;8;429;22/08/2009;28/08/2009;16,31;16,31;16,31;16,31
2009;8;430;29/08/2009;04/09/2009;16,31;16,31;16,31;16,31
2009;9;431;05/09/2009;11/09/2009;16,31;16,31;16,31;16,31
2009;9;432;12/09/2009;18/09/2009;16,31;16,31;16,31;16,31
2009;9;433;19/09/2009;25/09/2009;16,31;16,31;16,31;16,31
2009;9;434;26/09/2009;02/10/2009;16,31;16,31;16,31;16,31
2009;10;435;03/10/2009;09/10/2009;16,31;16,31;16,31;16,31
2009;10;436;10/10/2009;16/10/2009;16,31;16,31;16,31;16,31
2009;10;437;17/10/2009;23/10/2009;16,31;16,31;16,31;16,31
2009;10;438;24/10/2009;30/10/2009;16,31;16,31;16,31;16,31
2009;10;439;31/10/2009;06/11/2009;16,31;16,31;16,31;16,31
2009;11;440;07/11/2009;13/11/2009;16,31;16,31;16,31;16,31
2009;11;441;14/11/2009;20/11/2009;16,31;16,31;16,31;16,31
2009;11;442;21/11/2009;27/11/2009;16,31;16,31;16,31;16,31
2009;11;443;28/11/2009;04/12/2009;16,31;16,31;16,31;16,31
2009;12;444;05/12/2009;11/12/2009;16,31;16,31;16,31;16,31
2009;12;445;12/12/2009;18/12/2009;16,31;16,31;16,31;16,31
2009;12;446;19/12/2009;25/12/2009;16,31;16,31;16,31;16,31
2009;12;447;26/12/2009;01/01/2010;16,31;16,31;16,31;16,31
2010;1;448;02/01/2010;08/01/2010;12,8;12,8;12,8;12,8
2010;1;449;09/01/2010;15/01/2010;12,8;12,8;12,8;12,8
2010;1;450;16/01/2010;22/01/2010;12,8;12,8;12,8;12,8
2010;1;451;23/01/2010;29/01/2010;12,8;12,8;12,8;12,8
2010;1;452;30/01/2010;05/02/2010;12,8;12,8;12,8;12,8
2010;2;453;06/02/2010;12/02/2010;12,8;12,8;12,8;12,8
2010;2;454;13/02/2010;19/02/2010;12,8;12,8;14,84;12,8
2010;2;455;20/02/2010;26/02/2010;12,8;12,8;16,97;12,8
2010;2;456;27/02/2010;05/03/2010;28,62;28,62;34,59;28,62
2010;3;457;06/03/2010;12/03/2010;15,85;15,85;20,89;15,85
2010;3;458;13/03/2010;19/03/2010;21,05;21,05;25,68;21,05
2010;3;459;20/03/2010;26/03/2010;35,82;35,82;35,94;35,82
2010;3;460;27/03/2010;02/04/2010;37,88;37,88;38,26;37,88
2010;4;461;03/04/2010;09/04/2010;21,34;21,34;26,6;21,34
2010;4;462;10/04/2010;16/04/2010;12,8;12,8;20,63;12,8
2010;4;463;17/04/2010;23/04/2010;23,97;23,97;24,05;23,96
2010;4;464;24/04/2010;30/04/2010;23,13;23,13;23,32;23,1
2010;5;465;01/05/2010;07/05/2010;23,8;19,94;25,02;23,8
2010;5;466;08/05/2010;14/05/2010;27,28;23,62;30,6;27,28
2010;5;467;15/05/2010;21/05/2010;32,9;32,9;34,48;32,9
2010;5;468;22/05/2010;28/05/2010;35,07;32,67;36,25;35,09
2010;5;469;29/05/2010;04/06/2010;56,48;56,48;56,48;56,48
2010;6;470;05/06/2010;11/06/2010;60,57;60,57;60,57;60,57
2010;6;471;12/06/2010;18/06/2010;59,8;59,8;59,8;59,8
2010;6;472;19/06/2010;25/06/2010;65,73;65,73;65,73;65,73
2010;6;473;26/06/2010;02/07/2010;100,56;100,56;110,68;110,68
2010;7;474;03/07/2010;09/07/2010;102,78;102,78;102,95;102,95
2010;7;475;10/07/2010;16/07/2010;96,21;96,21;98,66;98,66
2010;7;476;17/07/2010;23/07/2010;80,9;80,9;94,51;94,51
2010;7;477;24/07/2010;30/07/2010;73,15;73,14;89,21;89,21
2010;7;478;31/07/2010;06/08/2010;105,27;105,27;105,68;105,68
2010;8;479;07/08/2010;13/08/2010;125,3;125,3;125,75;125,75
2010;8;480;14/08/2010;20/08/2010;117,23;117,23;118,4;118,4
2010;8;481;21/08/2010;27/08/2010;123,44;123,44;123,98;123,91
2010;8;482;28/08/2010;03/09/2010;105,98;105,97;154,88;154,88
2010;9;483;04/09/2010;10/09/2010;126,25;125,41;174,53;174,53
2010;9;484;11/09/2010;17/09/2010;117,26;117,26;171,77;171,77
2010;9;485;18/09/2010;24/09/2010;132,62;132,09;187,76;187,76
2010;9;486;25/09/2010;01/10/2010;168,6;168,6;246,32;246,32
2010;10;487;02/10/2010;08/10/2010;140,59;140,59;221,61;221,61
2010;10;488;09/10/2010;15/10/2010;116,22;116,22;180,45;180,45
2010;10;489;16/10/2010;22/10/2010;143,33;143,33;257,54;257,54
2010;10;490;23/10/2010;29/10/2010;143,66;143,66;292,61;292,61
2010;10;491;30/10/2010;05/11/2010;148,25;148,25;148,25;148,25
2010;11;492;06/11/2010;12/11/2010;120,25;120,25;118,11;120,25
2010;11;493;13/11/2010;19/11/2010;126,57;126,57;125,73;126,57
2010;11;494;20/11/2010;26/11/2010;101,57;101,57;98,71;101,57
2010;11;495;27/11/2010;03/12/2010;80,25;80,25;78,01;80,25
2010;12;496;04/12/2010;10/12/2010;89,92;89,92;82,41;89,92
2010;12;497;11/12/2010;17/12/2010;75,41;75,41;72,65;75,41
2010;12;498;18/12/2010;24/12/2010;63,95;63,95;62,52;63,95
2010;12;499;25/12/2010;31/12/2010;53,36;53,36;53,15;53,36
2011;1;500;01/01/2011;07/01/2011;69;69;69;69
2011;1;501;08/01/2011;14/01/2011;12,08;12,08;12,08;12,08
2011;1;502;15/01/2011;21/01/2011;15,51;15,51;15,37;15,37
2011;1;503;22/01/2011;28/01/2011;21,83;21,83;21,83;21,83
2011;1;504;29/01/2011;04/02/2011;15,49;15,49;23,27;15,49
2011;2;505;05/02/2011;11/02/2011;37,78;37,78;37,78;37,78
2011;2;506;12/02/2011;18/02/2011;54,1;53,62;54,1;54,1
2011;2;507;19/02/2011;25/02/2011;63,3;45,69;62,54;62,54
2011;2;508;26/02/2011;04/03/2011;79,77;56,02;79,05;79,05
2011;3;509;05/03/2011;11/03/2011;12,08;12,08;12,08;12,08
2011;3;510;12/03/2011;18/03/2011;22,52;22,52;29,13;22,52
2011;3;511;19/03/2011;25/03/2011;12,99;12,99;13,5;12,99
2011;3;512;26/03/2011;01/04/2011;12,08;12,08;12,08;12,08
2011;4;513;02/04/2011;08/04/2011;12,08;12,08;12,08;12,08
2011;4;514;09/04/2011;15/04/2011;12,08;12,08;12,08;12,08
2011;4;515;16/04/2011;22/04/2011;12,08;12,08;12,08;12,08
2011;4;516;23/04/2011;29/04/2011;12,08;12,08;12,08;12,08
2011;4;517;30/04/2011;06/05/2011;15,54;15,54;15,57;15,54
2011;5;518;07/05/2011;13/05/2011;13,82;13,82;13,7;13,69
2011;5;519;14/05/2011;20/05/2011;15,48;15,48;15,48;15,48
2011;5;520;21/05/2011;27/05/2011;17,06;17,06;17,06;17,06
2011;5;521;28/05/2011;03/06/2011;30,01;30,01;29,44;29,44
2011;6;522;04/06/2011;10/06/2011;32,79;32,79;32,79;32,79
2011;6;523;11/06/2011;17/06/2011;34,95;34,95;34,95;34,95
2011;6;524;18/06/2011;24/06/2011;29,67;29,67;29,67;29,67
2011;6;525;25/06/2011;01/07/2011;30,41;30,41;30,41;30,41
2011;7;526;02/07/2011;08/07/2011;27,77;27,77;27,77;27,77
2011;7;527;09/07/2011;15/07/2011;23,14;23,14;23,14;23,14
2011;7;528;16/07/2011;22/07/2011;20,97;20,97;20,97;20,97
2011;7;529;23/07/2011;29/07/2011;19,29;19,29;19,51;19,5
2011;7;530;30/07/2011;05/08/2011;23,55;18,85;23,55;23,55
2011;8;531;06/08/2011;12/08/2011;16,17;12,6;16,17;16,17
2011;8;532;13/08/2011;19/08/2011;17,88;15,97;17,88;17,88
2011;8;533;20/08/2011;26/08/2011;24,11;19,3;24,11;24,11
2011;8;534;27/08/2011;02/09/2011;16,54;12,08;16,61;16,61
2011;9;535;03/09/2011;09/09/2011;17,2;12,08;17,2;17,2
2011;9;536;10/09/2011;16/09/2011;20,78;17,28;20,78;20,78
2011;9;537;17/09/2011;23/09/2011;23,56;19,66;23,56;23,56
2011;9;538;24/09/2011;30/09/2011;24,47;20,28;24,47;24,47
2011;10;539;01/10/2011;07/10/2011;42,97;42,81;42,97;42,97
2011;10;540;08/10/2011;14/10/2011;43,13;42,88;43,13;43,13
2011;10;541;15/10/2011;21/10/2011;38,43;38,43;38,45;38,43
2011;10;542;22/10/2011;28/10/2011;23,59;23,59;23,59;23,59
2011;10;543;29/10/2011;04/11/2011;38,21;38,21;38,21;38,21
2011;11;544;05/11/2011;11/11/2011;43,63;43,63;43,63;43,63
2011;11;545;12/11/2011;18/11/2011;39,47;39,47;39,47;39,47
2011;11;546;19/11/2011;25/11/2011;44,9;44,9;44,9;44,9
2011;11;547;26/11/2011;02/12/2011;63,59;63,59;63,59;63,59
2011;12;548;03/12/2011;09/12/2011;51,44;51,44;51,44;51,44
2011;12;549;10/12/2011;16/12/2011;35,12;35,12;28,8;28,8
2011;12;550;17/12/2011;23/12/2011;45,22;45,22;35,04;35,04
2011;12;551;24/12/2011;30/12/2011;40,23;40,23;29,63;29,63
2011;12;552;31/12/2011;06/01/2012;46,71;46,71;16,01;16,01
2012;1;553;07/01/2012;13/01/2012;29,28;29,28;12,2;12,2
2012;1;554;14/01/2012;20/01/2012;12,2;12,2;12,2;12,2
2012;1;555;21/01/2012;27/01/2012;12,2;12,2;12,2;12,2
2012;1;556;28/01/2012;03/02/2012;15,62;15,62;12,2;12,2
2012;2;557;04/02/2012;10/02/2012;36,88;36,88;12,2;12,2
2012;2;558;11/02/2012;17/02/2012;55,13;55,13;12,2;12,2
2012;2;559;18/02/2012;24/02/2012;62,77;62,77;12,2;12,2
2012;2;560;25/02/2012;02/03/2012;67,55;67,55;14,35;14,35
2012;3;561;03/03/2012;09/03/2012;97,15;97,15;86,52;86,52
2012;3;562;10/03/2012;16/03/2012;137,24;137,24;116,8;116,8
2012;3;563;17/03/2012;23/03/2012;140,63;140,63;119,17;119,17
2012;3;564;24/03/2012;30/03/2012;132,55;132,55;132,55;132,55
2012;3;565;31/03/2012;06/04/2012;185,65;185,65;168,38;168,38
2012;4;566;07/04/2012;13/04/2012;192,04;196,21;187,17;187,17
2012;4;567;14/04/2012;20/04/2012;202,08;210,95;180,89;180,89
2012;4;568;21/04/2012;27/04/2012;191,6;191,6;191,6;191,6
2012;4;569;28/04/2012;04/05/2012;189,07;189,07;184,51;184,51
2012;5;570;05/05/2012;11/05/2012;179,96;179,96;179,96;179,96
2012;5;571;12/05/2012;18/05/2012;170,51;170,51;170,51;170,51
2012;5;572;19/05/2012;25/05/2012;190,84;190,84;190,84;190,84
2012;5;573;26/05/2012;01/06/2012;177,28;177,28;177,28;177,28
2012;6;574;02/06/2012;08/06/2012;146,75;146,75;146,75;146,75
2012;6;575;09/06/2012;15/06/2012;147,83;147,83;147,83;147,83
2012;6;576;16/06/2012;22/06/2012;102,87;102,87;102,87;102,87
2012;6;577;23/06/2012;29/06/2012;76,95;76,95;77,62;76,95
2012;6;578;30/06/2012;06/07/2012;56,3;56,29;56,3;56,3
2012;7;579;07/07/2012;13/07/2012;95;95;95;95
2012;7;580;14/07/2012;20/07/2012;106,43;106,43;106,43;106,43
2012;7;581;21/07/2012;27/07/2012;103,86;103,86;103,86;103,86
2012;7;582;28/07/2012;03/08/2012;88,35;88,35;88,35;88,35
2012;8;583;04/08/2012;10/08/2012;106,59;106,59;106,59;106,59
2012;8;584;11/08/2012;17/08/2012;116,3;116,3;116,3;116,3
2012;8;585;18/08/2012;24/08/2012;128,76;128,64;128,76;128,76
2012;8;586;25/08/2012;31/08/2012;137,76;137,76;137,76;137,76
2012;9;587;01/09/2012;07/09/2012;173,95;173,95;173,95;173,95
2012;9;588;08/09/2012;14/09/2012;181,4;181,4;181,4;181,4
2012;9;589;15/09/2012;21/09/2012;190,19;190,19;190,19;190,19
2012;9;590;22/09/2012;28/09/2012;187,45;187,45;187,45;187,45
2012;9;591;29/09/2012;05/10/2012;180,51;180,51;184,15;184,15
2012;10;592;06/10/2012;12/10/2012;243,09;243,09;256,3;256,3
2012;10;593;13/10/2012;19/10/2012;322,49;322,49;329,04;329,04
2012;10;594;20/10/2012;26/10/2012;288,17;288,17;330,39;330,39
2012;10;595;27/10/2012;02/11/2012;361,89;361,89;361,89;361,89
2012;11;596;03/11/2012;09/11/2012;429,01;429,01;429,01;429,01
2012;11;597;10/11/2012;16/11/2012;451,82;451,82;451,82;451,82
2012;11;598;17/11/2012;23/11/2012;315,12;315,12;315,12;315,12
2012;11;599;24/11/2012;30/11/2012;310,18;310,18;310,18;310,18
2012;12;600;01/12/2012;07/12/2012;203,27;203,27;203,27;203,27
2012;12;601;08/12/2012;14/12/2012;271,65;271,65;271,65;271,65
2012;12;602;15/12/2012;21/12/2012;184,86;184,86;184,69;184,69
2012;12;603;22/12/2012;28/12/2012;343,4;343,4;315,53;315,53
2012;12;604;29/12/2012;04/01/2013;341,66;341,66;341,66;341,66
2013;1;605;05/01/2013;11/01/2013;554,82;554,82;551,68;551,68
2013;1;606;12/01/2013;18/01/2013;339,83;339,83;339,83;339,83
2013;1;607;19/01/2013;25/01/2013;479,82;479,82;478,5;478,5
2013;1;608;26/01/2013;01/02/2013;307,52;307,52;290,91;290,91
2013;2;609;02/02/2013;08/02/2013;174,99;174,99;174,99;174,99
2013;2;610;09/02/2013;15/02/2013;156,62;156,62;152,61;152,61
2013;2;611;16/02/2013;22/02/2013;214,62;214,62;213,35;213,35
2013;2;612;23/02/2013;01/03/2013;312,59;312,59;312,59;312,59
2013;3;613;02/03/2013;08/03/2013;373,9;373,9;372,56;372,56
2013;3;614;09/03/2013;15/03/2013;341,98;341,98;341,75;341,75
2013;3;615;16/03/2013;22/03/2013;338,89;338,89;338,89;338,89
2013;3;616;23/03/2013;29/03/2013;319,56;319,56;321,51;319,56
2013;3;617;30/03/2013;05/04/2013;299,64;299,64;299,64;299,64
2013;4;618;06/04/2013;12/04/2013;189,11;189,11;189,79;189,11
2013;4;619;13/04/2013;19/04/2013;150,3;150,3;151,25;150,3
2013;4;620;20/04/2013;26/04/2013;128,33;128,33;131,47;128,33
2013;4;621;27/04/2013;03/05/2013;277,68;277,68;278,7;277,68
2013;5;622;04/05/2013;10/05/2013;349,42;348,25;345,77;345,77
2013;5;623;11/05/2013;17/05/2013;356,57;356,57;356,57;356,57
2013;5;624;18/05/2013;24/05/2013;354,32;354,32;354,32;354,32
2013;5;625;25/05/2013;31/05/2013;356,02;356,02;356,02;356,02
2013;6;626;01/06/2013;07/06/2013;323,54;323,54;323,54;323,54
2013;6;627;08/06/2013;14/06/2013;180,62;180,62;181,1;180,62
2013;6;628;15/06/2013;21/06/2013;192,06;192,06;192,06;192,06
2013;6;629;22/06/2013;28/06/2013;166,07;165,94;166,07;166,07
2013;6;630;29/06/2013;05/07/2013;97,15;55,54;99,43;97,58
2013;7;631;06/07/2013;12/07/2013;106,35;73,76;106,35;106,35
2013;7;632;13/07/2013;19/07/2013;123,73;100,14;123,73;123,73
2013;7;633;20/07/2013;26/07/2013;128,18;128,18;128,18;128,18
2013;7;634;27/07/2013;02/08/2013;153,04;153,04;153,04;153,04
2013;8;635;03/08/2013;09/08/2013;165,67;165,67;165,67;165,67
2013;8;636;10/08/2013;16/08/2013;147,27;96,7;149,1;147,27
2013;8;637;17/08/2013;23/08/2013;172,59;162,66;174,37;172,59
2013;8;638;24/08/2013;30/08/2013;157,3;139,82;159,49;157,3
2013;8;639;31/08/2013;06/09/2013;258,13;251,28;258,13;258,13
2013;9;640;07/09/2013;13/09/2013;270,23;260,95;270,23;270,23
2013;9;641;14/09/2013;20/09/2013;274,92;274,92;274,92;274,92
2013;9;642;21/09/2013;27/09/2013;260,92;247,45;272,51;272,51
2013;9;643;28/09/2013;04/10/2013;265,42;175,7;267,3;267,3
2013;10;644;05/10/2013;11/10/2013;242;93,11;254,75;242
2013;10;645;12/10/2013;18/10/2013;247,56;235,66;253,27;253,27
2013;10;646;19/10/2013;25/10/2013;249,21;243,87;270,87;249,21
2013;10;647;26/10/2013;01/11/2013;309,23;309,23;309,23;309,23
2013;11;648;02/11/2013;08/11/2013;316,38;316,38;316,38;316,38
2013;11;649;09/11/2013;15/11/2013;317,87;317,87;317,87;317,87
2013;11;650;16/11/2013;22/11/2013;336,58;336,58;336,58;336,58
2013;11;651;23/11/2013;29/11/2013;359,46;359,46;359,46;359,46
2013;11;652;30/11/2013;06/12/2013;309,62;309,62;309,62;309,62
2013;12;653;07/12/2013;13/12/2013;276,99;276,99;280,78;276,99
2013;12;654;14/12/2013;20/12/2013;308,1;308,1;309,33;308,1
2013;12;655;21/12/2013;27/12/2013;294,31;294,31;294,31;294,31
2013;12;656;28/12/2013;03/01/2014;249,92;249,92;249,92;249,92
2014;1;657;04/01/2014;10/01/2014;284,27;284,27;284,27;224,82
2014;1;658;11/01/2014;17/01/2014;388,98;388,98;391,8;388,98
2014;1;659;18/01/2014;24/01/2014;410,2;410,2;410,2;410,2
2014;1;660;25/01/2014;31/01/2014;484,43;484,43;486,59;484,43
2014;2;661;01/02/2014;07/02/2014;822,83;822,83;822,83;822,83
2014;2;662;08/02/2014;14/02/2014;822,83;822,83;740,56;205,95
2014;2;663;15/02/2014;21/02/2014;822,83;822,83;730,19;574,31
2014;2;664;22/02/2014;28/02/2014;822,83;822,83;730,17;205,95
2014;3;665;01/03/2014;07/03/2014;822,83;822,83;626,11;400,51
2014;3;666;08/03/2014;14/03/2014;822,83;822,83;725,25;684,39
2014;3;667;15/03/2014;21/03/2014;822,83;822,83;822,83;822,83
2014;3;668;22/03/2014;28/03/2014;822,83;822,83;822,83;822,83
2014;3;669;29/03/2014;04/04/2014;822,83;822,83;822,83;822,83
2014;4;670;05/04/2014;11/04/2014;822,83;822,83;822,4;755,37
2014;4;671;12/04/2014;18/04/2014;822,83;822,83;751,99;695,31
2014;4;672;19/04/2014;25/04/2014;822,83;822,83;695,92;665,37
2014;4;673;26/04/2014;02/05/2014;822,83;822,83;628,3;217,66
2014;5;674;03/05/2014;09/05/2014;792,95;792,95;697,82;226,71
2014;5;675;10/05/2014;16/05/2014;822,83;822,83;820,18;149,51
2014;5;676;17/05/2014;23/05/2014;822,83;822,83;822,83;147,66
2014;5;677;24/05/2014;30/05/2014;817,05;817,05;817,05;817,05
2014;5;678;31/05/2014;06/06/2014;577,65;577,65;577,39;577,39
2014;6;679;07/06/2014;13/06/2014;299,27;219,32;299,27;299,27
2014;6;680;14/06/2014;20/06/2014;384,12;15,62;384,12;384,12
2014;6;681;21/06/2014;27/06/2014;435,93;150,75;435,93;435,93
2014;6;682;28/06/2014;04/07/2014;368,53;15,62;368,53;368,53
2014;7;683;05/07/2014;11/07/2014;545,13;355,13;545,13;545,13
2014;7;684;12/07/2014;18/07/2014;651,08;650,1;651,08;651,08
2014;7;685;19/07/2014;25/07/2014;715,19;715,19;715,19;715,19
2014;7;686;26/07/2014;01/08/2014;581,9;581,9;581,9;581,9
2014;8;687;02/08/2014;08/08/2014;809,43;809,43;809,43;809,43
2014;8;688;09/08/2014;15/08/2014;649,96;649,96;649,96;649,96
2014;8;689;16/08/2014;22/08/2014;697,22;697,22;697,22;697,22
2014;8;690;23/08/2014;29/08/2014;695,03;695,03;695,03;695,03
2014;8;691;30/08/2014;05/09/2014;728,81;728,81;728,81;728,81
2014;9;692;06/09/2014;12/09/2014;703,31;703,31;703,31;703,31
2014;9;693;13/09/2014;19/09/2014;770,63;770,63;770,63;770,63
2014;9;694;20/09/2014;26/09/2014;745,91;745,91;745,91;745,91
2014;9;695;27/09/2014;03/10/2014;671,68;671,68;671,68;671,68
2014;10;696;04/10/2014;10/10/2014;697,51;496,95;697,51;697,51
2014;10;697;11/10/2014;17/10/2014;808,68;808,68;808,68;808,68
2014;10;698;18/10/2014;24/10/2014;822,83;822,83;822,83;822,83
2014;10;699;25/10/2014;31/10/2014;822,83;822,83;822,83;822,83
2014;11;700;01/11/2014;07/11/2014;822,83;822,83;822,83;822,83
2014;11;701;08/11/2014;14/11/2014;822,83;822,83;822,83;822,83
2014;11;702;15/11/2014;21/11/2014;822,83;822,83;822,83;822,83
2014;11;703;22/11/2014;28/11/2014;822,83;822,83;822,83;822,83
2014;11;704;29/11/2014;05/12/2014;548,75;548,75;548,75;548,75
2014;12;705;06/12/2014;12/12/2014;676,22;676,22;676,22;676,22
2014;12;706;13/12/2014;19/12/2014;658,05;658,05;658,05;658,05
2014;12;707;20/12/2014;26/12/2014;658,73;658,73;658,73;658,73
2014;12;708;27/12/2014;02/01/2015;388,48;388,48;388,48;388,48
2015;1;709;03/01/2015;09/01/2015;388,48;388,48;388,48;388,48
2015;1;710;10/01/2015;16/01/2015;388,48;388,48;388,48;388,48
2015;1;711;17/01/2015;23/01/2015;388,48;388,48;388,48;388,48
2015;1;712;24/01/2015;30/01/2015;388,48;388,48;388,48;388,48
2015;1;713;31/01/2015;06/02/2015;388,48;388,48;388,48;388,48
2015;2;714;07/02/2015;13/02/2015;388,48;388,48;388,48;388,48
2015;2;715;14/02/2015;20/02/2015;388,48;388,48;388,48;388,48
2015;2;716;21/02/2015;27/02/2015;388,48;388,48;388,48;388,48
2015;2;717;28/02/2015;06/03/2015;388,48;388,48;388,48;388,48
2015;3;718;07/03/2015;13/03/2015;388,48;388,48;388,48;355,45
2015;3;719;14/03/2015;20/03/2015;388,48;388,48;388,48;388,48
2015;3;720;21/03/2015;27/03/2015;388,48;388,48;388,48;388,48
2015;3;721;28/03/2015;03/04/2015;388,48;388,48;388,48;68,69
2015;4;722;04/04/2015;10/04/2015;388,48;388,48;388,48;92,03
2015;4;723;11/04/2015;17/04/2015;388,48;388,48;388,48;213,53
2015;4;724;18/04/2015;24/04/2015;388,48;388,48;388,48;108,95
2015;4;725;25/04/2015;01/05/2015;388,48;388,48;388,48;119,33
2015;5;726;02/05/2015;08/05/2015;388,48;388,48;388,48;100,06
2015;5;727;09/05/2015;15/05/2015;388,48;388,48;388,48;92,96
2015;5;728;16/05/2015;22/05/2015;388,48;388,48;388,48;133,55
2015;5;729;23/05/2015;29/05/2015;388,48;388,48;388,48;158,54
2015;6;730;01/06/2015;05/06/2015;375,81;375,81;375,81;375,81
2015;6;731;06/06/2015;12/06/2015;383,85;383,85;383,85;383,85
2015;6;732;13/06/2015;19/06/2015;360,54;360,54;360,54;360,54
2015;6;733;20/06/2015;26/06/2015;369,03;369,03;369,03;369,03
2015;6;734;27/06/2015;03/07/2015;378,01;378,01;378,01;378,01
2015;7;735;04/07/2015;10/07/2015;317,79;317,79;317,79;317,79
2015;7;736;11/07/2015;17/07/2015;231,65;231,65;238,74;231,65
2015;7;737;18/07/2015;24/07/2015;172,69;105,22;179,81;177,84
2015;7;738;25/07/2015;31/07/2015;178,63;95,04;180,61;178,63
2015;8;739;01/08/2015;07/08/2015;118,81;118,81;118,81;118,81
2015;8;740;08/08/2015;14/08/2015;129,52;129,52;129,52;129,52
2015;8;741;15/08/2015;21/08/2015;136,94;136,94;136,94;136,94
2015;8;742;22/08/2015;28/08/2015;139,91;139,91;139,91;139,91
2015;8;743;29/08/2015;04/09/2015;274,98;274,98;274,98;274,98
2015;9;744;05/09/2015;11/09/2015;245,97;245,97;245,97;245,97
2015;9;745;12/09/2015;18/09/2015;199,89;199,89;199,89;199,89
2015;9;746;19/09/2015;25/09/2015;222,23;222,23;222,23;222,23
2015;9;747;26/09/2015;02/10/2015;206,68;206,68;206,68;206,68
2015;10;748;03/10/2015;09/10/2015;217,18;217,18;217,18;217,18
2015;10;749;10/10/2015;16/10/2015;205,67;205,67;205,67;205,67
2015;10;750;17/10/2015;23/10/2015;207,24;192,4;207,24;207,24
2015;10;751;24/10/2015;30/10/2015;214,83;197,08;244,03;244,03
2015;10;752;31/10/2015;06/11/2015;245,3;187,89;245,3;245,3
2015;11;753;07/11/2015;13/11/2015;208,17;195,6;212,39;212,39
2015;11;754;14/11/2015;20/11/2015;188,81;188,81;274,91;274,91
2015;11;755;21/11/2015;27/11/2015;199,57;192,96;323,15;323,15
2015;11;756;28/11/2015;04/12/2015;149,49;149,49;371,08;196,62
2015;12;757;05/12/2015;11/12/2015;134,33;134,33;323,15;159,61
2015;12;758;12/12/2015;18/12/2015;110,1;98,39;309,97;175,7
2015;12;759;19/12/2015;25/12/2015;140,15;127,35;201,72;197,89
2015;12;760;26/12/2015;01/01/2016;50,59;50,59;344,41;109,12
2016;1;761;02/01/2016;08/01/2016;46,02;45,78;352,86;111,14
2016;1;762;09/01/2016;15/01/2016;35,76;35,76;318,24;85,28
2016;1;763;16/01/2016;22/01/2016;30,25;30,25;309,97;30,25
2016;1;764;23/01/2016;29/01/2016;30,25;30,25;304,41;30,25
2016;1;765;30/01/2016;05/02/2016;30,25;30,25;139,88;30,25
2016;2;766;06/02/2016;12/02/2016;30,25;30,25;111,65;30,25
2016;2;767;13/02/2016;19/02/2016;30,25;30,25;137,81;30,25
2016;2;768;20/02/2016;26/02/2016;30,25;30,25;243,41;30,25
2016;2;769;27/02/2016;04/03/2016;32,16;32,16;223,17;32,16
2016;3;770;05/03/2016;11/03/2016;51,93;51,93;240,34;51,93
2016;3;771;12/03/2016;18/03/2016;30,58;30,58;259,26;30,58
2016;3;772;19/03/2016;25/03/2016;30,25;30,25;248,6;30,25
2016;3;773;26/03/2016;01/04/2016;41,82;41,82;265,53;41,82
2016;4;774;02/04/2016;08/04/2016;43,13;43,13;276,82;43,13
2016;4;775;09/04/2016;15/04/2016;47,79;47,79;275,5;47,79
2016;4;776;16/04/2016;22/04/2016;51,45;51,45;262,72;51,45
2016;4;777;23/04/2016;29/04/2016;51,03;51,03;275,22;51,03
2016;4;778;30/04/2016;06/05/2016;86,45;86,45;103,2;87,9
2016;5;779;07/05/2016;13/05/2016;80,39;80,39;99,79;82,12
2016;5;780;14/05/2016;20/05/2016;74,51;72,54;99,79;76,7
2016;5;781;21/05/2016;27/05/2016;73,31;73,31;99,79;77,98
2016;5;782;28/05/2016;03/06/2016;59,68;55,8;143,67;143,67
2016;6;783;04/06/2016;10/06/2016;59,54;50,34;113,72;90,74
2016;6;784;11/06/2016;17/06/2016;58,29;50,22;130,78;87,19
2016;6;785;18/06/2016;24/06/2016;56,8;53,12;112,76;109,14
2016;6;786;25/06/2016;01/07/2016;72,94;72,94;104,13;104,13
2016;7;787;02/07/2016;08/07/2016;82,14;82,14;95,22;83,94
2016;7;788;09/07/2016;15/07/2016;86,22;86,22;108,91;108,91
2016;7;789;16/07/2016;22/07/2016;79,96;79,96;111,88;111,88
2016;7;790;23/07/2016;29/07/2016;77,36;77,36;117,05;117,05
2016;7;791;30/07/2016;05/08/2016;117,58;117,58;117,58;117,58
2016;8;792;06/08/2016;12/08/2016;117,44;117,44;117,44;117,44
2016;8;793;13/08/2016;19/08/2016;115,63;115,63;115,63;115,63
2016;8;794;20/08/2016;26/08/2016;94,51;94,51;111,74;111,74
2016;8;795;27/08/2016;31/08/2016;140,71;122,17;140,71;140,71
2016;9;796;01/09/2016;02/09/2016;140,71;122,17;140,71;140,71
2016;9;797;03/09/2016;09/09/2016;147,87;127,83;147,87;147,87
2016;9;798;10/09/2016;16/09/2016;148,26;135,69;148,26;148,26
2016;9;799;17/09/2016;23/09/2016;145,5;145,5;145,5;145,5
2016;9;800;24/09/2016;30/09/2016;155,22;155,22;155,22;155,22
2016;10;801;01/10/2016;07/10/2016;213,29;213,29;213,29;213,29
2016;10;802;08/10/2016;14/10/2016;214,32;214,32;214,32;214,32
2016;10;803;15/10/2016;21/10/2016;193,41;193,41;193,41;193,41
2016;10;804;22/10/2016;28/10/2016;165,81;165,81;165,81;165,81
2016;10;805;29/10/2016;31/10/2016;232,85;232,85;232,85;232,85
2016;11;806;01/11/2016;04/11/2016;178,59;178,59;178,59;178,59
2016;11;807;05/11/2016;11/11/2016;184,23;184,23;184,23;184,23
2016;11;808;12/11/2016;18/11/2016;169,9;169,9;169,9;169,9
2016;11;809;19/11/2016;25/11/2016;153,48;153,48;153,48;153,48
2016;11;810;26/11/2016;02/12/2016;142,85;142,85;142,85;142,85
2016;12;811;03/12/2016;09/12/2016;101,99;101,99;101,99;101,99
2016;12;812;10/12/2016;16/12/2016;121,56;121,56;121,56;121,56
2016;12;813;17/12/2016;23/12/2016;142,93;142,93;142,93;142,93
2016;12;814;24/12/2016;30/12/2016;113,62;113,62;113,62;113,62
2016;12;815;31/12/2016;06/01/2017;140,86;140,86;140,86;140,86
2017;1;816;07/01/2017;13/01/2017;101,24;101,24;124,05;101,24
2017;1;817;14/01/2017;20/01/2017;128,5;128,5;135,09;128,5
2017;1;818;21/01/2017;27/01/2017;129,9;129,9;138,94;129,9
2017;1;819;28/01/2017;03/02/2017;100,64;100,64;171,33;100,64
2017;2;820;04/02/2017;10/02/2017;111,91;111,91;171,33;111,91
2017;2;821;11/02/2017;17/02/2017;120,97;120,97;159,77;120,97
2017;2;822;18/02/2017;24/02/2017;132,38;132,38;148,93;33,68
2017;2;823;25/02/2017;03/03/2017;184,49;184,49;184,49;33,68
2017;3;824;04/03/2017;10/03/2017;185,06;185,06;185,06;33,68
2017;3;825;11/03/2017;17/03/2017;238,55;238,55;241,65;33,68
2017;3;826;18/03/2017;24/03/2017;219,1;219,1;386,46;33,68
2017;3;827;25/03/2017;31/03/2017;235,67;235,67;365,35;33,68
2017;4;828;01/04/2017;07/04/2017;426,1;426,1;430,14;33,68
2017;4;829;08/04/2017;14/04/2017;356,68;356,68;356,68;33,68
2017;4;830;15/04/2017;21/04/2017;350,66;350,66;350,66;33,68
2017;4;831;22/04/2017;28/04/2017;331,01;331,01;331,01;33,68
2017;4;832;29/04/2017;05/05/2017;448,58;448,58;448,58;33,68
2017;5;833;06/05/2017;12/05/2017;463,69;463,69;463,69;33,68
2017;5;834;13/05/2017;19/05/2017;477,5;477,5;477,5;145,62
2017;5;835;20/05/2017;26/05/2017;478,01;478,01;478,01;476,01
2017;5;836;27/05/2017;02/06/2017;118,77;118,77;157,33;118,77
2017;6;837;03/06/2017;09/06/2017;103,07;33,68;127,6;103,07
2017;6;838;10/06/2017;16/06/2017;93,9;33,68;123,25;93,9
2017;6;839;17/06/2017;23/06/2017;140,18;87;140,18;140,18
2017;6;840;24/06/2017;30/06/2017;160,62;91,44;178,85;178,85
2017;7;841;01/07/2017;07/07/2017;233,32;233,32;233,32;233,32
2017;7;842;08/07/2017;14/07/2017;253,45;253,45;253,45;253,45
2017;7;843;15/07/2017;21/07/2017;266,98;266,98;266,98;266,98
2017;7;844;22/07/2017;28/07/2017;269,76;269,76;269,76;269,76
2017;7;845;29/07/2017;04/08/2017;514,66;514,66;514,66;514,66
2017;8;846;05/08/2017;11/08/2017;533,82;533,82;533,82;533,82
2017;8;847;12/08/2017;18/08/2017;521,83;521,83;521,83;521,83
2017;8;848;19/08/2017;25/08/2017;505,61;505,61;505,61;505,61
2017;8;849;26/08/2017;01/09/2017;449,04;449,04;449,04;449,04
2017;9;850;02/09/2017;08/09/2017;494,46;494,46;494,46;494,46
2017;9;851;09/09/2017;15/09/2017;533,82;533,82;533,82;533,82
2017;9;852;16/09/2017;22/09/2017;533,82;533,82;533,82;533,82
2017;9;853;23/09/2017;29/09/2017;533,82;533,82;533,82;533,82
2017;9;854;30/09/2017;06/10/2017;533,82;533,82;533,82;533,82
2017;10;855;07/10/2017;13/10/2017;533,82;533,82;533,82;533,82
2017;10;856;14/10/2017;20/10/2017;533,82;533,82;533,82;533,82
2017;10;857;21/10/2017;27/10/2017;533,82;533,82;533,82;533,82
2017;10;858;28/10/2017;03/11/2017;533,82;533,82;533,82;533,82
2017;11;859;04/11/2017;10/11/2017;483,21;483,21;483,21;483,21
2017;11;860;11/11/2017;17/11/2017;481,66;481,66;481,66;481,66
2017;11;861;18/11/2017;24/11/2017;449,83;449,83;449,83;449,83
2017;11;862;25/11/2017;01/12/2017;208,53;208,52;208,53;208,53
2017;12;863;02/12/2017;08/12/2017;220,16;220,16;220,16;220,16
2017;12;864;09/12/2017;15/12/2017;214,51;214,51;214,51;214,51
2017;12;865;16/12/2017;22/12/2017;274,98;274,98;274,98;274,98
2017;12;866;23/12/2017;29/12/2017;245,63;245,63;245,63;245,63
2017;12;867;30/12/2017;05/01/2018;196,1;199,55;182,49;168,14
2018;1;868;06/01/2018;12/01/2018;176,64;178,67;179,91;165,52
2018;1;869;13/01/2018;19/01/2018;162,95;165,82;162,06;142,37
2018;1;870;20/01/2018;26/01/2018;192,89;191,89;190,37;145,6
2018;1;871;27/01/2018;02/02/2018;175,04;152,06;176,34;78,68
2018;2;872;03/02/2018;09/02/2018;179,42;178,5;176,42;40,16
2018;2;873;10/02/2018;16/02/2018;170,45;173,44;167,6;40,16
2018;2;874;17/02/2018;23/02/2018;210,79;214,37;184,27;40,16
2018;2;875;24/02/2018;02/03/2018;201,98;201,98;189,22;40,16
2018;3;876;03/03/2018;09/03/2018;223,21;223,21;223,21;40,16
2018;3;877;10/03/2018;16/03/2018;236,02;236,02;236,02;40,16
2018;3;878;17/03/2018;23/03/2018;219,5;219,5;218,38;40,16
2018;3;879;24/03/2018;30/03/2018;228,54;228,54;228,54;40,16
2018;3;880;31/03/2018;06/04/2018;40,16;40,16;40,16;40,16
2018;4;881;07/04/2018;13/04/2018;84,83;84,83;106,83;78,04
2018;4;882;14/04/2018;20/04/2018;122,73;122,73;122,73;49,29
2018;4;883;21/04/2018;27/04/2018;135,38;135,38;135,38;40,16
2018;4;884;28/04/2018;04/05/2018;216,86;216,86;154,51;40,16
2018;5;885;05/05/2018;11/05/2018;305,96;305,96;154,51;40,16
2018;5;886;12/05/2018;18/05/2018;326,46;326,46;165,95;114,9
2018;5;887;19/05/2018;25/05/2018;340,8;340,8;201,88;201,88
2018;5;888;26/05/2018;01/06/2018;402,29;402,29;380,73;380,73
2018;6;889;02/06/2018;08/06/2018;440,98;440,98;321,06;321,06
2018;6;890;09/06/2018;15/06/2018;472,21;472,21;463,52;463,52
2018;6;891;16/06/2018;22/06/2018;477,77;477,77;477,77;477,77
2018;6;892;23/06/2018;29/06/2018;505,18;505,18;505,18;505,18
2018;6;893;30/06/2018;06/07/2018;505,18;505,18;505,18;505,18
2018;7;894;07/07/2018;13/07/2018;505,18;505,18;505,18;505,18
2018;7;895;14/07/2018;20/07/2018;505,18;505,18;505,18;505,18
2018;7;896;21/07/2018;27/07/2018;505,18;505,18;505,18;505,18
2018;7;897;28/07/2018;03/08/2018;505,18;505,18;505,18;505,18
2018;8;898;04/08/2018;10/08/2018;505,18;505,18;505,18;505,18
2018;8;899;11/08/2018;17/08/2018;505,18;505,18;505,18;505,18
2018;8;900;18/08/2018;24/08/2018;505,18;505,18;505,18;505,18
2018;8;901;25/08/2018;31/08/2018;505,18;505,18;505,18;505,18
2018;9;902;01/09/2018;07/09/2018;486,25;486,25;486,25;489,78
2018;9;903;08/09/2018;14/09/2018;496,28;496,28;496,28;496,28
2018;9;904;15/09/2018;21/09/2018;491,71;491,71;491,71;491,71
2018;9;905;22/09/2018;28/09/2018;441,87;441,87;441,87;441,87
2018;9;906;29/09/2018;05/10/2018;386,47;386,47;386,47;386,47
2018;10;907;06/10/2018;12/10/2018;325,52;325,52;325,52;325,52
2018;10;908;13/10/2018;19/10/2018;270,28;270,28;270,28;270,28
2018;10;909;20/10/2018;26/10/2018;229,71;229,71;229,71;229,71
2018;10;910;27/10/2018;02/11/2018;142,4;142,4;142,4;142,4
2018;11;911;03/11/2018;09/11/2018;149,95;149,95;149,95;149,95
2018;11;912;10/11/2018;16/11/2018;120,77;120,77;120,77;120,77
2018;11;913;17/11/2018;23/11/2018;119,21;119,21;119,21;119,21
2018;11;914;24/11/2018;30/11/2018;100,72;100,72;100,72;100,72
2018;12;915;01/12/2018;07/12/2018;59,04;59,04;59,16;59,04
2018;12;916;08/12/2018;14/12/2018;66,13;66,13;66,41;66,13
2018;12;917;15/12/2018;21/12/2018;79,16;79,16;79,16;40,16
2018;12;918;22/12/2018;28/12/2018;87,21;87,21;87,21;40,16
2018;12;919;29/12/2018;04/01/2019;136,43;136,43;53,86;53,86
2019;1;920;05/01/2019;11/01/2019;138,8;138,8;103,89;103,89
2019;1;921;12/01/2019;18/01/2019;166,17;166,17;80,44;80,44
2019;1;922;19/01/2019;25/01/2019;178,76;178,76;42,35;42,35
2019;1;923;26/01/2019;01/02/2019;337,1;337,1;137,55;83,06
2019;2;924;02/02/2019;08/02/2019;451,57;451,57;141,05;42,35
2019;2;925;09/02/2019;15/02/2019;510,81;510,81;178,71;48,14
2019;2;926;16/02/2019;22/02/2019;472,96;472,96;164,36;42,35
2019;2;927;23/02/2019;01/03/2019;339,46;339,46;178,71;42,35
2019;3;928;02/03/2019;08/03/2019;251,81;251,81;164,36;42,35
2019;3;929;09/03/2019;15/03/2019;250,06;250,06;160,22;42,35
2019;3;930;16/03/2019;22/03/2019;199,09;199,09;160,22;42,35
2019;3;931;23/03/2019;29/03/2019;229,74;229,74;160,22;42,35
2019;3;932;30/03/2019;05/04/2019;210,52;210,52;42,35;42,35
2019;4;933;06/04/2019;12/04/2019;181,41;181,41;42,35;42,35
2019;4;934;13/04/2019;19/04/2019;186,94;186,94;42,35;42,35
2019;4;935;20/04/2019;26/04/2019;172,38;172,38;42,35;42,35
2019;4;936;27/04/2019;03/05/2019;142,12;142,12;42,35;42,35
2019;5;937;04/05/2019;10/05/2019;174,86;174,86;42,35;42,35
2019;5;938;11/05/2019;17/05/2019;98,21;98,21;42,35;42,35
2019;5;939;18/05/2019;24/05/2019;136,05;136,05;80,44;80,44
2019;5;940;25/05/2019;31/05/2019;128,33;128,33;42,35;42,35
2019;6;941;01/06/2019;07/06/2019;42,35;42,35;42,35;42,35
2019;6;942;08/06/2019;14/06/2019;42,35;42,35;42,35;42,35
2019;6;943;15/06/2019;21/06/2019;78,42;78,42;78,42;78,42
2019;6;944;22/06/2019;28/06/2019;124,92;124,92;124,92;124,92
2019;6;945;29/06/2019;05/07/2019;170,94;170,94;170,94;170,94
2019;7;946;06/07/2019;12/07/2019;177,6;177,6;177,6;177,6
2019;7;947;13/07/2019;19/07/2019;175,04;175,04;175,04;175,04
2019;7;948;20/07/2019;26/07/2019;186,18;186,18;186,18;186,18
2019;7;949;27/07/2019;02/08/2019;225;225;174,61;174,61
2019;8;950;03/08/2019;09/08/2019;236,35;236,35;217,98;217,98
2019;8;951;10/08/2019;16/08/2019;233,3;233,3;217,98;217,98
2019;8;952;17/08/2019;23/08/2019;241,04;241,04;223,39;223,39
2019;8;953;24/08/2019;30/08/2019;247,08;247,08;198,37;198,37
2019;8;954;31/08/2019;06/09/2019;200,69;200,69;200,34;200,34
2019;9;955;07/09/2019;13/09/2019;210,71;210,71;210,71;210,71
2019;9;956;14/09/2019;20/09/2019;225,55;225,55;221,28;221,28
2019;9;957;21/09/2019;27/09/2019;231,12;231,12;231,12;231,12
2019;9;958;28/09/2019;04/10/2019;238,02;238,02;238,02;238,02
2019;10;959;05/10/2019;11/10/2019;270,84;270,84;270,84;270,84
2019;10;960;12/10/2019;18/10/2019;273,52;273,52;273,52;273,52
2019;10;961;19/10/2019;25/10/2019;273,51;273,51;273,51;273,51
2019;10;962;26/10/2019;01/11/2019;301,65;301,65;301,65;301,65
2019;11;963;02/11/2019;08/11/2019;334,73;334,73;334,73;334,73
2019;11;964;09/11/2019;15/11/2019;308,2;308,2;308,2;308,2
2019;11;965;16/11/2019;22/11/2019;322,84;322,84;322,84;322,84
2019;11;966;23/11/2019;29/11/2019;317,33;317,33;317,33;317,33
2019;11;967;30/11/2019;06/12/2019;234,99;234,99;234,99;234,99
2019;12;968;07/12/2019;13/12/2019;217,57;217,57;217,57;217,57
2019;12;969;14/12/2019;20/12/2019;226,59;226,59;226,59;226,59
2019;12;970;21/12/2019;27/12/2019;195,13;195,13;195,13;195,13
2019;12;971;28/12/2019;03/01/2020;290,33;290,33;290,33;290,33
2020;1;972;04/01/2020;10/01/2020;368,51;368,51;368,51;368,51
2020;1;973;11/01/2020;17/01/2020;268,32;268,32;268,32;268,32
2020;1;974;18/01/2020;24/01/2020;355,42;355,42;355,42;355,42
2020;1;975;25/01/2020;31/01/2020;333;333;332,28;332,28
2020;2;976;01/02/2020;07/02/2020;190,96;191,01;190,96;190,96
2020;2;977;08/02/2020;14/02/2020;150,67;174,24;150,67;149,89
2020;2;978;15/02/2020;21/02/2020;146,13;171,14;144,93;132,63
2020;2;979;22/02/2020;28/02/2020;143,85;180,77;125,8;39,68
2020;2;980;29/02/2020;06/03/2020;58,6;66,78;58,6;57,34
2020;3;981;07/03/2020;13/03/2020;86,62;158,2;84,67;39,68
2020;3;982;14/03/2020;20/03/2020;100,86;224,12;98,97;39,68
2020;3;983;21/03/2020;27/03/2020;101,98;201,83;39,68;39,68
2020;3;984;28/03/2020;03/04/2020;39,68;39,68;39,68;39,68
2020;4;985;04/04/2020;10/04/2020;39,68;39,68;39,68;39,68
2020;4;986;11/04/2020;17/04/2020;39,68;39,68;39,68;39,68
2020;4;987;18/04/2020;24/04/2020;39,68;39,68;39,68;39,68
2020;4;988;25/04/2020;01/05/2020;39,68;39,68;39,68;39,68
2020;5;989;02/05/2020;08/05/2020;53,85;53,85;39,68;39,68
2020;5;990;09/05/2020;15/05/2020;61,33;61,33;39,68;39,68
2020;5;991;16/05/2020;22/05/2020;78,88;78,88;39,68;39,68
2020;5;992;23/05/2020;29/05/2020;91,41;91,41;39,68;39,68
2020;5;993;30/05/2020;05/06/2020;104,09;104,09;39,68;39,68
2020;6;994;06/06/2020;12/06/2020;114,92;114,92;39,68;39,68
2020;6;995;13/06/2020;19/06/2020;127,68;127,68;86,21;86,21
2020;6;996;20/06/2020;26/06/2020;117,82;117,82;89,07;89,07
2020;6;997;27/06/2020;03/07/2020;96,57;96,57;90,69;94,82
2020;7;998;04/07/2020;10/07/2020;83,69;83,69;83,69;83,69
2020;7;999;11/07/2020;17/07/2020;85,45;85,45;85,35;85,45
2020;7;1000;18/07/2020;24/07/2020;90,32;90,32;89,9;90,32
2020;7;1001;25/07/2020;31/07/2020;93,25;93,25;80,93;93,25
2020;8;1002;01/08/2020;07/08/2020;92,98;92,98;73,03;92,98
2020;8;1003;08/08/2020;14/08/2020;103,18;103,18;76,71;103,18
2020;8;1004;15/08/2020;21/08/2020;94,16;94,16;73,86;94,16
2020;8;1005;22/08/2020;28/08/2020;58,27;58,27;56,82;58,27
2020;8;1006;29/08/2020;04/09/2020;66,89;66,89;51,88;66,89
2020;9;1007;05/09/2020;11/09/2020;76,24;76,24;55,23;76,24
2020;9;1008;12/09/2020;18/09/2020;88,98;88,98;63,42;88,98
2020;9;1009;19/09/2020;25/09/2020;105,54;105,54;68,71;105,54
2020;9;1010;26/09/2020;02/10/2020;172,67;172,67;160,33;172,67
2020;10;1011;03/10/2020;09/10/2020;261,89;261,89;164,86;261,89
2020;10;1012;10/10/2020;16/10/2020;281,43;281,43;170,66;281,43
2020;10;1013;17/10/2020;23/10/2020;315,94;315,94;219,01;315,94
2020;10;1014;24/10/2020;30/10/2020;317,03;317,03;185,11;317,03
2020;10;1015;31/10/2020;06/11/2020;370,77;370,77;150,6;370,77
2020;11;1016;07/11/2020;13/11/2020;559,75;559,75;196,76;559,75
2020;11;1017;14/11/2020;20/11/2020;476,59;476,59;276,71;476,59
2020;11;1018;21/11/2020;27/11/2020;559,75;559,75;196,29;559,75
2020;11;1019;28/11/2020;04/12/2020;559,75;559,75;559,75;559,75
2020;12;1020;05/12/2020;11/12/2020;210,74;210,74;200,33;210,74
2020;12;1021;12/12/2020;18/12/2020;264,24;264,24;264,24;264,24
2020;12;1022;19/12/2020;25/12/2020;198,36;198,36;197,79;198,36
2020;12;1023;26/12/2020;01/01/2021;220,89;220,89;220,89;220,89
2021;1;1024;02/01/2021;08/01/2021;297,43;297,43;291,83;297,43
2021;1;1025;09/01/2021;15/01/2021;306,12;306,12;306,11;306,11
2021;1;1026;16/01/2021;22/01/2021;215,56;214,3;214,19;214,29
2021;1;1027;23/01/2021;29/01/2021;184,35;178,85;178,41;178,81
2021;1;1028;30/01/2021;05/02/2021;152,1;141,53;146,43;146,43
2021;2;1029;06/02/2021;12/02/2021;170,45;169,7;170,42;170,42
2021;2;1030;13/02/2021;19/02/2021;173,37;173,36;173,51;173,37
2021;2;1031;20/02/2021;26/02/2021;184,15;184,44;184,05;184,03
2021;2;1032;27/02/2021;05/03/2021;119,64;123,01;63,42;61,47
2021;3;1033;06/03/2021;12/03/2021;70,71;71,37;60,03;52,49
2021;3;1034;13/03/2021;19/03/2021;117,4;118,38;85,41;54,41
2021;3;1035;20/03/2021;26/03/2021;126,23;127,56;83,98;49,77
2021;3;1036;27/03/2021;02/04/2021;99,96;100,28;88,19;56,42
2021;4;1037;03/04/2021;09/04/2021;125,43;126,8;50,03;49,77
2021;4;1038;10/04/2021;16/04/2021;108,77;115,38;66,47;49,77
2021;4;1039;17/04/2021;23/04/2021;161,94;165,53;133,06;115,01
2021;4;1040;24/04/2021;30/04/2021;146,95;153,74;109,19;102,38
2021;5;1041;01/05/2021;07/05/2021;207,05;239,8;149,74;146,5
2021;5;1042;08/05/2021;14/05/2021;191,8;192,04;151,85;153,01
2021;5;1043;15/05/2021;21/05/2021;230,39;230,41;207,93;207,96
2021;5;1044;22/05/2021;28/05/2021;231,73;231,73;221,99;222,99
2021;5;1045;29/05/2021;04/06/2021;252,82;252,82;250,52;250,77
2021;6;1046;05/06/2021;11/06/2021;276,15;276,15;271,74;273,07
2021;6;1047;12/06/2021;18/06/2021;284,47;284,47;282,85;284,28
2021;6;1048;19/06/2021;25/06/2021;321,3;321,3;293,7;320,69
2021;6;1049;26/06/2021;02/07/2021;583,88;583,88;583,88;583,88
2021;7;1050;03/07/2021;09/07/2021;583,88;583,88;583,88;583,88
2021;7;1051;10/07/2021;16/07/2021;583,88;583,88;583,88;583,88
2021;7;1052;17/07/2021;23/07/2021;583,88;583,88;583,88;583,88
2021;7;1053;24/07/2021;30/07/2021;583,88;583,88;583,88;583,88
2021;7;1054;31/07/2021;06/08/2021;583,88;583,88;583,88;583,88
2021;8;1055;07/08/2021;13/08/2021;583,88;583,88;583,88;583,88
2021;8;1056;14/08/2021;20/08/2021;583,88;583,88;583,88;583,88
2021;8;1057;21/08/2021;27/08/2021;583,88;583,88;583,88;583,88
2021;8;1058;28/08/2021;03/09/2021;583,88;583,88;583,88;583,88
2021;9;1059;04/09/2021;10/09/2021;583,88;583,88;583,88;583,88
2021;9;1060;11/09/2021;17/09/2021;583,88;583,88;583,88;583,88
2021;9;1061;18/09/2021;24/09/2021;583,88;583,88;583,88;583,88
2021;9;1062;25/09/2021;01/10/2021;549,01;549,01;518,89;549,01
2021;10;1063;02/10/2021;08/10/2021;452,28;452,28;450,72;452,28
2021;10;1064;09/10/2021;15/10/2021;209,43;209,43;209,43;209,43
2021;10;1065;16/10/2021;22/10/2021;177,38;177,38;177,38;177,38
2021;10;1066;23/10/2021;29/10/2021;161,22;161,22;161,22;161,22
2021;10;1067;30/10/2021;05/11/2021;101,07;101,07;101,07;101,07
2021;11;1068;06/11/2021;12/11/2021;107,09;107,09;107,09;107,09
2021;11;1069;13/11/2021;19/11/2021;74,13;74,13;74,01;74,13
2021;11;1070;20/11/2021;26/11/2021;94,1;94,1;94,09;94,1
2021;11;1071;27/11/2021;03/12/2021;50,79;50,79;50,79;50,79
2021;12;1072;04/12/2021;10/12/2021;59,15;59,15;59,15;59,15
2021;12;1073;11/12/2021;17/12/2021;82,26;82,26;82,26;82,26
2021;12;1074;18/12/2021;24/12/2021;66,34;66,34;66,32;66,32
2021;12;1075;25/12/2021;31/12/2021;65,5;65,5;64,59;63,93
2022;1;1076;01/01/2022;07/01/2022;69,7;69,71;61,92;55,73
2022;1;1077;08/01/2022;14/01/2022;57,09;57,11;56,22;55,7
2022;1;1078;15/01/2022;21/01/2022;62,1;62,13;55,7;55,7
2022;1;1079;22/01/2022;28/01/2022;65,82;65,82;55,7;55,7
2022;1;1080;29/01/2022;04/02/2022;55,7;55,7;55,7;55,7
2022;2;1081;05/02/2022;11/02/2022;55,7;55,7;55,7;55,7
2022;2;1082;12/02/2022;18/02/2022;55,7;55,7;55,7;55,7
2022;2;1083;19/02/2022;25/02/2022;55,7;55,7;55,7;55,7
2022;2;1084;26/02/2022;04/03/2022;55,7;55,7;55,7;55,7
2022;3;1085;05/03/2022;11/03/2022;55,7;55,7;55,7;55,7
2022;3;1086;12/03/2022;18/03/2022;55,7;55,7;55,7;55,7
2022;3;1087;19/03/2022;25/03/2022;55,7;55,7;55,7;55,7
2022;3;1088;26/03/2022;01/04/2022;55,7;55,7;55,7;55,7
2022;4;1089;02/04/2022;08/04/2022;55,7;55,7;55,7;55,7
2022;4;1090;09/04/2022;15/04/2022;55,7;55,7;55,7;55,7
2022;4;1091;16/04/2022;22/04/2022;55,7;55,7;55,7;55,7
2022;4;1092;23/04/2022;29/04/2022;55,7;55,7;55,7;55,7
2022;4;1093;30/04/2022;06/05/2022;55,7;55,7;55,7;55,7
2022;5;1094;07/05/2022;13/05/2022;55,7;55,7;55,7;55,7
2022;5;1095;14/05/2022;20/05/2022;55,7;55,7;55,7;55,7
2022;5;1096;21/05/2022;27/05/2022;55,7;55,7;55,7;55,7
2022;5;1097;28/05/2022;03/06/2022;55,7;55,7;55,7;55,7
2022;6;1098;04/06/2022;10/06/2022;55,76;55,76;55,76;55,76
2022;6;1099;11/06/2022;17/06/2022;55,7;55,7;55,7;55,7
2022;6;1100;18/06/2022;24/06/2022;55,7;55,7;55,7;55,7
2022;6;1101;25/06/2022;01/07/2022;55,7;55,7;55,7;55,7
2022;7;1102;02/07/2022;08/07/2022;57,17;57,17;57,16;57,17
2022;7;1103;09/07/2022;15/07/2022;59;59;59;59
2022;7;1104;16/07/2022;22/07/2022;68,82;68,82;68,76;68,82
2022;7;1105;23/07/2022;29/07/2022;71,35;71,35;71,35;71,35
2022;7;1106;30/07/2022;05/08/2022;110,92;110,92;110,9;110,92
2022;8;1107;06/08/2022;12/08/2022;91,03;91,03;91,03;91,03
2022;8;1108;13/08/2022;19/08/2022;69,36;69,36;69,36;69,36
2022;8;1109;20/08/2022;26/08/2022;56,26;56,26;56,26;56,26
2022;8;1110;27/08/2022;02/09/2022;59,93;59,93;59,93;59,93
2022;9;1111;03/09/2022;09/09/2022;55,7;55,7;55,7;55,7
2022;9;1112;10/09/2022;16/09/2022;55,7;55,7;55,7;55,7
2022;9;1113;17/09/2022;23/09/2022;55,7;55,7;55,7;55,7
2022;9;1114;24/09/2022;30/09/2022;55,7;55,7;55,7;55,7
2022;10;1115;01/10/2022;07/10/2022;55,7;55,7;55,7;55,7
2022;10;1116;08/10/2022;14/10/2022;55,7;55,7;55,7;55,7
2022;10;1117;15/10/2022;21/10/2022;55,7;55,7;55,7;55,7
2022;10;1118;22/10/2022;28/10/2022;55,7;55,7;55,7;55,7
2022;10;1119;29/10/2022;04/11/2022;55,7;55,7;55,7;55,7
2022;11;1120;05/11/2022;11/11/2022;55,7;55,7;55,7;55,7
2022;11;1121;12/11/2022;18/11/2022;55,7;55,7;55,7;55,7
2022;11;1122;19/11/2022;25/11/2022;55,7;55,7;55,7;55,7
2022;11;1123;26/11/2022;02/12/2022;55,7;55,7;55,7;55,7
2022;12;1124;03/12/2022;09/12/2022;55,7;55,7;55,7;55,7
2022;12;1125;10/12/2022;16/12/2022;55,7;55,7;55,7;55,7
2022;12;1126;17/12/2022;23/12/2022;55,7;55,7;55,7;55,7
2022;12;1127;24/12/2022;30/12/2022;55,7;55,7;55,7;55,7
2022;12;1128;31/12/2022;06/01/2023;67,13;67,13;67,13;67,13
2023;1;1129;07/01/2023;13/01/2023;69,04;69,04;69,04;69,04
2023;1;1130;14/01/2023;20/01/2023;69,04;69,04;69,04;69,04
2023;1;1131;21/01/2023;27/01/2023;69,04;69,04;69,04;69,04
2023;1;1132;28/01/2023;03/02/2023;69,04;69,04;69,04;69,04
2023;2;1133;04/02/2023;10/02/2023;69,04;69,04;69,04;69,04
2023;2;1134;11/02/2023;17/02/2023;69,04;69,04;69,04;69,04
2023;2;1135;18/02/2023;24/02/2023;69,04;69,04;69,04;69,04
2023;2;1136;25/02/2023;03/03/2023;69,04;69,04;69,04;69,04
2023;3;1137;04/03/2023;10/03/2023;69,04;69,04;69,04;69,04
2023;3;1138;11/03/2023;17/03/2023;69,04;69,04;69,04;69,04
2023;3;1139;18/03/2023;24/03/2023;69,04;69,04;69,04;69,04
2023;3;1140;25/03/2023;31/03/2023;69,04;69,04;69,04;69,04
2023;4;1141;01/04/2023;07/04/2023;69,04;69,04;69,04;69,04
2023;4;1142;08/04/2023;14/04/2023;69,04;69,04;69,04;69,04
2023;4;1143;15/04/2023;21/04/2023;69,04;69,04;69,04;69,04
2023;4;1144;22/04/2023;28/04/2023;69,04;69,04;69,04;69,04
2023;4;1145;29/04/2023;05/05/2023;69,04;69,04;69,04;69,04
2023;5;1146;06/05/2023;12/05/2023;69,04;69,04;69,04;69,04
2023;5;1147;13/05/2023;19/05/2023;69,04;69,04;69,04;69,04
2023;5;1148;20/05/2023;26/05/2023;69,04;69,04;69,04;69,04
2023;5;1149;27/05/2023;02/06/2023;69,04;69,04;69,04;69,04
2023;6;1150;03/06/2023;09/06/2023;69,04;69,04;69,04;69,04
2023;6;1151;10/06/2023;16/06/2023;69,04;69,04;69,04;69,04
2023;6;1152;17/06/2023;23/06/2023;69,04;69,04;69,04;69,04
2023;6;1153;24/06/2023;30/06/2023;69,04;69,04;69,04;69,04
2023;7;1154;01/07/2023;07/07/2023;69,04;69,04;69,04;69,04
2023;7;1155;08/07/2023;14/07/2023;69,04;69,04;69,04;69,04
2023;7;1156;15/07/2023;21/07/2023;69,04;69,04;69,04;69,04
2023;7;1157;22/07/2023;28/07/2023;69,04;69,04;69,04;69,04
2023;7;1158;29/07/2023;04/08/2023;69,04;69,04;69,04;69,04
2023;8;1159;05/08/2023;11/08/2023;69,04;69,04;69,04;69,04
2023;8;1160;12/08/2023;18/08/2023;69,04;69,04;69,04;69,04
2023;8;1161;19/08/2023;25/08/2023;69,04;69,04;69,04;69,04
2023;8;1162;26/08/2023;01/09/2023;69,04;69,04;69,04;69,04
2023;9;1163;02/09/2023;08/09/2023;69,04;69,04;69,04;69,04
2023;9;1164;09/09/2023;15/09/2023;69,04;69,04;69,04;69,04
2023;9;1165;16/09/2023;22/09/2023;69,04;69,04;69,04;69,04
2023;9;1166;23/09/2023;29/09/2023;117,59;117,59;117,59;117,59
2023;9;1167;30/09/2023;06/10/2023;71,6;71,6;71,6;71,6
2023;10;1168;07/10/2023;13/10/2023;69,04;69,04;69,04;69,04
2023;10;1169;14/10/2023;20/10/2023;69,04;69,04;69,04;69,04
2023;10;1170;21/10/2023;27/10/2023;87,51;87,51;87,51;87,51
2023;10;1171;28/10/2023;03/11/2023;73,72;73,72;73,72;73,72
2023;11;1172;04/11/2023;10/11/2023;69,04;69,04;69,04;69,04
2023;11;1173;11/11/2023;17/11/2023;122,46;122,46;122,46;122,46
2023;11;1174;18/11/2023;24/11/2023;81,46;81,46;81,46;81,46
2023;11;1175;25/11/2023;01/12/2023;69,04;69,04;69,04;69,04
2023;12;1176;02/12/2023;08/12/2023;73,04;73,04;73,04;73,04
2023;12;1177;09/12/2023;15/12/2023;69,04;69,04;69,04;69,04
2023;12;1178;16/12/2023;22/12/2023;87,42;87,42;87,42;87,42
2023;12;1179;23/12/2023;29/12/2023;69,04;69,04;69,04;69,04
2023;12;1180;30/12/2023;05/01/2024;63,35;63,35;63,35;63,35
2024;1;1181;06/01/2024;12/01/2024;61,07;61,07;61,07;61,07
2024;1;1182;13/01/2024;19/01/2024;61,07;61,07;61,07;61,07
2024;1;1183;20/01/2024;26/01/2024;61,38;61,38;61,38;61,38
2024;1;1184;27/01/2024;02/02/2024;61,07;61,07;61,07;61,07
2024;2;1185;03/02/2024;09/02/2024;61,07;61,07;61,07;61,07
2024;2;1186;10/02/2024;16/02/2024;61,07;61,07;61,07;61,07
2024;2;1187;17/02/2024;23/02/2024;61,07;61,07;61,07;61,07
2024;2;1188;24/02/2024;01/03/2024;61,6;61,6;61,6;61,6
2024;3;1189;02/03/2024;08/03/2024;61,07;61,07;61,07;61,07
2024;3;1190;09/03/2024;15/03/2024;61,07;61,07;61,07;61,07
2024;3;1191;16/03/2024;22/03/2024;61,07;61,07;61,07;61,07
2024;3;1192;23/03/2024;29/03/2024;61,07;61,07;61,07;61,07
2024;3;1193;30/03/2024;05/04/2024;61,07;61,07;61,07;61,07
2024;4;1194;06/04/2024;12/04/2024;61,07;61,07;61,07;61,07
2024;4;1195;13/04/2024;19/04/2024;61,07;61,07;61,07;61,07
2024;4;1196;20/04/2024;26/04/2024;61,07;61,07;61,07;61,07
2024;4;1197;27/04/2024;03/05/2024;61,07;61,07;61,07;61,07
2024;5;1198;04/05/2024;10/05/2024;61,07;61,07;61,07;61,07
2024;5;1199;11/05/2024;17/05/2024;61,07;61,07;61,07;61,07
2024;5;1200;18/05/2024;24/05/2024;61,07;61,07;61,07;61,07
2024;5;1201;25/05/2024;31/05/2024;61,07;61,07;61,07;61,07
2024;6;1202;01/06/2024;07/06/2024;61,07;61,07;61,07;61,07
2024;6;1203;08/06/2024;14/06/2024;61,07;61,07;61,07;61,07
2024;6;1204;15/06/2024;21/06/2024;61,07;61,07;61,07;61,07
2024;6;1205;22/06/2024;28/06/2024;71,39;71,39;71,39;71,39
2024;6;1206;29/06/2024;05/07/2024;112,96;112,94;108,64;112,97
2024;7;1207;06/07/2024;12/07/2024;96,63;96,62;94,39;96,64
2024;7;1208;13/07/2024;19/07/2024;78,81;78,8;76,49;78,82
2024;7;1209;20/07/2024;26/07/2024;73,76;73,74;71,6;73,77
2024;7;1210;27/07/2024;02/08/2024;74,56;74,53;72,07;74,57
2024;8;1211;03/08/2024;09/08/2024;109,4;109,39;96,51;109,42
2024;8;1212;10/08/2024;16/08/2024;125,2;125,21;114,01;125,22
2024;8;1213;17/08/2024;23/08/2024;121,58;121,58;108,57;121,6
2024;8;1214;24/08/2024;30/08/2024;108,82;108,82;90,85;108,84
2024;8;1215;31/08/2024;06/09/2024;251,16;251,18;221,77;251,17
2024;9;1216;07/09/2024;13/09/2024;278,46;278,48;185,82;279,4
2024;9;1217;14/09/2024;20/09/2024;314,2;314,99;247,97;349,08
2024;9;1218;21/09/2024;27/09/2024;279,83;279,81;234,06;281,76
2024;9;1219;28/09/2024;04/10/2024;613,22;613,21;512,01;613,29
2024;10;1220;05/10/2024;11/10/2024;533,35;533,32;519,34;533,65
2024;10;1221;12/10/2024;18/10/2024;528,56;528,53;506,45;528,7
2024;10;1222;19/10/2024;25/10/2024;449,64;449,61;410,36;451,8
2024;10;1223;26/10/2024;01/11/2024;279,33;279,34;267,28;284,47
2024;11;1224;02/11/2024;08/11/2024;126,09;126,09;123,59;126,69
2024;11;1225;09/11/2024;15/11/2024;86,08;86,08;86,08;86,08
2024;11;1226;16/11/2024;22/11/2024;65,54;65,54;65,54;65,54
2024;11;1227;23/11/2024;29/11/2024;116,8;116,8;113,43;116,82
2024;11;1228;30/11/2024;06/12/2024;77,59;77,59;77,58;77,59
2024;12;1229;07/12/2024;13/12/2024;61,07;61,07;61,07;61,07
2024;12;1230;14/12/2024;20/12/2024;61,07;61,07;61,07;61,07
2024;12;1231;21/12/2024;27/12/2024;61,07;61,07;61,07;61,07
2024;12;1232;28/12/2024;03/01/2025;60,01;60,01;60,01;60,01
2025;1;1233;04/01/2025;10/01/2025;58,6;58,6;58,6;58,6
2025;1;1234;11/01/2025;17/01/2025;58,6;58,6;58,6;58,6
2025;1;1235;18/01/2025;24/01/2025;59,97;59,97;59,97;59,97
2025;1;1236;25/01/2025;31/01/2025;59,94;59,94;59,8;59,78
2025;2;1237;01/02/2025;07/02/2025;58,63;58,63;58,6;58,6
2025;2;1238;08/02/2025;14/02/2025;93,15;93,29;58,6;58,6
2025;2;1239;15/02/2025;21/02/2025;112,49;112,51;58,6;58,6
2025;2;1240;22/02/2025;28/02/2025;110,77;110,89;58,6;58,6
2025;3;1241;01/03/2025;07/03/2025;287,72;302,39;58,6;58,6
2025;3;1242;08/03/2025;14/03/2025;335,55;343,24;58,63;58,63
2025;3;1243;15/03/2025;21/03/2025;376,96;377,16;59,5;59,5
2025;3;1244;22/03/2025;28/03/2025;354;354,22;58,86;58,86
2025;3;1245;29/03/2025;04/04/2025;255,4;256,15;59;59
2025;4;1246;05/04/2025;11/04/2025;210,22;211,03;107,47;107,47
2025;4;1247;12/04/2025;18/04/2025;185,81;186,44;106,88;106,87
2025;4;1248;19/04/2025;25/04/2025;145,44;146,67;83,95;83,95
2025;4;1249;26/04/2025;02/05/2025;204,55;205,06;144,72;144,72
2025;5;1250;03/05/2025;09/05/2025;186,4;213,52;59,84;59,84
2025;5;1251;10/05/2025;16/05/2025;211,8;241,57;62,35;62,35
2025;5;1252;17/05/2025;23/05/2025;239,51;260,91;201,32;201,32
2025;5;1253;24/05/2025;30/05/2025;230,58;244,31;179,77;180,68
2025;5;1254;31/05/2025;06/06/2025;274,69;278,49;267,9;270,69
2025;6;1255;07/06/2025;13/06/2025;252,67;252,7;250,97;251,88
2025;6;1256;14/06/2025;20/06/2025;228,97;231,09;223,1;224,15
2025;6;1257;21/06/2025;27/06/2025;212,7;212,7;210,65;211,85
2025;6;1258;28/06/2025;04/07/2025;168,44;168,44;167,98;168,05
2025;7;1259;05/07/2025;11/07/2025;148,6;151,88;145,88;147,72
2025;7;1260;12/07/2025;18/07/2025;199,66;203,16;195,03;195,47
2025;7;1261;19/07/2025;25/07/2025;247,13;247,66;240,46;243,1
2025;7;1262;26/07/2025;01/08/2025;274,45;274,45;265,64;274,34
2025;8;1263;02/08/2025;08/08/2025;305,64;305,65;288,44;304,27
2025;8;1264;09/08/2025;15/08/2025;289,52;289,52;284,5;289,12
2025;8;1265;16/08/2025;22/08/2025;285,5;285,5;258,54;282,15
2025;8;1266;23/08/2025;29/08/2025;292,63;292,63;263,38;292,16
