id_subsistema;nom_subsistema;ena_data;ena_bruta_regiao_mwmed;ena_bruta_regiao_percentualmlt;ena_armazenavel_regiao_mwmed;ena_armazenavel_regiao_percentualmlt
N;NORTE;2025-01-01;9291.126;58.4991;9291.126;58.4991
NE;NORDESTE;2025-01-01;6223.848;46.1405;6213.838;46.0662
S;SUL;2025-01-01;8134.757;107.9106;7728.813;102.5256
SE;SUDESTE;2025-01-01;64049.939;97.1217;57714.139;87.5144
N;NORTE;2025-01-02;9603.048;60.463;9390.149;59.1225
NE;NORDESTE;2025-01-02;5758.234;42.6886;5747.509;42.6091
S;SUL;2025-01-02;8196.74;108.7328;7633.082;101.2557
SE;SUDESTE;2025-01-02;65769.473;99.7291;63619.009;96.4682
N;NORTE;2025-01-03;10016.821;63.0682;10016.821;63.0682
NE;NORDESTE;2025-01-03;6814.541;50.5196;6804.531;50.4453
S;SUL;2025-01-03;8331.427;110.5195;7633.728;101.2642
SE;SUDESTE;2025-01-03;67182.701;101.872;65202.929;98.87
N;NORTE;2025-01-04;10436.918;65.7132;10420.249;65.6083
NE;NORDESTE;2025-01-04;7209.904;53.4506;7184.879;53.2651
S;SUL;2025-01-04;7461.983;98.986;7093.374;94.0962
SE;SUDESTE;2025-01-04;67087.116;101.7271;64922.208;98.4443
N;NORTE;2025-01-05;10791.58;67.9463;10769.003;67.8041
NE;NORDESTE;2025-01-05;7746.611;57.4294;7719.441;57.228
S;SUL;2025-01-05;6583.374;87.3309;6330.565;83.9773
SE;SUDESTE;2025-01-05;66970.588;101.5504;64101.146;97.1993
N;NORTE;2025-01-06;11259.727;70.8938;11234.688;70.7362
NE;NORDESTE;2025-01-06;8370.697;62.0561;8348.532;61.8918
S;SUL;2025-01-06;5944.206;78.8521;5803.362;76.9838
SE;SUDESTE;2025-01-06;66844.101;101.3586;65365.315;99.1162
N;NORTE;2025-01-07;11757.973;74.0309;11728.65;73.8463
NE;NORDESTE;2025-01-07;8990.514;66.6511;8972.639;66.5186
S;SUL;2025-01-07;5463.798;72.4793;5346.586;70.9245
SE;SUDESTE;2025-01-07;66210.57;100.3979;64835.666;98.3131
N;NORTE;2025-01-08;12394.632;78.0395;12339.971;77.6953
NE;NORDESTE;2025-01-08;9555.221;70.8376;9543.781;70.7528
S;SUL;2025-01-08;5077.516;67.3551;4952.441;65.696
SE;SUDESTE;2025-01-08;66099.474;100.2295;64337.62;97.5579
N;NORTE;2025-01-09;12840.797;80.8486;12744.797;80.2442
NE;NORDESTE;2025-01-09;10138.732;75.1634;10116.567;74.9991
S;SUL;2025-01-09;4881.608;64.7563;4747.824;62.9817
SE;SUDESTE;2025-01-09;67446.888;102.2726;65361.066;99.1098
N;NORTE;2025-01-10;13369.926;84.1801;13209.267;83.1686
NE;NORDESTE;2025-01-10;10666.882;79.0789;10666.882;79.0789
S;SUL;2025-01-10;4645.839;61.6288;4485.151;59.4972
SE;SUDESTE;2025-01-10;67913.807;102.9806;64892.941;98.3999
N;NORTE;2025-01-11;14053.371;88.4833;13677.098;86.1142
NE;NORDESTE;2025-01-11;11622.138;86.1606;11565.653;85.7419
S;SUL;2025-01-11;4572.909;60.6613;4409.666;58.4959
SE;SUDESTE;2025-01-11;67728.593;102.6998;63864.138;96.8399
N;NORTE;2025-01-12;14978.397;94.3074;14506.292;91.3349
NE;NORDESTE;2025-01-12;12666.766;93.905;12252.066;90.8306
S;SUL;2025-01-12;4648.802;61.6681;4507.795;59.7976
SE;SUDESTE;2025-01-12;66268.645;100.486;61877.924;93.8281
N;NORTE;2025-01-13;15670.467;98.6649;15320.232;96.4597
NE;NORDESTE;2025-01-13;14105.46;104.5707;13877.375;102.8798
S;SUL;2025-01-13;4561.487;60.5098;4391.782;58.2586
SE;SUDESTE;2025-01-13;65535.77;99.3747;62512.215;94.79
N;NORTE;2025-01-14;16354.002;102.9686;16079.013;101.2372
NE;NORDESTE;2025-01-14;15751.324;116.7723;15523.239;115.0814
S;SUL;2025-01-14;4300.024;57.0414;4152.17;55.0801
SE;SUDESTE;2025-01-14;66504.228;100.8432;62733.151;95.125
N;NORTE;2025-01-15;16981.424;106.9189;16737.916;105.3858
NE;NORDESTE;2025-01-15;17596.327;130.4503;17240.972;127.8158
S;SUL;2025-01-15;4005.47;53.134;3882.285;51.5
SE;SUDESTE;2025-01-15;70115.045;106.3184;65419.98;99.1991
N;NORTE;2025-01-16;17717.43;111.553;17505.164;110.2165
NE;NORDESTE;2025-01-16;18796.274;139.3461;18364.414;136.1445
S;SUL;2025-01-16;3823.916;50.7257;3688.196;48.9253
SE;SUDESTE;2025-01-16;71360.226;108.2066;66718.969;101.1688
N;NORTE;2025-01-17;18261.632;114.9794;17929.096;112.8857
NE;NORDESTE;2025-01-17;19552.672;144.9536;19020.771;141.0104
S;SUL;2025-01-17;3760.808;49.8885;3646.749;48.3755
SE;SUDESTE;2025-01-17;70375.92;106.714;64984.772;98.5392
N;NORTE;2025-01-18;18869.134;118.8044;18303.654;115.244
NE;NORDESTE;2025-01-18;19906.246;147.5748;18821.767;139.535
S;SUL;2025-01-18;3742.793;49.6495;3617.737;47.9906
SE;SUDESTE;2025-01-18;67902.757;102.9639;61612.41;93.4255
N;NORTE;2025-01-19;19668.053;123.8346;19175.157;120.7312
NE;NORDESTE;2025-01-19;18952.338;140.503;18252.833;135.3173
S;SUL;2025-01-19;3756.272;49.8283;3508.121;46.5365
SE;SUDESTE;2025-01-19;66762.88;101.2354;60815.103;92.2165
N;NORTE;2025-01-20;20480.503;128.95;19904.694;125.3245
NE;NORDESTE;2025-01-20;18524.218;137.3292;18074.247;133.9933
S;SUL;2025-01-20;4145.189;54.9875;4038.698;53.5748
SE;SUDESTE;2025-01-20;65257.16;98.9522;61387.654;93.0847
N;NORTE;2025-01-21;21175.206;133.324;20683.022;130.2251
NE;NORDESTE;2025-01-21;17956.898;133.1233;17468.317;129.5013
S;SUL;2025-01-21;4518.891;59.9448;4406.588;58.455
SE;SUDESTE;2025-01-21;63891.831;96.8819;61098.87;92.6468
N;NORTE;2025-01-22;21773.896;137.0935;21454.505;135.0825
NE;NORDESTE;2025-01-22;16774.986;124.3612;16442.991;121.9
S;SUL;2025-01-22;4692.202;62.2438;4575.57;60.6966
SE;SUDESTE;2025-01-22;62135.498;94.2187;59883.169;90.8034
N;NORTE;2025-01-23;22363.12;140.8033;21934.133;138.1023
NE;NORDESTE;2025-01-23;16273.394;120.6427;16087.973;119.2681
S;SUL;2025-01-23;4833.617;64.1197;4716.54;62.5667
SE;SUDESTE;2025-01-23;60583.464;91.8653;57809.254;87.6587
N;NORTE;2025-01-24;22765.671;143.3379;22027.614;138.6909
NE;NORDESTE;2025-01-24;15920.8;118.0287;15550.206;115.2813
S;SUL;2025-01-24;4937.62;65.4994;4705.88;62.4252
SE;SUDESTE;2025-01-24;59501.978;90.2254;56066.487;85.016
N;NORTE;2025-01-25;22905.055;144.2155;21865.492;137.6702
NE;NORDESTE;2025-01-25;15651.851;116.0349;15346.443;113.7708
S;SUL;2025-01-25;5246.272;69.5937;4975.176;65.9976
SE;SUDESTE;2025-01-25;58667.011;88.9593;54914.155;83.2687
N;NORTE;2025-01-26;22958.758;144.5536;21865.872;137.6726
NE;NORDESTE;2025-01-26;15610.464;115.7281;15392.25;114.1103
S;SUL;2025-01-26;5340.382;70.8422;5029.499;66.7182
SE;SUDESTE;2025-01-26;58751.745;89.0878;53938.143;81.7887
N;NORTE;2025-01-27;22963.295;144.5822;21861.631;137.6459
NE;NORDESTE;2025-01-27;15644.411;115.9797;15385.315;114.0589
S;SUL;2025-01-27;5368.594;71.2164;5171.435;68.601
SE;SUDESTE;2025-01-27;57710.135;87.5084;54587.022;82.7726
N;NORTE;2025-01-28;22978.856;144.6802;22400.256;141.0372
NE;NORDESTE;2025-01-28;15634.568;115.9068;15491.856;114.8488
S;SUL;2025-01-28;5292.629;70.2087;5121.478;67.9383
SE;SUDESTE;2025-01-28;57281.463;86.8583;55323.392;83.8892
N;NORTE;2025-01-29;22748.905;143.2323;22557.96;142.0301
NE;NORDESTE;2025-01-29;15644.793;115.9826;15588.033;115.5618
S;SUL;2025-01-29;5550.033;73.6233;5351.896;70.9949
SE;SUDESTE;2025-01-29;57391.242;87.0248;55625.498;84.3473
N;NORTE;2025-01-30;22511.101;141.7351;22280.783;140.2849
NE;NORDESTE;2025-01-30;15775.902;116.9545;15719.142;116.5338
S;SUL;2025-01-30;5997.932;79.5648;5673.627;75.2628
SE;SUDESTE;2025-01-30;57884.023;87.772;55913.978;84.7848
N;NORTE;2025-01-31;22412.399;141.1136;21805.738;137.2939
NE;NORDESTE;2025-01-31;15934.274;118.1286;15915.354;117.9884
S;SUL;2025-01-31;6269.794;83.1711;6043.934;80.175
SE;SUDESTE;2025-01-31;58836.289;89.216;56130.725;85.1134
N;NORTE;2025-02-01;22379.353;98.1204;21440.571;94.0044
NE;NORDESTE;2025-02-01;16435.654;115.462;16435.654;115.462
S;SUL;2025-02-01;6561.11;79.4313;6280.897;76.039
SE;SUDESTE;2025-02-01;61434.961;86.6001;57909.594;81.6307
N;NORTE;2025-02-02;22691.181;99.4876;21658.689;94.9607
NE;NORDESTE;2025-02-02;16893.122;118.6758;16893.122;118.6758
S;SUL;2025-02-02;6532.104;79.0802;6304.817;76.3285
SE;SUDESTE;2025-02-02;65312.606;92.0661;59564.964;83.9641
N;NORTE;2025-02-03;22889.777;100.3583;22034.189;96.607
NE;NORDESTE;2025-02-03;16668.138;117.0952;16668.138;117.0952
S;SUL;2025-02-03;6582.693;79.6926;6371.565;77.1366
SE;SUDESTE;2025-02-03;68906.812;97.1326;65833.093;92.7998
N;NORTE;2025-02-04;23082.399;101.2028;21538.32;94.4329
NE;NORDESTE;2025-02-04;15985.768;112.3015;15974.328;112.2211
S;SUL;2025-02-04;6633.976;80.3135;6279.731;76.0248
SE;SUDESTE;2025-02-04;71279.351;100.477;68521.286;96.5892
N;NORTE;2025-02-05;23452.234;102.8243;20776.287;91.0919
NE;NORDESTE;2025-02-05;15349.258;107.83;15348.543;107.8249
S;SUL;2025-02-05;6887.564;83.3835;6421.843;77.7453
SE;SUDESTE;2025-02-05;73136.336;103.0946;69970.93;98.6326
N;NORTE;2025-02-06;24114.521;105.7281;20068.351;87.988
NE;NORDESTE;2025-02-06;14950.516;105.0288;14928.645;104.8751
S;SUL;2025-02-06;7185.205;86.9869;6663.329;80.6688
SE;SUDESTE;2025-02-06;73289.021;103.3099;70515.171;99.3998
N;NORTE;2025-02-07;24847.502;108.9418;19736.571;86.5333
NE;NORDESTE;2025-02-07;14790.492;103.9046;14775.477;103.7991
S;SUL;2025-02-07;7491.942;90.7003;7115.569;86.1438
SE;SUDESTE;2025-02-07;72919.551;102.7891;69829.056;98.4326
N;NORTE;2025-02-08;25492.4;111.7693;19847.943;87.0216
NE;NORDESTE;2025-02-08;14808.495;104.0311;14803.49;103.9959
S;SUL;2025-02-08;7598.948;91.9958;7226.603;87.488
SE;SUDESTE;2025-02-08;71927.389;101.3905;68364.824;96.3686
N;NORTE;2025-02-09;25801.14;113.1229;19767.276;86.6679
NE;NORDESTE;2025-02-09;14726.907;103.4579;14708.317;103.3273
S;SUL;2025-02-09;7260.345;87.8965;6880.396;83.2967
SE;SUDESTE;2025-02-09;70193.471;98.9463;65722.457;92.6439
N;NORTE;2025-02-10;25919.559;113.6421;19463.993;85.3382
NE;NORDESTE;2025-02-10;14480.533;101.7271;14461.943;101.5965
S;SUL;2025-02-10;6807.556;82.4149;6614.741;80.0806
SE;SUDESTE;2025-02-10;68952.361;97.1968;66858.877;94.2458
N;NORTE;2025-02-11;25921.151;113.6491;18613.325;81.6085
NE;NORDESTE;2025-02-11;13937.071;97.9092;13927.776;97.8439
S;SUL;2025-02-11;6220.279;75.3051;6064.258;73.4162
SE;SUDESTE;2025-02-11;67449.783;95.0788;65546.513;92.3959
N;NORTE;2025-02-12;25691.642;112.6428;17906.868;78.5111
NE;NORDESTE;2025-02-12;13145.999;92.3519;13129.554;92.2363
S;SUL;2025-02-12;5852.918;70.8577;5719.771;69.2458
SE;SUDESTE;2025-02-12;65572.23;92.4321;63276.669;89.1962
N;NORTE;2025-02-13;25574.871;112.1308;17649.657;77.3834
NE;NORDESTE;2025-02-13;12442.542;87.41;12261.281;86.1366
S;SUL;2025-02-13;5887.747;71.2793;5610.311;67.9206
SE;SUDESTE;2025-02-13;64106.826;90.3664;61636.086;86.8836
N;NORTE;2025-02-14;25546.428;112.0061;17410.203;76.3336
NE;NORDESTE;2025-02-14;11832.445;83.124;11778.659;82.7462
S;SUL;2025-02-14;6169.225;74.687;5999.845;72.6364
SE;SUDESTE;2025-02-14;62640.106;88.2989;59977.447;84.5456
N;NORTE;2025-02-15;25665.33;112.5275;17714.877;77.6694
NE;NORDESTE;2025-02-15;11279.327;79.2383;10870.477;76.3661
S;SUL;2025-02-15;6437.133;77.9304;6263.683;75.8306
SE;SUDESTE;2025-02-15;60755.032;85.6417;57113.163;80.508
N;NORTE;2025-02-16;25911.004;113.6046;17558.509;76.9838
NE;NORDESTE;2025-02-16;10825.199;76.048;10822.339;76.0279
S;SUL;2025-02-16;6848.047;82.9051;6485.568;78.5168
SE;SUDESTE;2025-02-16;58660.613;82.6893;52420.061;73.8925
N;NORTE;2025-02-17;26316.117;115.3808;17804.619;78.0628
NE;NORDESTE;2025-02-17;10614.258;74.5662;10601.388;74.4757
S;SUL;2025-02-17;7621.413;92.2678;7274.262;88.065
SE;SUDESTE;2025-02-17;56646.403;79.8501;53432.95;75.3203
N;NORTE;2025-02-18;26582.061;116.5468;17961.349;78.75
NE;NORDESTE;2025-02-18;10630.205;74.6782;10623.055;74.628
S;SUL;2025-02-18;8735.776;105.7587;8248.791;99.863
SE;SUDESTE;2025-02-18;54862.643;77.3356;52280.167;73.6953
N;NORTE;2025-02-19;26795.539;117.4828;17989.783;78.8747
NE;NORDESTE;2025-02-19;10737.871;75.4345;10732.866;75.3994
S;SUL;2025-02-19;9560.56;115.7438;9273.251;112.2656
SE;SUDESTE;2025-02-19;53016.159;74.7328;50572.212;71.2877
N;NORTE;2025-02-20;26816.432;117.5744;18389.692;80.628
NE;NORDESTE;2025-02-20;10865.309;76.3298;10845.289;76.1892
S;SUL;2025-02-20;9436.798;114.2455;9269.6;112.2214
SE;SUDESTE;2025-02-20;51515.291;72.6171;49312.641;69.5122
N;NORTE;2025-02-21;26785.111;117.437;18074.576;79.2464
NE;NORDESTE;2025-02-21;10903.206;76.596;10884.616;76.4654
S;SUL;2025-02-21;8679.067;105.0721;8408.753;101.7996
SE;SUDESTE;2025-02-21;50311.74;70.9206;47449.292;66.8856
N;NORTE;2025-02-22;26707.411;117.0964;18108.369;79.3946
NE;NORDESTE;2025-02-22;10754.334;75.5502;10747.899;75.505
S;SUL;2025-02-22;7918.075;95.8593;7783.345;94.2282
SE;SUDESTE;2025-02-22;48945.281;68.9944;44477.182;62.696
N;NORTE;2025-02-23;26664.02;116.9061;17959.279;78.7409
NE;NORDESTE;2025-02-23;10548.979;74.1076;10528.959;73.9669
S;SUL;2025-02-23;7253.506;87.8137;7072.417;85.6214
SE;SUDESTE;2025-02-23;47845.141;67.4436;43272.699;60.9982
N;NORTE;2025-02-24;26786.029;117.4411;17994.905;78.8971
NE;NORDESTE;2025-02-24;10191.636;71.5972;10176.621;71.4917
S;SUL;2025-02-24;6770.375;81.9648;6651.526;80.5259
SE;SUDESTE;2025-02-24;47030.939;66.2959;44098.66;62.1625
N;NORTE;2025-02-25;27212.03;119.3088;18256.196;80.0427
NE;NORDESTE;2025-02-25;9615.029;67.5465;9602.159;67.4561
S;SUL;2025-02-25;6260.174;75.7881;6162.21;74.6021
SE;SUDESTE;2025-02-25;46684.286;65.8072;43414.187;61.1976
N;NORTE;2025-02-26;27521.782;120.6669;18197.611;79.7859
NE;NORDESTE;2025-02-26;9104.253;63.9582;9094.243;63.8879
S;SUL;2025-02-26;5796.367;70.1731;5679.423;68.7573
SE;SUDESTE;2025-02-26;46356.232;65.3448;42713.127;60.2094
N;NORTE;2025-02-27;27697.07;121.4354;18172.614;79.6763
NE;NORDESTE;2025-02-27;8455.791;59.4027;8441.491;59.3023
S;SUL;2025-02-27;5817.673;70.431;5675.612;68.7112
SE;SUDESTE;2025-02-27;45684.847;64.3984;42243.072;59.5468
N;NORTE;2025-02-28;28069.026;123.0663;17862.673;78.3174
NE;NORDESTE;2025-02-28;7697.087;54.0728;7691.367;54.0326
S;SUL;2025-02-28;6276.547;75.9863;5861.542;70.9621
SE;SUDESTE;2025-02-28;44704.615;63.0166;41121.316;57.9655
N;NORTE;2025-03-01;28226.738;104.6322;17927.167;66.4532
NE;NORDESTE;2025-03-01;7016.065;49.8315;6965.142;49.4698
S;SUL;2025-03-01;6396.874;90.3854;6148.582;86.8771
SE;SUDESTE;2025-03-01;43827.679;63.4162;39020.481;56.4605
N;NORTE;2025-03-02;28087.474;104.1159;17930.168;66.4644
NE;NORDESTE;2025-03-02;6335.451;44.9974;6252.828;44.4106
S;SUL;2025-03-02;5890.301;83.2277;5515.659;77.9341
SE;SUDESTE;2025-03-02;42979.12;62.1884;38271.509;55.3768
N;NORTE;2025-03-03;28156.945;104.3734;18028.233;66.8279
NE;NORDESTE;2025-03-03;5872.968;41.7127;5806.321;41.2393
S;SUL;2025-03-03;5294.982;74.816;5167.738;73.0181
SE;SUDESTE;2025-03-03;42298.962;61.2043;37438.881;54.172
N;NORTE;2025-03-04;28478.43;105.5651;18024.832;66.8153
NE;NORDESTE;2025-03-04;5582.458;39.6493;5511.101;39.1425
S;SUL;2025-03-04;4772.868;67.4388;4660.434;65.8501
SE;SUDESTE;2025-03-04;41692.217;60.3263;36512.998;52.8323
N;NORTE;2025-03-05;28442.916;105.4335;17712.938;65.6591
NE;NORDESTE;2025-03-05;5348.506;37.9877;5276.434;37.4758
S;SUL;2025-03-05;4239.67;59.9049;4122.596;58.2507
SE;SUDESTE;2025-03-05;41090.28;59.4554;36891.403;53.3798
N;NORTE;2025-03-06;28353.068;105.1004;16783.435;62.2136
NE;NORDESTE;2025-03-06;5168.201;36.7071;5100.124;36.2236
S;SUL;2025-03-06;3767.42;53.2322;3684.544;52.0612
SE;SUDESTE;2025-03-06;40580.002;58.717;36776.194;53.2131
N;NORTE;2025-03-07;28294.478;104.8833;16579.189;61.4565
NE;NORDESTE;2025-03-07;4827.892;34.29;4760.909;33.8143
S;SUL;2025-03-07;3361.015;47.4898;3266.001;46.1473
SE;SUDESTE;2025-03-07;40329.969;58.3552;36127.604;52.2746
N;NORTE;2025-03-08;28118.902;104.2324;16387.202;60.7448
NE;NORDESTE;2025-03-08;4392.782;31.1997;4334.379;30.7849
S;SUL;2025-03-08;3056.081;43.1812;2954.034;41.7394
SE;SUDESTE;2025-03-08;40061.383;57.9666;34226.989;49.5246
N;NORTE;2025-03-09;27796.429;103.0371;16277.136;60.3368
NE;NORDESTE;2025-03-09;4014.429;28.5124;3945.301;28.0214
S;SUL;2025-03-09;2911.584;41.1396;2616.555;36.9709
SE;SUDESTE;2025-03-09;39751.028;57.5175;33406.128;48.3368
N;NORTE;2025-03-10;27571.226;102.2023;17163.074;63.6209
NE;NORDESTE;2025-03-10;3718.64;26.4116;3652.372;25.9409
S;SUL;2025-03-10;2935.131;41.4723;2817.987;39.8171
SE;SUDESTE;2025-03-10;39247.028;56.7883;33984.574;49.1738
N;NORTE;2025-03-11;27321.644;101.2771;17800.642;65.9842
NE;NORDESTE;2025-03-11;3517.434;24.9825;3449.021;24.4966
S;SUL;2025-03-11;3068.766;43.3605;2937.651;41.5079
SE;SUDESTE;2025-03-11;39153.436;56.6529;33740.483;48.8206
N;NORTE;2025-03-12;27061.385;100.3124;17473.021;64.7698
NE;NORDESTE;2025-03-12;3383.515;24.0314;3317.247;23.5607
S;SUL;2025-03-12;3385.073;47.8298;3262.103;46.0923
SE;SUDESTE;2025-03-12;39082.33;56.55;33642.831;48.6793
N;NORTE;2025-03-13;26698.056;98.9656;17039.203;63.1617
NE;NORDESTE;2025-03-13;3268.058;23.2113;3203.22;22.7508
S;SUL;2025-03-13;3469.386;48.0979;3376.624;46.8119
SE;SUDESTE;2025-03-13;39412.492;57.0277;33579.434;48.5876
N;NORTE;2025-03-14;26517.152;98.295;17557.168;65.0817
NE;NORDESTE;2025-03-14;3217.357;22.8512;3151.088;22.3806
S;SUL;2025-03-14;3403.143;47.1796;3269.155;45.322
SE;SUDESTE;2025-03-14;39741.173;57.5033;33501.409;48.4747
N;NORTE;2025-03-15;26449.956;98.0459;18572.667;68.846
NE;NORDESTE;2025-03-15;3216.391;22.8444;3150.123;22.3737
S;SUL;2025-03-15;3219.956;44.64;3094.777;42.9045
SE;SUDESTE;2025-03-15;39943.581;57.7962;33338.771;48.2394
N;NORTE;2025-03-16;26438.273;98.0026;18919.082;70.1301
NE;NORDESTE;2025-03-16;3142.862;22.3221;3076.594;21.8515
S;SUL;2025-03-16;3120.894;43.2666;2782.253;38.5719
SE;SUDESTE;2025-03-16;40130.304;58.0663;33228.249;48.0794
N;NORTE;2025-03-17;26277.931;97.4082;19760.064;73.2475
NE;NORDESTE;2025-03-17;3022.996;21.4708;2962.447;21.0407
S;SUL;2025-03-17;3111.372;43.1346;3005.396;41.6654
SE;SUDESTE;2025-03-17;40537.956;58.6562;34573.236;50.0256
N;NORTE;2025-03-18;26330.636;97.6036;19431.889;72.031
NE;NORDESTE;2025-03-18;2925.588;20.7789;2862.179;20.3286
S;SUL;2025-03-18;3106.31;43.0644;3017.599;41.8346
SE;SUDESTE;2025-03-18;41248.229;59.6839;34919.672;50.5268
N;NORTE;2025-03-19;26620.948;98.6797;19147.42;70.9765
NE;NORDESTE;2025-03-19;2848.252;20.2297;2793.423;19.8402
S;SUL;2025-03-19;3248.594;45.037;3152.505;43.7049
SE;SUDESTE;2025-03-19;42163.831;61.0087;35819.353;51.8286
N;NORTE;2025-03-20;26431.678;97.9781;19039.208;70.5754
NE;NORDESTE;2025-03-20;2774.855;19.7084;2711.446;19.258
S;SUL;2025-03-20;3291.508;45.6319;3183.319;44.132
SE;SUDESTE;2025-03-20;42891.45;62.0616;36059.662;52.1763
N;NORTE;2025-03-21;26381.991;97.794;17968.569;66.6067
NE;NORDESTE;2025-03-21;2710.307;19.2499;2683.225;19.0576
S;SUL;2025-03-21;3187.361;44.1881;3105.177;43.0487
SE;SUDESTE;2025-03-21;43278.936;62.6222;36121.229;52.2654
N;NORTE;2025-03-22;26748.775;99.1536;17215.875;63.8166
NE;NORDESTE;2025-03-22;2645.666;18.7908;2630.651;18.6842
S;SUL;2025-03-22;2974.47;41.2367;2867.065;39.7476
SE;SUDESTE;2025-03-22;43696.012;63.2257;36002.325;52.0934
N;NORTE;2025-03-23;26943.771;99.8764;17523.87;64.9583
NE;NORDESTE;2025-03-23;2669.822;18.9624;2650.517;18.8253
S;SUL;2025-03-23;2871.061;39.803;2687.909;37.2639
SE;SUDESTE;2025-03-23;44220.72;63.9849;36394.542;52.6609
N;NORTE;2025-03-24;26509.617;98.267;17587.787;65.1952
NE;NORDESTE;2025-03-24;2662.932;18.9134;2647.202;18.8017
S;SUL;2025-03-24;2848.387;39.4887;2749.86;38.1228
SE;SUDESTE;2025-03-24;44573.446;64.4953;38175.683;55.2381
N;NORTE;2025-03-25;26343.749;97.6522;17894.504;66.3322
NE;NORDESTE;2025-03-25;2657.254;18.8731;2636.519;18.7258
S;SUL;2025-03-25;2990.102;41.4534;2878.799;39.9103
SE;SUDESTE;2025-03-25;45692.159;66.114;39070.609;56.533
N;NORTE;2025-03-26;26219.07;97.19;18105.001;67.1124
NE;NORDESTE;2025-03-26;2590.936;18.4021;2575.206;18.2904
S;SUL;2025-03-26;3291.528;45.6322;3150.353;43.675
SE;SUDESTE;2025-03-26;47130.989;68.1959;40991.724;59.3128
N;NORTE;2025-03-27;25861.974;95.8663;18762.425;69.5494
NE;NORDESTE;2025-03-27;2521.126;17.9063;2510.401;17.8301
S;SUL;2025-03-27;3665.409;50.8155;3481.004;48.259
SE;SUDESTE;2025-03-27;47929.101;69.3508;41022.066;59.3567
N;NORTE;2025-03-28;25550.917;94.7133;19421.378;71.992
NE;NORDESTE;2025-03-28;2066.435;14.6768;2051.42;14.5702
S;SUL;2025-03-28;4031.58;55.8919;3874.164;53.7096
SE;SUDESTE;2025-03-28;48499.848;70.1766;41725.892;60.3751
N;NORTE;2025-03-29;25469.149;94.4102;19022.226;70.5124
NE;NORDESTE;2025-03-29;2066.909;14.6802;2059.044;14.6243
S;SUL;2025-03-29;4460.828;61.8428;4330.829;60.0406
SE;SUDESTE;2025-03-29;48468.504;70.1312;41260.502;59.7017
N;NORTE;2025-03-30;25519.621;94.5973;18601.784;68.9539
NE;NORDESTE;2025-03-30;2190.11;15.5552;2179.385;15.479
S;SUL;2025-03-30;4951.165;68.6406;4588.113;63.6075
SE;SUDESTE;2025-03-30;47995.218;69.4464;39422.939;57.0428
N;NORTE;2025-03-31;25550.085;94.7102;17939.245;66.498
NE;NORDESTE;2025-03-31;2365.52;16.8011;2346.215;16.664
S;SUL;2025-03-31;4925.849;68.2897;4816.634;66.7756
SE;SUDESTE;2025-03-31;47720.198;69.0485;40804.085;59.0413
N;NORTE;2025-04-01;25584.755;94.1538;16492.772;60.6946
NE;NORDESTE;2025-04-01;2666.54;23.4505;2652.955;23.3311
S;SUL;2025-04-01;4663.657;70.5869;4558.49;68.9952
SE;SUDESTE;2025-04-01;47430.97;86.7228;39488.206;72.2002
N;NORTE;2025-04-02;25574.162;94.1148;15729.829;57.887
NE;NORDESTE;2025-04-02;3020.495;26.5633;2999.76;26.381
S;SUL;2025-04-02;4387.131;66.4016;4257.539;64.4401
SE;SUDESTE;2025-04-02;47248.193;86.3886;39174.305;71.6263
N;NORTE;2025-04-03;25580.716;94.139;16573.894;60.9932
NE;NORDESTE;2025-04-03;3331.852;29.3015;3315.407;29.1569
S;SUL;2025-04-03;4248.284;64.3;4096.854;62.0081
SE;SUDESTE;2025-04-03;47103.936;86.1248;39693.979;72.5765
N;NORTE;2025-04-04;25401.385;93.479;17169.596;63.1854
NE;NORDESTE;2025-04-04;3511.533;30.8817;3493.658;30.7245
S;SUL;2025-04-04;3783.915;57.2716;3684.676;55.7695
SE;SUDESTE;2025-04-04;47089.143;86.0978;39170.324;71.619
N;NORTE;2025-04-05;25089.214;92.3302;17036.446;62.6954
NE;NORDESTE;2025-04-05;3759.31;33.0608;3738.575;32.8784
S;SUL;2025-04-05;3502.591;53.0136;3292.64;49.8359
SE;SUDESTE;2025-04-05;47007.515;85.9486;39340.183;71.9296
N;NORTE;2025-04-06;24484.769;90.1058;15867.445;58.3934
NE;NORDESTE;2025-04-06;3911.83;34.4021;3896.815;34.27
S;SUL;2025-04-06;3316.147;50.1917;2816.276;42.6258
SE;SUDESTE;2025-04-06;46624.698;85.2486;36364.941;66.4897
N;NORTE;2025-04-07;23950.447;88.1394;15359.178;56.5229
NE;NORDESTE;2025-04-07;3918.041;34.4567;3895.876;34.2618
S;SUL;2025-04-07;3352.701;50.7449;3121.126;47.2399
SE;SUDESTE;2025-04-07;46146.734;84.3747;37594.55;68.7379
N;NORTE;2025-04-08;23444.227;86.2765;14872.915;54.7334
NE;NORDESTE;2025-04-08;3877.986;34.1044;3855.821;33.9095
S;SUL;2025-04-08;3750.918;56.7721;3601.2;54.5061
SE;SUDESTE;2025-04-08;45621.402;83.4142;37169.09;67.96
N;NORTE;2025-04-09;23071.152;84.9036;15628.097;57.5126
NE;NORDESTE;2025-04-09;3785.932;33.2949;3762.337;33.0874
S;SUL;2025-04-09;4158.097;62.935;3925.47;59.4141
SE;SUDESTE;2025-04-09;45125.044;82.5066;37596.904;68.7422
N;NORTE;2025-04-10;22426.587;82.5315;17003.737;62.575
NE;NORDESTE;2025-04-10;3685.649;32.413;3665.629;32.2369
S;SUL;2025-04-10;4455.754;67.4402;4264.147;64.5401
SE;SUDESTE;2025-04-10;44694.206;81.7189;38027.786;69.53
N;NORTE;2025-04-11;22068.206;81.2127;18130.966;66.7233
NE;NORDESTE;2025-04-11;3779.23;33.2359;3772.08;33.1731
S;SUL;2025-04-11;4388.644;66.4245;4195.597;63.5026
SE;SUDESTE;2025-04-11;44308.672;81.014;37312.001;68.2213
N;NORTE;2025-04-12;21592.408;79.4617;17914.889;65.9281
NE;NORDESTE;2025-04-12;4041.661;35.5439;4035.941;35.4936
S;SUL;2025-04-12;4461.973;67.5343;4301.727;65.1089
SE;SUDESTE;2025-04-12;44324.281;81.0425;36769.155;67.2287
N;NORTE;2025-04-13;21131.348;77.7649;17515.566;64.4586
NE;NORDESTE;2025-04-13;4109.501;36.1405;4088.051;35.9518
S;SUL;2025-04-13;5073.301;76.7871;4860.841;73.5714
SE;SUDESTE;2025-04-13;44497.165;81.3586;36477.571;66.6956
N;NORTE;2025-04-14;20683.558;76.117;16720.438;61.5325
NE;NORDESTE;2025-04-14;3692.942;32.4771;3670.777;32.2822
S;SUL;2025-04-14;6079.692;92.0194;5990.829;90.6744
SE;SUDESTE;2025-04-14;44846.258;81.9969;38084.477;69.6337
N;NORTE;2025-04-15;20461.182;75.2987;15753.681;57.9747
NE;NORDESTE;2025-04-15;3311.939;29.1264;3306.934;29.0824
S;SUL;2025-04-15;6599.347;99.8846;6508.775;98.5138
SE;SUDESTE;2025-04-15;44563.267;81.4795;38190.411;69.8274
N;NORTE;2025-04-16;20512.255;75.4866;15759.066;57.9945
NE;NORDESTE;2025-04-16;3220.833;28.3252;3202.243;28.1617
S;SUL;2025-04-16;6234.367;94.3605;6044.803;91.4913
SE;SUDESTE;2025-04-16;44780.897;81.8774;38305.276;70.0374
N;NORTE;2025-04-17;20481.767;75.3744;15222.934;56.0215
NE;NORDESTE;2025-04-17;3178.833;27.9558;3160.243;27.7923
S;SUL;2025-04-17;5570.199;84.3079;5445.372;82.4186
SE;SUDESTE;2025-04-17;45339.827;82.8994;38444.365;70.2917
N;NORTE;2025-04-18;20321.1;74.7832;13993.604;51.4975
NE;NORDESTE;2025-04-18;3172.434;27.8996;3153.129;27.7298
S;SUL;2025-04-18;5074.53;76.8057;4849.327;73.3972
SE;SUDESTE;2025-04-18;46028.548;84.1586;37843.554;69.1932
N;NORTE;2025-04-19;20236.904;74.4733;13201.335;48.5819
NE;NORDESTE;2025-04-19;3182.063;27.9842;3164.188;27.827
S;SUL;2025-04-19;4730.144;71.5933;4556.015;68.9577
SE;SUDESTE;2025-04-19;46591.124;85.1872;39015.379;71.3357
N;NORTE;2025-04-20;19988.437;73.559;13931.613;51.2694
NE;NORDESTE;2025-04-20;3200.248;28.1442;3178.798;27.9555
S;SUL;2025-04-20;4584.998;69.3964;4160.697;62.9744
SE;SUDESTE;2025-04-20;46746.471;85.4713;38602.591;70.581
N;NORTE;2025-04-21;19749.04;72.678;14580.13;53.656
NE;NORDESTE;2025-04-21;3233.042;28.4326;3211.592;28.2439
S;SUL;2025-04-21;4501.313;68.1298;4232.977;64.0684
SE;SUDESTE;2025-04-21;46780.505;85.5335;38754.841;70.8594
N;NORTE;2025-04-22;19606.632;72.1539;14612.431;53.7748
NE;NORDESTE;2025-04-22;3273.116;28.785;3266.681;28.7284
S;SUL;2025-04-22;4323.834;65.4435;4154.546;62.8813
SE;SUDESTE;2025-04-22;46352.262;84.7505;39140.905;71.5652
N;NORTE;2025-04-23;19436.769;71.5288;14199.697;52.256
NE;NORDESTE;2025-04-23;3325.991;29.25;3308.116;29.0928
S;SUL;2025-04-23;4097.59;62.0192;4003.659;60.5975
SE;SUDESTE;2025-04-23;45715.559;83.5863;38520.141;70.4302
N;NORTE;2025-04-24;19215.48;70.7144;14251.872;52.448
NE;NORDESTE;2025-04-24;3333.114;29.3126;3318.099;29.1806
S;SUL;2025-04-24;3740.74;56.6181;3657.106;55.3523
SE;SUDESTE;2025-04-24;45300.642;82.8277;37843.824;69.1937
N;NORTE;2025-04-25;19307.337;71.0525;14874.817;54.7404
NE;NORDESTE;2025-04-25;3300.018;29.0216;3286.433;28.9021
S;SUL;2025-04-25;3375.947;51.0968;3292.893;49.8397
SE;SUDESTE;2025-04-25;45820.359;83.778;39740.025;72.6607
N;NORTE;2025-04-26;19388.877;71.3525;14929.727;54.9425
NE;NORDESTE;2025-04-26;3318.194;29.1814;3301.75;29.0368
S;SUL;2025-04-26;3167.66;47.9442;3003.453;45.4589
SE;SUDESTE;2025-04-26;45521.498;83.2315;39270.373;71.802
N;NORTE;2025-04-27;19406.248;71.4165;14722.517;54.18
NE;NORDESTE;2025-04-27;3363.752;29.5821;3348.022;29.4437
S;SUL;2025-04-27;3026.445;46.2701;2917.783;44.6088
SE;SUDESTE;2025-04-27;45577.274;83.3335;38508.399;70.4088
N;NORTE;2025-04-28;19424.115;71.4822;15035.457;55.3316
NE;NORDESTE;2025-04-28;3438.825;30.2423;3418.805;30.0662
S;SUL;2025-04-28;2963.83;45.3128;2870.421;43.8847
SE;SUDESTE;2025-04-28;45796.846;83.735;40565.854;74.1706
N;NORTE;2025-04-29;19320.492;71.1009;15343.986;56.467
NE;NORDESTE;2025-04-29;3498.615;30.7681;3487.175;30.6675
S;SUL;2025-04-29;2848.765;43.5536;2765.209;42.2762
SE;SUDESTE;2025-04-29;46223.848;84.5157;40876.413;74.7384
N;NORTE;2025-04-30;19079.137;70.2127;16132.584;59.3691
NE;NORDESTE;2025-04-30;3558.395;31.2938;3535.515;31.0926
S;SUL;2025-04-30;2698.462;41.2557;2617.08;40.0115
SE;SUDESTE;2025-04-30;46092.812;84.2761;40503.424;74.0565
N;NORTE;2025-05-01;18621.943;90.9457;14949.505;73.0103
NE;NORDESTE;2025-05-01;3658.963;53.2498;3642.518;53.0104
S;SUL;2025-05-01;2576.929;29.9899;2230.441;25.9576
SE;SUDESTE;2025-05-01;45735.78;114.9013;39110.312;98.2563
N;NORTE;2025-05-02;18256.662;89.1618;11112.863;54.2729
NE;NORDESTE;2025-05-02;3744.242;54.4909;3722.792;54.1787
S;SUL;2025-05-02;2467.644;28.7181;2158.429;25.1195
SE;SUDESTE;2025-05-02;45034.617;113.1398;36936.666;92.7954
N;NORTE;2025-05-03;17873.923;87.2926;10771.243;52.6045
NE;NORDESTE;2025-05-03;3824.331;55.6564;3800.736;55.313
S;SUL;2025-05-03;2406.96;28.0119;2123.434;24.7122
SE;SUDESTE;2025-05-03;44108.842;110.814;36128.343;90.7647
N;NORTE;2025-05-04;17317.863;84.5769;11367.689;55.5175
NE;NORDESTE;2025-05-04;3886.855;56.5663;3865.405;56.2542
S;SUL;2025-05-04;2428.537;28.263;2034.772;23.6804
SE;SUDESTE;2025-05-04;43064.015;108.1891;34890.192;87.6541
N;NORTE;2025-05-05;16738.391;81.7469;11407.081;55.7098
NE;NORDESTE;2025-05-05;3950.859;57.4978;3932.984;57.2377
S;SUL;2025-05-05;2439.107;28.386;2302.854;26.8003
SE;SUDESTE;2025-05-05;41944.192;105.3758;35504.436;89.1973
N;NORTE;2025-05-06;16244.223;79.3334;11361.686;55.4881
NE;NORDESTE;2025-05-06;3951.684;57.5098;3929.519;57.1872
S;SUL;2025-05-06;2485.605;28.9271;2387.228;27.7822
SE;SUDESTE;2025-05-06;40816.32;102.5422;35651.753;89.5674
N;NORTE;2025-05-07;15839.358;77.3562;10945.39;53.455
NE;NORDESTE;2025-05-07;3949.958;57.4847;3926.363;57.1413
S;SUL;2025-05-07;2487.737;28.9519;2374.785;27.6374
SE;SUDESTE;2025-05-07;39618.792;99.5337;34499.883;86.6735
N;NORTE;2025-05-08;15532.591;75.858;11668.354;56.9858
NE;NORDESTE;2025-05-08;3925.508;57.1289;3921.218;57.0664
S;SUL;2025-05-08;2733.327;31.8101;2603.595;30.3003
SE;SUDESTE;2025-05-08;38403.28;96.48;33748.015;84.7846
N;NORTE;2025-05-09;15247.355;74.4649;12008.632;58.6477
NE;NORDESTE;2025-05-09;3864.622;56.2428;3841.742;55.9098
S;SUL;2025-05-09;3127.691;36.3996;2991.865;34.8189
SE;SUDESTE;2025-05-09;37168.347;93.3775;32668.55;82.0727
N;NORTE;2025-05-10;15019.624;73.3528;11868.695;57.9643
NE;NORDESTE;2025-05-10;3805.348;55.3802;3782.468;55.0472
S;SUL;2025-05-10;3386.219;39.4084;3188.803;37.1109
SE;SUDESTE;2025-05-10;36090.851;90.6705;31380.181;78.836
N;NORTE;2025-05-11;14888.548;72.7126;11701.043;57.1455
NE;NORDESTE;2025-05-11;3770.164;54.8681;3747.999;54.5455
S;SUL;2025-05-11;3229.487;37.5843;2978.581;34.6643
SE;SUDESTE;2025-05-11;35130.475;88.2578;29997.556;75.3624
N;NORTE;2025-05-12;14796.314;72.2622;11370.675;55.532
NE;NORDESTE;2025-05-12;3719.466;54.1303;3698.016;53.8181
S;SUL;2025-05-12;3090.89;35.9714;2891.102;33.6462
SE;SUDESTE;2025-05-12;34301.599;86.1754;29042.899;72.964
N;NORTE;2025-05-13;14631.804;71.4587;10221.626;49.9203
NE;NORDESTE;2025-05-13;3648.188;53.093;3625.308;52.76
S;SUL;2025-05-13;2925.07;34.0416;2756.889;32.0843
SE;SUDESTE;2025-05-13;33744.041;84.7747;28644.785;71.9639
N;NORTE;2025-05-14;14343.994;70.0531;9124.51;44.5622
NE;NORDESTE;2025-05-14;3606.452;52.4856;3582.142;52.1318
S;SUL;2025-05-14;2631.023;30.6195;2380.917;27.7088
SE;SUDESTE;2025-05-14;33169.032;83.3301;27890.308;70.0684
N;NORTE;2025-05-15;14021.248;68.4769;9247.806;45.1644
NE;NORDESTE;2025-05-15;3532.438;51.4084;3508.843;51.065
S;SUL;2025-05-15;2493.64;29.0206;2293.079;26.6865
SE;SUDESTE;2025-05-15;32571.479;81.8288;28368.562;71.2699
N;NORTE;2025-05-16;13704.336;66.9292;9943.574;48.5624
NE;NORDESTE;2025-05-16;3409.074;49.6131;3384.764;49.2593
S;SUL;2025-05-16;2335.924;27.1852;2105.244;24.5005
SE;SUDESTE;2025-05-16;31951.878;80.2722;27542.102;69.1936
N;NORTE;2025-05-17;13366.221;65.2779;10283.759;50.2238
NE;NORDESTE;2025-05-17;3246.43;47.2461;3224.98;46.9339
S;SUL;2025-05-17;2257.105;26.2679;1984.826;23.0991
SE;SUDESTE;2025-05-17;31411.847;78.9155;27087.736;68.0521
N;NORTE;2025-05-18;12996.229;63.4709;10062.106;49.1413
NE;NORDESTE;2025-05-18;3038.974;44.2269;3017.524;43.9148
S;SUL;2025-05-18;2228.98;25.9406;1874.292;21.8128
SE;SUDESTE;2025-05-18;30693.035;77.1097;26266.029;65.9878
N;NORTE;2025-05-19;12772.679;62.3791;10058.266;49.1225
NE;NORDESTE;2025-05-19;2840.507;41.3386;2825.492;41.1201
S;SUL;2025-05-19;2307.579;26.8553;2052.05;23.8815
SE;SUDESTE;2025-05-19;29988.002;75.3384;27114.652;68.1197
N;NORTE;2025-05-20;12541.334;61.2493;10348.591;50.5404
NE;NORDESTE;2025-05-20;2679.304;38.9926;2679.304;38.9926
S;SUL;2025-05-20;2416.049;28.1176;2202.734;25.6351
SE;SUDESTE;2025-05-20;29429.179;73.9345;26744.739;67.1904
N;NORTE;2025-05-21;12304.065;60.0905;10585.752;51.6986
NE;NORDESTE;2025-05-21;2584.018;37.6058;2571.863;37.4289
S;SUL;2025-05-21;2637.708;30.6973;2417.417;28.1336
SE;SUDESTE;2025-05-21;28964.75;72.7677;26393.987;66.3092
N;NORTE;2025-05-22;11993.993;58.5762;10818.232;52.834
NE;NORDESTE;2025-05-22;2544.806;37.0352;2524.786;36.7438
S;SUL;2025-05-22;3045.659;35.445;2848.55;33.151
SE;SUDESTE;2025-05-22;28557.498;71.7446;26279.535;66.0217
N;NORTE;2025-05-23;11653.706;56.9143;10730.089;52.4035
NE;NORDESTE;2025-05-23;2500.928;36.3966;2495.923;36.3238
S;SUL;2025-05-23;3439.576;40.0293;3206.831;37.3207
SE;SUDESTE;2025-05-23;28172.089;70.7763;26183.695;65.7809
N;NORTE;2025-05-24;11305.684;55.2146;10379.357;50.6906
NE;NORDESTE;2025-05-24;2449.435;35.6472;2424.41;35.283
S;SUL;2025-05-24;3547.259;41.2825;3182.59;37.0385
SE;SUDESTE;2025-05-24;27852.148;69.9725;25324.162;63.6215
N;NORTE;2025-05-25;10946.769;53.4618;9038.978;44.1445
NE;NORDESTE;2025-05-25;2396.376;34.875;2383.506;34.6877
S;SUL;2025-05-25;3807.005;44.3054;3342.92;38.9044
SE;SUDESTE;2025-05-25;27542.371;69.1943;23919.65;60.093
N;NORTE;2025-05-26;10771.233;52.6045;8152.851;39.8168
NE;NORDESTE;2025-05-26;2422.092;35.2493;2397.782;34.8955
S;SUL;2025-05-26;4072.576;47.3961;3781.76;44.0116
SE;SUDESTE;2025-05-26;27336.645;68.6775;24669.634;61.9772
N;NORTE;2025-05-27;10290.93;50.2588;8347.785;40.7689
NE;NORDESTE;2025-05-27;2425.524;35.2992;2401.929;34.9559
S;SUL;2025-05-27;4601.036;53.5462;4125.22;48.0087
SE;SUDESTE;2025-05-27;27217.515;68.3782;24757.089;62.1969
N;NORTE;2025-05-28;10002.354;48.8494;8912.167;43.5252
NE;NORDESTE;2025-05-28;2387.114;34.7402;2363.519;34.3969
S;SUL;2025-05-28;7357.362;85.624;6556.365;76.3021
SE;SUDESTE;2025-05-28;27181.525;68.2877;23821.48;59.8464
N;NORTE;2025-05-29;9701.131;47.3783;9108.012;44.4817
NE;NORDESTE;2025-05-29;2327.614;33.8743;2302.589;33.5101
S;SUL;2025-05-29;7586.664;88.2926;6315.183;73.4952
SE;SUDESTE;2025-05-29;27173.007;68.2663;24878.517;62.5019
N;NORTE;2025-05-30;9256.705;45.2078;8684.07;42.4112
NE;NORDESTE;2025-05-30;2325.192;33.8391;2300.882;33.4853
S;SUL;2025-05-30;6848.066;79.6969;5820.858;67.7423
SE;SUDESTE;2025-05-30;27099.152;68.0808;25054.897;62.945
N;NORTE;2025-05-31;9045.803;44.1778;8554.795;41.7799
NE;NORDESTE;2025-05-31;2300.393;33.4782;2278.228;33.1556
S;SUL;2025-05-31;6185.528;71.9863;5364.494;62.4312
SE;SUDESTE;2025-05-31;27061.418;67.986;24464.734;61.4624
N;NORTE;2025-06-01;8950.165;83.8902;8351.985;78.2834
NE;NORDESTE;2025-06-01;2241.683;49.4247;2216.658;48.873
S;SUL;2025-06-01;5600.081;52.9675;5071.298;47.9661
SE;SUDESTE;2025-06-01;26882.85;82.7116;22993.405;70.7448
N;NORTE;2025-06-02;8658.986;81.161;8110.525;76.0202
NE;NORDESTE;2025-06-02;2196.487;48.4283;2173.607;47.9238
S;SUL;2025-06-02;5180.212;48.9962;5007.978;47.3672
SE;SUDESTE;2025-06-02;26882.614;82.7109;24739.82;76.118
N;NORTE;2025-06-03;8412.512;78.8508;7970.455;74.7074
NE;NORDESTE;2025-06-03;2174.032;47.9332;2150.437;47.4129
S;SUL;2025-06-03;5123.551;48.4603;4882.998;46.1851
SE;SUDESTE;2025-06-03;26977.145;83.0017;25299.722;77.8407
N;NORTE;2025-06-04;8159.615;76.4804;7857.859;73.652
NE;NORDESTE;2025-06-04;2109.568;46.5119;2085.258;45.9759
S;SUL;2025-06-04;5292.688;50.0601;5125.058;48.4746
SE;SUDESTE;2025-06-04;26979.636;83.0094;25170.33;77.4426
N;NORTE;2025-06-05;7997.237;74.9584;7686.508;72.0459
NE;NORDESTE;2025-06-05;1988.162;43.8351;1963.852;43.2991
S;SUL;2025-06-05;8723.025;82.5054;8460.196;80.0194
SE;SUDESTE;2025-06-05;27077.412;83.3102;25816.308;79.4301
N;NORTE;2025-06-06;7801.757;73.1261;7389.059;69.2579
NE;NORDESTE;2025-06-06;1916.784;42.2614;1893.189;41.7411
S;SUL;2025-06-06;11253.415;106.4386;10921.545;103.2997
SE;SUDESTE;2025-06-06;27273.752;83.9143;25896.934;79.6782
N;NORTE;2025-06-07;7541.226;70.6842;7174.308;67.245
NE;NORDESTE;2025-06-07;1881.527;41.484;1858.647;40.9795
S;SUL;2025-06-07;11298.232;106.8625;10833.208;102.4642
SE;SUDESTE;2025-06-07;27547.997;84.7581;26793.667;82.4372
N;NORTE;2025-06-08;7305.395;68.4737;6883.146;64.516
NE;NORDESTE;2025-06-08;1834.218;40.4409;1809.908;39.9049
S;SUL;2025-06-08;11434.009;108.1468;10841.147;102.5393
SE;SUDESTE;2025-06-08;27905.714;85.8587;26000.582;79.9971
N;NORTE;2025-06-09;7113.967;66.6795;6751.203;63.2793
NE;NORDESTE;2025-06-09;1818.826;40.1016;1794.516;39.5656
S;SUL;2025-06-09;10919.811;103.2833;10467.865;99.0086
SE;SUDESTE;2025-06-09;28461.498;87.5687;27736.751;85.3388
N;NORTE;2025-06-10;6968.677;65.3177;6631.81;62.1602
NE;NORDESTE;2025-06-10;1826.421;40.269;1801.396;39.7173
S;SUL;2025-06-10;9667.034;91.4341;9371.953;88.6431
SE;SUDESTE;2025-06-10;29069.903;89.4406;27944.357;85.9776
N;NORTE;2025-06-11;6951.263;65.1544;6507.04;60.9907
NE;NORDESTE;2025-06-11;1808.54;39.8748;1782.8;39.3073
S;SUL;2025-06-11;8636.35;81.6856;8414.26;79.5849
SE;SUDESTE;2025-06-11;29423.598;90.5288;27859.346;85.716
N;NORTE;2025-06-12;6822.627;63.9487;6436.055;60.3254
NE;NORDESTE;2025-06-12;1783.948;39.3326;1759.638;38.7966
S;SUL;2025-06-12;7638.282;72.2455;7421.291;70.1931
SE;SUDESTE;2025-06-12;29315.702;90.1968;27691.824;85.2006
N;NORTE;2025-06-13;6687.513;62.6823;6160.721;57.7447
NE;NORDESTE;2025-06-13;1766.935;38.9575;1741.195;38.39
S;SUL;2025-06-13;7127.879;67.4179;6923.777;65.4874
SE;SUDESTE;2025-06-13;28815.203;88.6569;26476.379;81.461
N;NORTE;2025-06-14;6562.121;61.507;6131.022;57.4663
NE;NORDESTE;2025-06-14;1773.018;39.0916;1745.748;38.4903
S;SUL;2025-06-14;7040.028;66.587;6797.012;64.2885
SE;SUDESTE;2025-06-14;28179.44;86.7009;25724.206;79.1467
N;NORTE;2025-06-15;6427.778;60.2478;5878.094;55.0956
NE;NORDESTE;2025-06-15;1785.606;39.3691;1761.41;38.8357
S;SUL;2025-06-15;8485.718;80.2608;8081.166;76.4344
SE;SUDESTE;2025-06-15;27627.585;85.0029;24957.026;76.7863
N;NORTE;2025-06-16;6191.043;58.0289;5782.225;54.197
NE;NORDESTE;2025-06-16;1877.881;41.4036;1853.571;40.8676
S;SUL;2025-06-16;9478.995;89.6556;9197.972;86.9976
SE;SUDESTE;2025-06-16;27282.943;83.9426;25883.374;79.6365
N;NORTE;2025-06-17;6008.958;56.3222;5574.637;52.2513
NE;NORDESTE;2025-06-17;1933.516;42.6303;1909.921;42.11
S;SUL;2025-06-17;12432.252;117.5885;11864.694;112.2203
SE;SUDESTE;2025-06-17;26985.764;83.0282;25048.749;77.0685
N;NORTE;2025-06-18;5860.883;54.9343;5301.927;49.6951
NE;NORDESTE;2025-06-18;1914.685;42.2151;1891.805;41.7106
S;SUL;2025-06-18;16784.341;158.752;13266.865;125.4825
SE;SUDESTE;2025-06-18;26701.446;82.1534;25079.412;77.1629
N;NORTE;2025-06-19;5756.954;53.9601;5171.887;48.4763
NE;NORDESTE;2025-06-19;1882.023;41.4949;1859.143;40.9905
S;SUL;2025-06-19;20405.378;193.001;16141.012;152.6672
SE;SUDESTE;2025-06-19;26440.832;81.3516;24736.036;76.1064
N;NORTE;2025-06-20;5613.018;52.611;5091.765;47.7253
NE;NORDESTE;2025-06-20;1848.815;40.7628;1823.79;40.211
S;SUL;2025-06-20;25448.944;240.7048;21379.474;202.2144
SE;SUDESTE;2025-06-20;26109.541;80.3323;24905.199;76.6269
N;NORTE;2025-06-21;5481.787;51.381;4925.614;46.168
NE;NORDESTE;2025-06-21;1825.496;40.2486;1799.935;39.6851
S;SUL;2025-06-21;23100.704;218.4944;20082.931;189.9512
SE;SUDESTE;2025-06-21;25807.147;79.4019;23507.81;72.3275
N;NORTE;2025-06-22;5409.56;50.704;4850.53;45.4642
NE;NORDESTE;2025-06-22;1813.225;39.9781;1803.215;39.7574
S;SUL;2025-06-22;20147.764;190.5644;18436.74;174.381
SE;SUDESTE;2025-06-22;25661.254;78.953;22593.158;69.5133
N;NORTE;2025-06-23;5328.218;49.9416;4785.636;44.8559
NE;NORDESTE;2025-06-23;1809.161;39.8885;1786.996;39.3998
S;SUL;2025-06-23;32866.896;310.8663;26700.368;252.5412
SE;SUDESTE;2025-06-23;25537.317;78.5717;23989.75;73.8103
N;NORTE;2025-06-24;5178.488;48.5381;4803.946;45.0276
NE;NORDESTE;2025-06-24;1816.067;40.0407;1791.757;39.5047
S;SUL;2025-06-24;33250.101;314.4908;26963.532;255.0303
SE;SUDESTE;2025-06-24;25723.872;79.1457;24584.562;75.6403
N;NORTE;2025-06-25;4990.755;46.7785;4752.493;44.5453
NE;NORDESTE;2025-06-25;1822.517;40.1829;1798.922;39.6627
S;SUL;2025-06-25;27563.527;260.7053;21985.323;207.9447
SE;SUDESTE;2025-06-25;25901.742;79.693;23592.162;72.587
N;NORTE;2025-06-26;4788.132;44.8793;4470.172;41.8991
NE;NORDESTE;2025-06-26;1822.146;40.1748;1798.551;39.6545
S;SUL;2025-06-26;27075.96;256.0937;22689.975;214.6095
SE;SUDESTE;2025-06-26;25954.043;79.8539;23531.963;72.4018
N;NORTE;2025-06-27;4671.846;43.7894;4343.117;40.7082
NE;NORDESTE;2025-06-27;1812.239;39.9563;1788.644;39.4361
S;SUL;2025-06-27;30093.251;284.6323;23767.434;224.8005
SE;SUDESTE;2025-06-27;25994.214;79.9775;24558.175;75.5592
N;NORTE;2025-06-28;4537.904;42.5339;4154.288;38.9383
NE;NORDESTE;2025-06-28;1783.864;39.3307;1760.984;38.8263
S;SUL;2025-06-28;33942.193;321.0369;26379.57;249.507
SE;SUDESTE;2025-06-28;26281.165;80.8604;23366.406;71.8924
N;NORTE;2025-06-29;4469.931;41.8968;3863.392;36.2117
NE;NORDESTE;2025-06-29;1752.905;38.6481;1730.025;38.1437
S;SUL;2025-06-29;59027.708;558.3042;36966.035;349.6374
SE;SUDESTE;2025-06-29;26554.954;81.7027;22416.634;68.9702
N;NORTE;2025-06-30;4429.754;41.5202;3883.044;36.3959
NE;NORDESTE;2025-06-30;1729.801;38.1387;1706.206;37.6185
S;SUL;2025-06-30;57041.211;539.5153;36385.921;344.1505
SE;SUDESTE;2025-06-30;26522.234;81.6021;23495.23;72.2888
N;NORTE;2025-07-01;4394.596;83.8407;3984.467;76.0162
NE;NORDESTE;2025-07-01;1718.82;45.916;1691.814;45.1946
S;SUL;2025-07-01;44748.714;408.2266;34641.307;316.0204
SE;SUDESTE;2025-07-01;26374.466;103.2248;24054.677;94.1456
N;NORTE;2025-07-02;4317.757;82.3748;3921.494;74.8148
NE;NORDESTE;2025-07-02;1727.94;46.1597;1703.63;45.5103
S;SUL;2025-07-02;33712.778;307.5497;25743.663;234.8503
SE;SUDESTE;2025-07-02;25916.874;101.4339;23780.746;93.0735
N;NORTE;2025-07-03;4228.079;80.6639;3891.5;74.2426
NE;NORDESTE;2025-07-03;1741.193;46.5137;1716.883;45.8643
S;SUL;2025-07-03;26661.325;243.2218;19117.082;174.3984
SE;SUDESTE;2025-07-03;25354.863;99.2343;23339.327;91.3458
N;NORTE;2025-07-04;4137.554;78.9368;3920.29;74.7918
NE;NORDESTE;2025-07-04;1757.577;46.9514;1731.837;46.2638
S;SUL;2025-07-04;22516.519;205.4102;18483.946;168.6225
SE;SUDESTE;2025-07-04;24762.943;96.9176;22788.805;89.1912
N;NORTE;2025-07-05;4068.736;77.6239;3772.446;71.9712
NE;NORDESTE;2025-07-05;1762.854;47.0923;1737.114;46.4047
S;SUL;2025-07-05;19501.176;177.9023;17112.416;156.1105
SE;SUDESTE;2025-07-05;24257.664;94.94;20983.995;82.1275
N;NORTE;2025-07-06;4014.712;76.5932;3695.468;70.5027
NE;NORDESTE;2025-07-06;1758.694;46.9812;1747.254;46.6756
S;SUL;2025-07-06;17524.95;159.8739;14839.96;135.3797
SE;SUDESTE;2025-07-06;23774.754;93.05;20250.23;79.2557
N;NORTE;2025-07-07;3995.29;76.2227;3627.862;69.2129
NE;NORDESTE;2025-07-07;1759.414;47.0005;1735.819;46.3701
S;SUL;2025-07-07;16096.671;146.8442;13868.322;126.5158
SE;SUDESTE;2025-07-07;23427.783;91.692;20899.302;81.796
N;NORTE;2025-07-08;3938.49;75.1391;3440.067;65.6301
NE;NORDESTE;2025-07-08;1759.046;46.9906;1736.166;46.3794
S;SUL;2025-07-08;14702.952;134.1298;13854.532;126.39
SE;SUDESTE;2025-07-08;23110.69;90.451;21638.034;84.6873
N;NORTE;2025-07-09;3885.368;74.1256;3515.03;67.0602
NE;NORDESTE;2025-07-09;1753.465;46.8415;1730.585;46.2303
S;SUL;2025-07-09;13337.452;121.6728;12988.603;118.4904
SE;SUDESTE;2025-07-09;22731.211;88.9658;21427.287;83.8624
N;NORTE;2025-07-10;3826.092;72.9947;3495.399;66.6857
NE;NORDESTE;2025-07-10;1748.725;46.7149;1723.328;46.0365
S;SUL;2025-07-10;12235.2;111.6174;11472.098;104.6559
SE;SUDESTE;2025-07-10;22319.902;87.356;21054.381;82.403
N;NORTE;2025-07-11;3727.702;71.1176;3370.006;64.2934
NE;NORDESTE;2025-07-11;1744.576;46.6041;1720.881;45.9711
S;SUL;2025-07-11;11328.716;103.3479;10583.693;96.5513
SE;SUDESTE;2025-07-11;21844.019;85.4935;20373.218;79.737
N;NORTE;2025-07-12;3656.27;69.7548;3231.493;61.6509
NE;NORDESTE;2025-07-12;1743.283;46.5695;1719.052;45.9222
S;SUL;2025-07-12;10360.702;94.517;9716.841;88.6433
SE;SUDESTE;2025-07-12;21335.37;83.5027;18066.176;70.7077
N;NORTE;2025-07-13;3590.552;68.5011;3167.247;60.4252
NE;NORDESTE;2025-07-13;1741.141;46.5123;1716.116;45.8438
S;SUL;2025-07-13;9558.928;87.2027;8605.361;78.5037
SE;SUDESTE;2025-07-13;20802.983;81.419;18360.044;71.8578
N;NORTE;2025-07-14;3573.955;68.1844;3105.601;59.2491
NE;NORDESTE;2025-07-14;1740.72;46.5011;1715.695;45.8326
S;SUL;2025-07-14;8795.366;80.237;8254.764;75.3053
SE;SUDESTE;2025-07-14;20371.973;79.7321;19088.679;74.7096
N;NORTE;2025-07-15;3517.375;67.105;3158.336;60.2552
NE;NORDESTE;2025-07-15;1737.115;46.4048;1712.812;45.7555
S;SUL;2025-07-15;8103.727;73.9274;7607.261;69.3983
SE;SUDESTE;2025-07-15;20070.465;78.5521;19069.023;74.6326
N;NORTE;2025-07-16;3455.046;65.9158;3179.78;60.6643
NE;NORDESTE;2025-07-16;1731.596;46.2573;1708.03;45.6278
S;SUL;2025-07-16;7454.156;68.0016;7063.414;64.437
SE;SUDESTE;2025-07-16;19704.92;77.1214;18711.292;73.2325
N;NORTE;2025-07-17;3362.942;64.1587;3036.41;57.9291
NE;NORDESTE;2025-07-17;1725.364;46.0908;1702.005;45.4668
S;SUL;2025-07-17;7161.822;65.3348;6829.178;62.3002
SE;SUDESTE;2025-07-17;19333.442;75.6675;17850.51;69.8636
N;NORTE;2025-07-18;3290.557;62.7777;3011.594;57.4556
NE;NORDESTE;2025-07-18;1720.538;45.9619;1697.579;45.3486
S;SUL;2025-07-18;6783.824;61.8864;6406.896;58.4478
SE;SUDESTE;2025-07-18;18937.031;74.116;17653.006;69.0906
N;NORTE;2025-07-19;3207.773;61.1983;2934.965;55.9937
NE;NORDESTE;2025-07-19;1713.721;45.7798;1695.846;45.3023
S;SUL;2025-07-19;6484.799;59.1585;6121.517;55.8444
SE;SUDESTE;2025-07-19;18615.34;72.857;17158.459;67.155
N;NORTE;2025-07-20;3139.272;59.8915;2796.131;53.345
NE;NORDESTE;2025-07-20;1714.81;45.8089;1693.317;45.2348
S;SUL;2025-07-20;6060.297;55.2859;5666.503;51.6935
SE;SUDESTE;2025-07-20;18367.097;71.8216;16397.434;64.1196
N;NORTE;2025-07-21;3054.688;58.2778;2762.821;52.7095
NE;NORDESTE;2025-07-21;1718.214;45.8998;1697.1;45.3358
S;SUL;2025-07-21;5715.302;52.1387;5400.765;49.2693
SE;SUDESTE;2025-07-21;18120.541;70.8575;17016.042;66.5385
N;NORTE;2025-07-22;3029.196;57.7914;2814.807;53.7013
NE;NORDESTE;2025-07-22;1724.058;46.056;1701.779;45.4608
S;SUL;2025-07-22;5504.503;50.2156;5143.24;46.92
SE;SUDESTE;2025-07-22;17879.195;69.9138;17151.052;67.0665
N;NORTE;2025-07-23;3019.2;57.6007;2792.966;53.2846
NE;NORDESTE;2025-07-23;1727.878;46.158;1707.786;45.6213
S;SUL;2025-07-23;5418.373;49.4299;4873.58;44.4599
SE;SUDESTE;2025-07-23;17652.402;69.0269;16902.782;66.0957
N;NORTE;2025-07-24;3001.029;57.254;2743.921;52.3489
NE;NORDESTE;2025-07-24;1737.101;46.4044;1716.716;45.8598
S;SUL;2025-07-24;5273.426;48.1076;4664.95;42.5567
SE;SUDESTE;2025-07-24;17408.34;68.0726;16593.212;64.8851
N;NORTE;2025-07-25;2931.435;55.9263;2692.039;51.3591
NE;NORDESTE;2025-07-25;1743.206;46.5675;1723.415;46.0388
S;SUL;2025-07-25;5311.07;48.451;4729.718;43.1475
SE;SUDESTE;2025-07-25;17244.221;67.4308;16542.884;64.6883
N;NORTE;2025-07-26;2849.122;54.3559;2618.445;49.9551
NE;NORDESTE;2025-07-26;1743.574;46.5773;1723.876;46.0511
S;SUL;2025-07-26;5381.733;49.0956;4770.552;43.5201
SE;SUDESTE;2025-07-26;17145.434;67.0445;16421.851;64.2151
N;NORTE;2025-07-27;2760.375;52.6628;2536.708;48.3957
NE;NORDESTE;2025-07-27;1740.473;46.4945;1719.931;45.9457
S;SUL;2025-07-27;6533.888;59.6063;5433.635;49.5691
SE;SUDESTE;2025-07-27;17034.582;66.611;15803.332;61.7964
N;NORTE;2025-07-28;2698.545;51.4832;2513.542;47.9537
NE;NORDESTE;2025-07-28;1733.544;46.3094;1714.017;45.7877
S;SUL;2025-07-28;9186.01;83.8007;7537.65;68.7633
SE;SUDESTE;2025-07-28;16968.639;66.3532;16721.77;65.3878
N;NORTE;2025-07-29;2652.679;50.6082;2480.823;47.3295
NE;NORDESTE;2025-07-29;1732.364;46.2778;1714.31;45.7956
S;SUL;2025-07-29;10124.968;92.3665;8501.58;77.5569
SE;SUDESTE;2025-07-29;16908.364;66.1175;16372.275;64.0212
N;NORTE;2025-07-30;2613.091;49.8529;2480.212;47.3178
NE;NORDESTE;2025-07-30;1740.195;46.487;1723.979;46.0539
S;SUL;2025-07-30;9394.129;85.6993;8341.534;76.0969
SE;SUDESTE;2025-07-30;16830.45;65.8128;16171.996;63.238
N;NORTE;2025-07-31;2577.416;49.1723;2404.437;45.8722
NE;NORDESTE;2025-07-31;1761.262;47.0498;1746.662;46.6598
S;SUL;2025-07-31;8060.578;73.5338;7335.897;66.9228
SE;SUDESTE;2025-07-31;16726.894;65.4079;16063.92;62.8154
N;NORTE;2025-08-01;2581.341;81.3376;2428.973;76.5365
NE;NORDESTE;2025-08-01;1753.291;53.6673;1738.927;53.2276
S;SUL;2025-08-01;7085.407;70.9454;6223.389;62.3141
SE;SUDESTE;2025-08-01;16592.647;80.8475;15973.384;77.8302
N;NORTE;2025-08-02;2582.517;81.3746;2456.213;77.3948
NE;NORDESTE;2025-08-02;1697.368;51.9555;1682.732;51.5075
S;SUL;2025-08-02;6435.683;64.4398;5611.753;56.1899
SE;SUDESTE;2025-08-02;16399.485;79.9064;15835.932;77.1605
N;NORTE;2025-08-03;2558.88;80.6298;2315.262;72.9535
NE;NORDESTE;2025-08-03;1650.5;50.5209;1636.264;50.0851
S;SUL;2025-08-03;6932.342;69.4128;5534.212;55.4134
SE;SUDESTE;2025-08-03;16190.236;78.8868;15246.4;74.288
N;NORTE;2025-08-04;2511.314;79.131;2372.507;74.7572
NE;NORDESTE;2025-08-04;1613.003;49.3731;1597.902;48.9109
S;SUL;2025-08-04;10493.718;105.0724;7843.176;78.5328
SE;SUDESTE;2025-08-04;16132.243;78.6042;15853.246;77.2448
N;NORTE;2025-08-05;2466.257;77.7113;2343.371;73.8392
NE;NORDESTE;2025-08-05;1573.569;48.1661;1559.755;47.7432
S;SUL;2025-08-05;11717.879;117.3298;9470.427;94.8263
SE;SUDESTE;2025-08-05;16191.577;78.8933;15857.658;77.2663
N;NORTE;2025-08-06;2417.77;76.1835;2314.163;72.9188
NE;NORDESTE;2025-08-06;1538.321;47.0872;1525.544;46.6961
S;SUL;2025-08-06;11788.952;118.0415;10508.449;105.2199
SE;SUDESTE;2025-08-06;15989.594;77.9092;15580.018;75.9135
N;NORTE;2025-08-07;2399.066;75.5941;2272.028;71.5912
NE;NORDESTE;2025-08-07;1505.349;46.0779;1493.888;45.7271
S;SUL;2025-08-07;11048.198;110.6244;9811.215;98.2386
SE;SUDESTE;2025-08-07;15783.191;76.9035;15300.001;74.5491
N;NORTE;2025-08-08;2443.292;76.9877;2229.484;70.2506
NE;NORDESTE;2025-08-08;1484.349;45.4351;1473.738;45.1103
S;SUL;2025-08-08;10724.078;107.379;8943.044;89.5457
SE;SUDESTE;2025-08-08;15579.857;75.9127;15229.129;74.2038
N;NORTE;2025-08-09;2516.551;79.296;2226.424;70.1542
NE;NORDESTE;2025-08-09;1471.503;45.0419;1458.411;44.6412
S;SUL;2025-08-09;10620.631;106.3432;7928.131;79.3835
SE;SUDESTE;2025-08-09;15455.146;75.3051;14929.796;72.7453
N;NORTE;2025-08-10;2581.27;81.3353;2214.444;69.7767
NE;NORDESTE;2025-08-10;1458.663;44.6489;1445.364;44.2418
S;SUL;2025-08-10;9926.039;99.3883;8550.367;85.6139
SE;SUDESTE;2025-08-10;15297.417;74.5365;14577.251;71.0275
N;NORTE;2025-08-11;2592.908;81.702;2204.458;69.4621
NE;NORDESTE;2025-08-11;1448.14;44.3268;1435.263;43.9326
S;SUL;2025-08-11;8919.471;89.3097;8176.507;81.8704
SE;SUDESTE;2025-08-11;15143.445;73.7863;14593.202;71.1053
N;NORTE;2025-08-12;2553.584;80.4629;2234.569;70.4108
NE;NORDESTE;2025-08-12;1440.611;44.0963;1428.306;43.7197
S;SUL;2025-08-12;7986.417;79.9671;7585.75;75.9553
SE;SUDESTE;2025-08-12;14974.075;72.9611;14511.457;70.707
N;NORTE;2025-08-13;2476.303;78.0278;2164.046;68.1887
NE;NORDESTE;2025-08-13;1436.31;43.9647;1423.347;43.5679
S;SUL;2025-08-13;7243.457;72.5279;6936.512;69.4545
SE;SUDESTE;2025-08-13;14842.716;72.321;14154.092;68.9657
N;NORTE;2025-08-14;2393.556;75.4205;2152.304;67.8187
NE;NORDESTE;2025-08-14;1426.63;43.6684;1413.66;43.2714
S;SUL;2025-08-14;6670.088;66.7868;6357.043;63.6524
SE;SUDESTE;2025-08-14;14737.066;71.8062;14243.6;69.4018
N;NORTE;2025-08-15;2320.155;73.1076;2118.277;66.7465
NE;NORDESTE;2025-08-15;1419.465;43.449;1406.717;43.0588
S;SUL;2025-08-15;6124.494;61.3239;5795.068;58.0254
SE;SUDESTE;2025-08-15;14649.136;71.3778;14035.155;68.3862
N;NORTE;2025-08-16;2284.287;71.9774;2102.239;66.2411
NE;NORDESTE;2025-08-16;1413.945;43.2801;1400.775;42.877
S;SUL;2025-08-16;5695.07;57.0241;5347.509;53.544
SE;SUDESTE;2025-08-16;14511.36;70.7065;13521.82;65.885
N;NORTE;2025-08-17;2256.526;71.1027;1981.967;62.4514
NE;NORDESTE;2025-08-17;1403.123;42.9488;1390.167;42.5523
S;SUL;2025-08-17;5394.902;54.0185;4924.394;49.3074
SE;SUDESTE;2025-08-17;14440.571;70.3616;13163.664;64.1398
N;NORTE;2025-08-18;2213.382;69.7432;2051.024;64.6274
NE;NORDESTE;2025-08-18;1391.817;42.6028;1378.804;42.2044
S;SUL;2025-08-18;5092.138;50.987;4759.88;47.6601
SE;SUDESTE;2025-08-18;14282.256;69.5902;13639.44;66.4581
N;NORTE;2025-08-19;2143.351;67.5366;1904.356;60.0059
NE;NORDESTE;2025-08-19;1377.616;42.1681;1364.817;41.7763
S;SUL;2025-08-19;5126.37;51.3298;4801.723;48.0791
SE;SUDESTE;2025-08-19;14131.922;68.8577;13397.836;65.2809
N;NORTE;2025-08-20;2079.565;65.5267;1934.724;60.9628
NE;NORDESTE;2025-08-20;1363.573;41.7382;1348.708;41.2832
S;SUL;2025-08-20;5435.757;54.4276;5166.841;51.735
SE;SUDESTE;2025-08-20;13907.522;67.7643;13585.528;66.1954
N;NORTE;2025-08-21;2017.261;63.5635;1889.763;59.5461
NE;NORDESTE;2025-08-21;1344.956;41.1684;1330.849;40.7366
S;SUL;2025-08-21;5714.053;57.2142;5433.42;54.4042
SE;SUDESTE;2025-08-21;13745.629;66.9755;13389.302;65.2393
N;NORTE;2025-08-22;1977.389;62.3072;1901.3;59.9096
NE;NORDESTE;2025-08-22;1336.109;40.8976;1322.91;40.4936
S;SUL;2025-08-22;5841.338;58.4887;5515.22;55.2233
SE;SUDESTE;2025-08-22;13556.232;66.0526;13113.102;63.8935
N;NORTE;2025-08-23;1924.908;60.6535;1818.752;57.3085
NE;NORDESTE;2025-08-23;1333.505;40.8179;1320.563;40.4217
S;SUL;2025-08-23;6205.847;62.1384;5712.191;57.1955
SE;SUDESTE;2025-08-23;13387.676;65.2313;12882.102;62.7679
N;NORTE;2025-08-24;1863.361;58.7141;1762.032;55.5213
NE;NORDESTE;2025-08-24;1332.44;40.7853;1318.29;40.3521
S;SUL;2025-08-24;12634.639;126.5092;11889.022;119.0434
SE;SUDESTE;2025-08-24;13220.052;64.4146;12709.36;61.9263
N;NORTE;2025-08-25;1805.683;56.8967;1718.642;54.1541
NE;NORDESTE;2025-08-25;1335.998;40.8942;1320.018;40.405
S;SUL;2025-08-25;21927.981;219.5624;18102.681;181.2601
SE;SUDESTE;2025-08-25;13102.597;63.8423;12554.091;61.1697
N;NORTE;2025-08-26;1769.938;55.7704;1717.071;54.1046
NE;NORDESTE;2025-08-26;1335.161;40.8685;1320.847;40.4304
S;SUL;2025-08-26;24807.21;248.3918;20473.234;204.9962
SE;SUDESTE;2025-08-26;13094.916;63.8049;12504.782;60.9295
N;NORTE;2025-08-27;1751.411;55.1866;1682.704;53.0217
NE;NORDESTE;2025-08-27;1328.466;40.6636;1313.973;40.22
S;SUL;2025-08-27;22917.136;229.4667;19459.569;194.8465
SE;SUDESTE;2025-08-27;13075.475;63.7101;12541.22;61.107
N;NORTE;2025-08-28;1730.252;54.5199;1652.426;52.0676
NE;NORDESTE;2025-08-28;1320.168;40.4096;1306.426;39.989
S;SUL;2025-08-28;19341.396;193.6632;16726.534;167.4809
SE;SUDESTE;2025-08-28;12938.987;63.0451;12457.756;60.7003
N;NORTE;2025-08-29;1709.482;53.8655;1631.337;51.4031
NE;NORDESTE;2025-08-29;1311.652;40.1489;1296.237;39.6771
S;SUL;2025-08-29;16131.485;161.5227;13761.796;137.7953
SE;SUDESTE;2025-08-29;12883.189;62.7732;12482.658;60.8217
N;NORTE;2025-08-30;1678.104;52.8767;1586.455;49.9889
NE;NORDESTE;2025-08-30;1302.575;39.8711;1287.324;39.4043
S;SUL;2025-08-30;13761.361;137.791;10669.599;106.8335
SE;SUDESTE;2025-08-30;12813.388;62.4331;12432.58;60.5776
N;NORTE;2025-08-31;1671.266;52.6613;1562.547;49.2356
NE;NORDESTE;2025-08-31;1293.06;39.5799;1278.367;39.1301
S;SUL;2025-08-31;12189.964;122.0567;9719.092;97.3162
SE;SUDESTE;2025-08-31;12749.038;62.1196;12269.106;59.7811
N;NORTE;2025-09-01;1687.621;74.6667;1473.339;65.1861
NE;NORDESTE;2025-09-01;1287.674;44.0582;1272.995;43.5559
S;SUL;2025-09-01;11120.025;95.2273;9740.35;83.4123
SE;SUDESTE;2025-09-01;12716.419;64.7883;12253.957;62.4322
N;NORTE;2025-09-02;1695.626;75.0209;1539.31;68.1049
NE;NORDESTE;2025-09-02;1281.778;43.8565;1266.691;43.3403
S;SUL;2025-09-02;10154.953;86.9628;9095.624;77.8911
SE;SUDESTE;2025-09-02;12699.151;64.7004;12360.649;62.9757
N;NORTE;2025-09-03;1658.466;73.3768;1523.735;67.4158
NE;NORDESTE;2025-09-03;1275.156;43.6299;1260.52;43.1291
S;SUL;2025-09-03;9494.847;81.3099;8515.059;72.9194
SE;SUDESTE;2025-09-03;12705.456;64.7325;12449.273;63.4273
N;NORTE;2025-09-04;1608.882;71.183;1541.652;68.2085
NE;NORDESTE;2025-09-04;1262.879;43.2098;1248.786;42.7276
S;SUL;2025-09-04;9507.983;81.4224;8715.733;74.6379
SE;SUDESTE;2025-09-04;12606.06;64.2261;12233.839;62.3297
N;NORTE;2025-09-05;1557.249;68.8986;1482.313;65.5831
NE;NORDESTE;2025-09-05;1246.952;42.6649;1233.968;42.2206
S;SUL;2025-09-05;10343.595;88.5782;9390.133;80.4132
SE;SUDESTE;2025-09-05;12476.688;63.5669;12055.731;61.4222
N;NORTE;2025-09-06;1530.362;67.709;1445.844;63.9696
NE;NORDESTE;2025-09-06;1230.385;42.098;1217.293;41.6501
S;SUL;2025-09-06;12075.642;103.4108;10200.199;87.3503
SE;SUDESTE;2025-09-06;12281.126;62.5706;11895.996;60.6084
N;NORTE;2025-09-07;1514.424;67.0039;1424.374;63.0197
NE;NORDESTE;2025-09-07;1222.042;41.8126;1208.257;41.3409
S;SUL;2025-09-07;12477.125;106.8489;9795.806;83.8872
SE;SUDESTE;2025-09-07;12107.233;61.6846;11580.653;59.0018
N;NORTE;2025-09-08;1494.399;66.1179;1414.153;62.5675
NE;NORDESTE;2025-09-08;1220.685;41.7661;1206.657;41.2862
S;SUL;2025-09-08;12574.322;107.6813;10333.634;88.4929
SE;SUDESTE;2025-09-08;11970.605;60.9885;11784.981;60.0428
N;NORTE;2025-09-09;1482.382;65.5862;1422.736;62.9472
NE;NORDESTE;2025-09-09;1224.854;41.9088;1209.338;41.3779
S;SUL;2025-09-09;17245.887;147.6866;9409.292;80.5773
SE;SUDESTE;2025-09-09;11864.981;60.4504;11639.988;59.3041
N;NORTE;2025-09-10;1454.223;64.3403;1382.207;61.1541
NE;NORDESTE;2025-09-10;1232.075;42.1559;1216.438;41.6208
S;SUL;2025-09-10;19045.931;163.1014;8726.547;74.7305
SE;SUDESTE;2025-09-10;11774.23;59.988;11508.162;58.6324
N;NORTE;2025-09-11;1415.125;62.6105;1352.162;59.8248
NE;NORDESTE;2025-09-11;1249.938;42.767;1235.466;42.2719
S;SUL;2025-09-11;16763.197;143.553;10379.728;88.8877
SE;SUDESTE;2025-09-11;11622.872;59.2169;11348.99;57.8215
N;NORTE;2025-09-12;1368.878;60.5644;1308.463;57.8914
NE;NORDESTE;2025-09-12;1276.507;43.6761;1262.35;43.1917
S;SUL;2025-09-12;13869.072;118.769;10915.36;93.4746
SE;SUDESTE;2025-09-12;11539.738;58.7933;11206.825;57.0972
N;NORTE;2025-09-13;1289.304;57.0437;1236.814;54.7213
NE;NORDESTE;2025-09-13;1295.326;44.32;1284.203;43.9394
S;SUL;2025-09-13;11412.546;97.7323;9345.031;80.027
SE;SUDESTE;2025-09-13;11334.473;57.7475;10860.622;55.3333
N;NORTE;2025-09-14;1294.107;57.2562;1254.115;55.4868
NE;NORDESTE;2025-09-14;1307.229;44.7273;1297.276;44.3867
S;SUL;2025-09-14;9926.434;85.0058;8206.078;70.2734
SE;SUDESTE;2025-09-14;11734.477;59.7855;11038.894;56.2416
N;NORTE;2025-09-15;1306.638;57.8106;1283.089;56.7687
NE;NORDESTE;2025-09-15;1326.984;45.4032;1316.299;45.0376
S;SUL;2025-09-15;9046.291;77.4687;7838.56;67.1262
SE;SUDESTE;2025-09-15;11930.287;60.7831;11356.996;57.8623
N;NORTE;2025-09-16;1354.369;59.9224;1344.969;59.5065
NE;NORDESTE;2025-09-16;1304.315;45.0367;1294.828;44.7092
S;SUL;2025-09-16;8523.975;72.9958;7495.164;64.1855
SE;SUDESTE;2025-09-16;11666.482;59.5013;11295.926;57.6114
